query,street_norm,city,zip5,latitude,longitude,source
"104 Rex Kerwin Ct, Pflugerville, TX, 78660",104 Rex Kerwin Ct,Pflugerville,78660,30.443658167688,-97.628710497345,prior
"1625 E 6th St, Austin, TX, 78702",1625 E 6th St,Austin,78702,30.262834841516,-97.726025494524,prior
"1000 E 41st St, Austin, TX, 78751",1000 E 41st St,Austin,78751,30.298710536593,-97.720197949461,prior
"10417 Crumley Ranch Rd, Austin, TX, 78738",10417 Crumley Ranch Rd,Austin,78738,30.266732335004,-98.02105390258,prior
"6929 Airport Blvd Ste 176 #, Austin, TX, 78752",6929 Airport Blvd Ste 176 #,Austin,78752,30.335627185138,-97.717652358945,prior
"11401 Century Oaks Ter Ste 121 #, Austin, TX, 78758",11401 Century Oaks Ter Ste 121 #,Austin,78758,30.400564690062,-97.726633685008,prior
"5301 Duval Rd, Austin, TX, 78727",5301 Duval Rd,Austin,78727,30.417532906159,-97.742206515308,prior
"1308 Picadilly Dr, Pflugerville, TX, 78660",1308 Picadilly Dr,Pflugerville,78660,30.466776669367,-97.644302675818,prior
"6929 Airport Blvd, Austin, TX, 78752",6929 Airport Blvd,Austin,78752,30.335627185138,-97.717652358945,prior
"1700 Montopolis Dr, Austin, TX, 78741",1700 Montopolis Dr,Austin,78741,30.227264270689,-97.702030470259,prior
"14211 W Sh 71, Bee Cave, TX, 78738",14211 W Sh 71,Bee Cave,78738,30.309486673352,-97.963333744026,prior
"1417 E Pfennig Ln, Pflugerville, TX, 78660",1417 E Pfennig Ln,Pflugerville,78660,30.454292835706,-97.610814412518,prior
"1709 E Pflugerville Pkwy, Pflugerville, TX, 78660",1709 E Pflugerville Pkwy,Pflugerville,78660,30.456142717555,-97.606310307769,prior
"105 Rex Kerwin Ct, Pflugerville, TX, 78660",105 Rex Kerwin Ct,Pflugerville,78660,30.443603811067,-97.628593485943,prior
"3311 Esperanza Xing, Austin, TX, 78758",3311 Esperanza Xing,Austin,78758,30.400509976566,-97.72681053687,prior
"5310 Duval Rd, Austin, TX, 78727",5310 Duval Rd,Austin,78727,30.418352070941,-97.743657884894,prior
"821 Gunter St, Austin, TX, 78702",821 Gunter St,Austin,78702,30.259361030684,-97.701511530882,prior
"3700 Adelphi Ln, Austin, TX, 78727",3700 Adelphi Ln,Austin,78727,30.421084943604,-97.714713635911,prior
"5913 La Crosse Ave, Austin, TX, 78739",5913 La Crosse Ave,Austin,78739,30.192229982706,-97.881618594012,prior
"2727 Exposition Blvd, Austin, TX, 78703",2727 Exposition Blvd,Austin,78703,30.303460699949,-97.764298941374,prior
"12413 Tech Ridge Blvd, Austin, TX, 78753",12413 Tech Ridge Blvd,Austin,78753,30.398928545485,-97.669405881735,prior
"1717 E Pflugerville Pkwy, Pflugerville, TX, 78660",1717 E Pflugerville Pkwy,Pflugerville,78660,30.45625184363,-97.605937995248,prior
"1401 Cedar Ave, Austin, TX, 78702",1401 Cedar Ave,Austin,78702,30.27689852169,-97.713371174073,prior
"2424 FM 685, Pflugerville, TX, 78660",2424 FM 685,Pflugerville,78660,30.460804048484,-97.599023916465,prior
"11700 Rock Rose Ave, Austin, TX, 78758",11700 Rock Rose Ave,Austin,78758,30.402759166151,-97.722086270903,prior
"500 E 51st St, Austin, TX, 78751",500 E 51st St,Austin,78751,30.314232555626,-97.719832649113,prior
"1182 N Pleasant Valley Rd, Austin, TX, 78702",1182 N Pleasant Valley Rd,Austin,78702,30.273371962231,-97.71466962817,prior
"2604 W Pecan St, Pflugerville, TX, 78660",2604 W Pecan St,Pflugerville,78660,30.446394203794,-97.645953750654,prior
"6215 N Lamar Blvd, Austin, TX, 78752",6215 N Lamar Blvd,Austin,78752,30.330440392074,-97.723424711813,prior
"4801 Monterey Oaks Blvd, Austin, TX, 78749",4801 Monterey Oaks Blvd,Austin,78749,30.232086315972,-97.840097682281,prior
"7900 E Ben White Blvd, Austin, TX, 78741",7900 E Ben White Blvd,Austin,78741,30.218949832363,-97.691074658427,prior
"10925 Stonelake Blvd, Austin, TX, 78759",10925 Stonelake Blvd,Austin,78759,30.399965129089,-97.735869855532,prior
"6616 McNeil Dr, Austin, TX, 78729",6616 McNeil Dr,Austin,78729,30.438897396664,-97.755894167725,prior
"3001 Palm Way, Austin, TX, 78758",3001 Palm Way,Austin,78758,30.402690193985,-97.719232815315,prior
"3808 Spicewood Springs Rd, Austin, TX, 78759",3808 Spicewood Springs Rd,Austin,78759,30.365058641693,-97.749593497577,prior
"13900 Immanuel Rd, Pflugerville, TX, 78660",13900 Immanuel Rd,Pflugerville,78660,30.405709638974,-97.628418357972,prior
"10019 W Parmer Ln, Austin, TX, 78717",10019 W Parmer Ln,Austin,78717,30.489754055784,-97.772113757377,prior
"6539 N Lamar Blvd, Austin, TX, 78752",6539 N Lamar Blvd,Austin,78752,30.333221646185,-97.721655981026,prior
"6203 N Capital of Texas Highway, Austin, TX, 78731",6203 N Capital of Texas Highway,Austin,78731,30.361412189276,-97.789872030691,prior
"4616 W Howard Ln, Austin, TX, 78728",4616 W Howard Ln,Austin,78728,30.443680693459,-97.707785958741,prior
"7601 Burnet Rd, Austin, TX, 78757",7601 Burnet Rd,Austin,78757,30.352284584312,-97.733119337282,prior
"4412 Medical Pkwy, Austin, TX, 78756",4412 Medical Pkwy,Austin,78756,30.313971856832,-97.742052083284,prior
"907 E Saint Johns Ave, Austin, TX, 78752",907 E Saint Johns Ave,Austin,78752,30.33175268952,-97.701953288674,prior
"4616 W Howard Ln #, Austin, TX, 78728",4616 W Howard Ln #,Austin,78728,30.443680693459,-97.707785958741,prior
"1105 Old Austin Hutto Rd, Pflugerville, TX, 78660",1105 Old Austin Hutto Rd,Pflugerville,78660,30.445189250729,-97.606802994157,prior
"20301 Jackies Ranch Blvd, Pflugerville, TX, 78660",20301 Jackies Ranch Blvd,Pflugerville,78660,30.474978649564,-97.562191442008,prior
"9200 Wall St, Austin, TX, 78754",9200 Wall St,Austin,78754,30.343531209144,-97.669220768378,prior
"2817 Kentish Dr, Austin, TX, 78748",2817 Kentish Dr,Austin,78748,30.188791218664,-97.83159952291,prior
"302 Medical Pkwy, Lakeway, TX, 78738",302 Medical Pkwy,Lakeway,78738,30.331294662143,-97.970662671985,prior
"1931 E Oltorf St, Austin, TX, 78741",1931 E Oltorf St,Austin,78741,30.231208037516,-97.735389637084,prior
"3101 E Pecan St, Pflugerville, TX, 78660",3101 E Pecan St,Pflugerville,78660,30.429024573235,-97.59894340759,prior
"709 W Stassney Ln, Austin, TX, 78745",709 W Stassney Ln,Austin,78745,30.200932735629,-97.769281902397,prior
"8107 Mesa Dr, Austin, TX, 78759",8107 Mesa Dr,Austin,78759,30.371686443853,-97.757099548714,prior
"7020 Easy Wind Dr, Austin, TX, 78752",7020 Easy Wind Dr,Austin,78752,30.338974129311,-97.7186752858,prior
"7410 McNeil Dr, Austin, TX, 78729",7410 McNeil Dr,Austin,78729,30.434936991111,-97.768193234442,prior
"812 Thurmond St, Austin, TX, 78758",812 Thurmond St,Austin,78758,30.353470487125,-97.705736821646,prior
"9910 Stonelake Blvd, Austin, TX, 78759",9910 Stonelake Blvd,Austin,78759,30.390957262418,-97.739613588114,prior
"7200 Elroy Rd, Del Valle, TX, 78617",7200 Elroy Rd,Del Valle,78617,30.156050105034,-97.641080854865,prior
"701 S Capital of Texas Highway, West Lake Hills, TX, 78746",701 S Capital of Texas Highway,West Lake Hills,78746,30.291975185145,-97.828148074585,prior
"3563 Far West Blvd, Austin, TX, 78731",3563 Far West Blvd,Austin,78731,30.35363917202,-97.753899686562,prior
"9215 W Parmer Ln, Austin, TX, 78717",9215 W Parmer Ln,Austin,78717,30.477916053087,-97.765514972732,prior
"14905 Dessau Rd, Pflugerville, TX, 78660",14905 Dessau Rd,Pflugerville,78660,30.421418234712,-97.628299932024,prior
"1701 E Martin Luther King Jr Blvd, Austin, TX, 78702",1701 E Martin Luther King Jr Blvd,Austin,78702,30.279432954776,-97.723102215588,prior
"12544 Riata Vista Cir, Austin, TX, 78727",12544 Riata Vista Cir,Austin,78727,30.430412926173,-97.735204442468,prior
"5607 N Lamar Blvd, Austin, TX, 78751",5607 N Lamar Blvd,Austin,78751,30.324342964139,-97.727283302596,prior
"14014 Thermal Dr, Austin, TX, 78728",14014 Thermal Dr,Austin,78728,30.431391635402,-97.674981041627,prior
"16051 Dessau Rd, Pflugerville, TX, 78660",16051 Dessau Rd,Pflugerville,78660,30.433584039524,-97.61737555703,prior
"700 Delmar Ave, Austin, TX, 78752",700 Delmar Ave,Austin,78752,30.336820075096,-97.703298800558,prior
"1902 E 6th St, Austin, TX, 78702",1902 E 6th St,Austin,78702,30.261716109748,-97.722398067481,prior
"2900 N Quinlan Park Rd, Austin, TX, 78732",2900 N Quinlan Park Rd,Austin,78732,30.36876565427,-97.893039605014,prior
"3300 Bee Caves Rd, West Lake Hills, TX, 78746",3300 Bee Caves Rd,West Lake Hills,78746,30.274473783156,-97.800434431365,prior
"500 Canyon Ridge Dr, Austin, TX, 78753",500 Canyon Ridge Dr,Austin,78753,30.40320422205,-97.67457615132,prior
"4613 Bee Caves Rd, West Lake Hills, TX, 78746",4613 Bee Caves Rd,West Lake Hills,78746,30.285871564085,-97.812617573805,prior
"901 W Braker Ln, Austin, TX, 78758",901 W Braker Ln,Austin,78758,30.381960004297,-97.686593590168,prior
"10936 Stonelake Blvd, Austin, TX, 78759",10936 Stonelake Blvd,Austin,78759,30.399157899028,-97.733661939338,prior
"10201 Stonelake Blvd, Austin, TX, 78759",10201 Stonelake Blvd,Austin,78759,30.392732499885,-97.739453966121,prior
"5625 West Gate Blvd, Austin, TX, 78745",5625 West Gate Blvd,Austin,78745,30.219685233817,-97.806746095531,prior
"9701 Stonelake Blvd, Austin, TX, 78759",9701 Stonelake Blvd,Austin,78759,30.387306672425,-97.738009745397,prior
"5720 McNeil Dr, Austin, TX, 78729",5720 McNeil Dr,Austin,78729,30.447907671232,-97.729795603875,prior
"3901 Spicewood Springs Rd, Austin, TX, 78759",3901 Spicewood Springs Rd,Austin,78759,30.36606186002,-97.751762385929,prior
"12801 Hill Country Blvd, Bee Cave, TX, 78738",12801 Hill Country Blvd,Bee Cave,78738,30.308699431842,-97.939835247299,prior
"1600 Chicon St, Austin, TX, 78702",1600 Chicon St,Austin,78702,30.276840715396,-97.720625957199,prior
"1045 Norwood Park Blvd, Austin, TX, 78753",1045 Norwood Park Blvd,Austin,78753,30.338440696999,-97.692586862497,prior
"6600 E Ben White Blvd, Austin, TX, 78741",6600 E Ben White Blvd,Austin,78741,30.212746089736,-97.711499582497,prior
"7404 McNeil Dr, Austin, TX, 78729",7404 McNeil Dr,Austin,78729,30.434957316942,-97.76812661088,prior
"2613 Rogers Ave, Austin, TX, 78722",2613 Rogers Ave,Austin,78722,30.282880845553,-97.714837861163,prior
"3518 S FM 973 Rd, Austin, TX, 78617",3518 S FM 973 Rd,Austin,78617,30.198785094942,-97.641766424749,prior
"2715 E 5th St, Austin, TX, 78702",2715 E 5th St,Austin,78702,30.256723508875,-97.711573393635,prior
"1617 N I-35 Service Rd, Austin, TX, 78702",1617 N I-35 Service Rd,Austin,78702,30.276219185669,-97.730297391107,prior
"1625 E Parmer Ln, Austin, TX, 78753",1625 E Parmer Ln,Austin,78753,30.387825522967,-97.650378426972,prior
"9700 Stonelake Blvd, Austin, TX, 78759",9700 Stonelake Blvd,Austin,78759,30.387331471689,-97.738299578907,prior
"7010 Easy Wind Dr, Austin, TX, 78752",7010 Easy Wind Dr,Austin,78752,30.339260793009,-97.718501778816,prior
"1710 W Parmer Ln, Austin, TX, 78727",1710 W Parmer Ln,Austin,78727,30.412474764441,-97.688729066206,prior
"2200 Manor Rd, Austin, TX, 78722",2200 Manor Rd,Austin,78722,30.284324406696,-97.719182054728,prior
"1014 N Lamar Blvd, Austin, TX, 78703",1014 N Lamar Blvd,Austin,78703,30.275208424921,-97.752256419933,prior
"13875 Bee Cave Pkwy, Bee Cave, TX, 78738",13875 Bee Cave Pkwy,Bee Cave,78738,30.313200375994,-97.957507437178,prior
"4807 Airport Blvd, Austin, TX, 78751",4807 Airport Blvd,Austin,78751,30.308439057941,-97.71556316867,prior
"73 San Marcos St, Austin, TX, 78702",73 San Marcos St,Austin,78702,30.258749586732,-97.735407146715,prior
"8143 Mesa Dr, Austin, TX, 78759",8143 Mesa Dr,Austin,78759,30.372188418786,-97.756835681692,prior
"315 Congress Ave, Austin, TX, 78701",315 Congress Ave,Austin,78701,30.265415226667,-97.743728689944,prior
"106 E 6th St, Austin, TX, 78701",106 E 6th St,Austin,78701,30.268080760219,-97.742654608599,prior
"1701 W Ben White Blvd, Austin, TX, 78704",1701 W Ben White Blvd,Austin,78704,30.227934544291,-97.785063267956,prior
"3901 Shoal Creek Blvd, Austin, TX, 78756",3901 Shoal Creek Blvd,Austin,78756,30.310157983524,-97.748455225704,prior
"1211 E Oltorf St, Austin, TX, 78704",1211 E Oltorf St,Austin,78704,30.234540554762,-97.743598514071,prior
"14016 N FM 620 Rd, Austin, TX, 78717",14016 N FM 620 Rd,Austin,78717,30.47502784197,-97.767674679427,prior
"300 E Huntland Dr, Austin, TX, 78752",300 E Huntland Dr,Austin,78752,30.330846436299,-97.710832037438,prior
"5100 Pleasanton Pkwy, Pflugerville, TX, 78660",5100 Pleasanton Pkwy,Pflugerville,78660,30.427073526111,-97.57430672802,prior
"13212 N Lamar Blvd, Austin, TX, 78753",13212 N Lamar Blvd,Austin,78753,30.417340140391,-97.675856048266,prior
"1607 Pennsylvania Ave, Austin, TX, 78702",1607 Pennsylvania Ave,Austin,78702,30.27123282923,-97.72258490844,prior
"9222 W Parmer Ln, Austin, TX, 78717",9222 W Parmer Ln,Austin,78717,30.478150668203,-97.765471774271,prior
"4211 Spicewood Springs Rd, Austin, TX, 78759",4211 Spicewood Springs Rd,Austin,78759,30.370734894685,-97.755763411414,prior
"1010 Turtle Creek Blvd, Austin, TX, 78745",1010 Turtle Creek Blvd,Austin,78745,30.205170234972,-97.789385932827,prior
"500 Mairo St, Austin, TX, 78748",500 Mairo St,Austin,78748,30.180440922647,-97.791069051211,prior
"2215 Kelly Ln, Pflugerville, TX, 78660",2215 Kelly Ln,Pflugerville,78660,30.468492604305,-97.586729576047,prior
"614 E Koenig Ln, Austin, TX, 78751",614 E Koenig Ln,Austin,78751,30.320651550573,-97.715751628557,prior
"5001 Airport Blvd, Austin, TX, 78751",5001 Airport Blvd,Austin,78751,30.311148054787,-97.715347163995,prior
"8127 Mesa Dr Ste 204 #, Austin, TX, 78759",8127 Mesa Dr Ste 204 #,Austin,78759,30.371966957622,-97.756965317502,prior
"200 Congress Ave, Austin, TX, 78701",200 Congress Ave,Austin,78701,30.264393379781,-97.744239306031,prior
"1601 Haskell St, Austin, TX, 78702",1601 Haskell St,Austin,78702,30.253942092548,-97.730690519583,prior
"6801 Airport BLVD, Austin, TX, 78752",6801 Airport BLVD,Austin,78752,30.334084478388,-97.716860419167,prior
"6700 Middle Fiskville Rd, Austin, TX, 78752",6700 Middle Fiskville Rd,Austin,78752,30.328743396077,-97.706862470584,prior
"10704 Bradshaw Rd, Austin, TX, 78747",10704 Bradshaw Rd,Austin,78747,30.136326531116,-97.774648855099,prior
"11031 S I-35 Service Rd, Austin, TX, 78747",11031 S I-35 Service Rd,Austin,78747,30.374392090896,-97.677308084774,prior
"2015 W Parmer Ln, Austin, TX, 78727",2015 W Parmer Ln,Austin,78727,30.415202601451,-97.694938163208,prior
"1700 E Slaughter Ln, Austin, TX, 78747",1700 E Slaughter Ln,Austin,78747,30.157428449815,-97.775193161671,prior
"9313 Pearson Ranch Rd, Austin, TX, 78717",9313 Pearson Ranch Rd,Austin,78717,30.501352583316,-97.751099790956,prior
"4715 Ross Rd, Del Valle, TX, 78617",4715 Ross Rd,Del Valle,78617,30.185022382587,-97.609407965578,prior
"5601 Menchaca Rd, Austin, TX, 78745",5601 Menchaca Rd,Austin,78745,30.215281659925,-97.797754733693,prior
"11601 Olson Dr, Austin, TX, 78750",11601 Olson Dr,Austin,78750,30.445495576459,-97.80478949809,prior
"7211 Burnet Rd, Austin, TX, 78757",7211 Burnet Rd,Austin,78757,30.34776093364,-97.735977786943,prior
"11801 Tanglebriar Trl, Austin, TX, 78750",11801 Tanglebriar Trl,Austin,78750,30.456976357858,-97.821380508088,prior
"1505 Town Creek Dr, Austin, TX, 78741",1505 Town Creek Dr,Austin,78741,30.241619041902,-97.72719409826,prior
"4900 McKinney Falls Pkwy, Austin, TX, 78744",4900 McKinney Falls Pkwy,Austin,78744,30.190133995163,-97.710222588495,prior
"4525 S I-35, Austin, TX, 78744",4525 S I-35,Austin,78744,30.206225479334,-97.757177975519,prior
"5301 Ross Rd, Del Valle, TX, 78617",5301 Ross Rd,Del Valle,78617,30.178219272974,-97.61519984697,prior
"3704 Kerbey Ln, Austin, TX, 78731",3704 Kerbey Ln,Austin,78731,30.308061852567,-97.750301447972,prior
"1201 Lavaca St, Austin, TX, 78701",1201 Lavaca St,Austin,78701,30.274565164947,-97.742946630803,prior
"1601 W 38th St, Austin, TX, 78731",1601 W 38th St,Austin,78731,30.308692562659,-97.749894084815,prior
"6111 FM 969 Rd, Austin, TX, 78724",6111 FM 969 Rd,Austin,78724,30.285248196052,-97.663358605185,prior
"4005 Market St, Bee Cave, TX, 78738",4005 Market St,Bee Cave,78738,30.307593691013,-97.937057361855,prior
"10001 W Parmer Ln, Austin, TX, 78717",10001 W Parmer Ln,Austin,78717,30.489477952544,-97.772002361278,prior
"3100 S Congress Ave, Austin, TX, 78704",3100 S Congress Ave,Austin,78704,30.23172895825,-97.758982686038,prior
"2107 Boca Raton Dr, Austin, TX, 78747",2107 Boca Raton Dr,Austin,78747,30.139331009119,-97.79488871707,prior
"10610 Salt Mill Holw, Austin, TX, 78750",10610 Salt Mill Holw,Austin,78750,30.453688757498,-97.805261325981,prior
"5604 FM 1327, Creedmoor, TX, 78610",5604 FM 1327,Creedmoor,78610,30.088820482962,-97.722679889095,prior
"7811 S 1st St, Austin, TX, 78745",7811 S 1st St,Austin,78745,30.184598560863,-97.792057170925,prior
"1239 E 51st St, Austin, TX, 78723",1239 E 51st St,Austin,78723,30.307830570258,-97.707311807612,prior
"6500 Saint Stephens Dr, Austin, TX, 78746",6500 Saint Stephens Dr,Austin,78746,30.329850830607,-97.818184577733,prior
"5908 Manor Rd, Austin, TX, 78723",5908 Manor Rd,Austin,78723,30.30662011911,-97.680057138928,prior
"6511 S I-35, Austin, TX, 78744",6511 S I-35,Austin,78744,30.19112860294,-97.769288780092,prior
"120 W Oltorf St, Austin, TX, 78704",120 W Oltorf St,Austin,78704,30.239435265218,-97.75443643168,prior
"2010 Alameda Dr, Austin, TX, 78704",2010 Alameda Dr,Austin,78704,30.241289993168,-97.745626030637,prior
"1202 FM 685, Pflugerville, TX, 78660",1202 FM 685,Pflugerville,78660,30.446061457659,-97.607899253284,prior
"4401 Freidrich Ln Ste 301 #, Austin, TX, 78744",4401 Freidrich Ln Ste 301 #,Austin,78744,30.20936532306,-97.749949893306,prior
"3713 Tudor Blvd, Austin, TX, 78759",3713 Tudor Blvd,Austin,78759,30.384476658071,-97.738597262162,prior
"2337 E Cesar Chavez St, Austin, TX, 78702",2337 E Cesar Chavez St,Austin,78702,30.255009641698,-97.718752353298,prior
"702 Cedar Ridge Dr, Pflugerville, TX, 78660",702 Cedar Ridge Dr,Pflugerville,78660,30.441241790837,-97.612935787274,prior
"401 FM 685, Pflugerville, TX, 78660",401 FM 685,Pflugerville,78660,30.439146370124,-97.612230415247,prior
"7612 Bluff Springs Rd, Austin, TX, 78744",7612 Bluff Springs Rd,Austin,78744,30.17505939315,-97.76948693554,prior
"2228 E Cesar Chavez St, Austin, TX, 78702",2228 E Cesar Chavez St,Austin,78702,30.25568554463,-97.720249333543,prior
"1601 Guadalupe St, Austin, TX, 78701",1601 Guadalupe St,Austin,78701,30.278903438665,-97.742519293146,prior
"15010 FM 1825, Pflugerville, TX, 78660",15010 FM 1825,Pflugerville,78660,30.442158537731,-97.66589653288,prior
"11601 W US 290 Highway, Austin, TX, 78737",11601 W US 290 Highway,Austin,78737,30.214228759214,-97.965778748773,prior
"12900 Tierra Grande Trl, Austin, TX, 78732",12900 Tierra Grande Trl,Austin,78732,30.343615071506,-97.915619436884,prior
"11908 N Lamar Blvd, Austin, TX, 78753",11908 N Lamar Blvd,Austin,78753,30.389553814255,-97.682886972503,prior
"12400 Mellow Meadow Dr, Austin, TX, 78750",12400 Mellow Meadow Dr,Austin,78750,30.456929955742,-97.797006795453,prior
"1000 E 41ST ST, Austin, TX, 78751",1000 E 41ST ST,Austin,78751,30.298710536593,-97.720197949461,prior
"807 Camino La Costa, Austin, TX, 78752",807 Camino La Costa,Austin,78752,30.329223185472,-97.705029525278,prior
"5501 N Lamar Blvd Ste C101 #, Austin, TX, 78751",5501 N Lamar Blvd Ste C101 #,Austin,78751,30.323240347568,-97.727986220693,prior
"15002 FM 1825, Pflugerville, TX, 78660",15002 FM 1825,Pflugerville,78660,30.442086077394,-97.665940009085,prior
"4001 N Quinlan Park Rd, Austin, TX, 78732",4001 N Quinlan Park Rd,Austin,78732,30.377632025349,-97.884811138209,prior
"7525 Burnet Rd, Austin, TX, 78757",7525 Burnet Rd,Austin,78757,30.350955657301,-97.734001347102,prior
"301 W 17th St, Austin, TX, 78701",301 W 17th St,Austin,78701,30.279429599972,-97.741285003399,prior
"1606 W Stassney Ln, Austin, TX, 78745",1606 W Stassney Ln,Austin,78745,30.213145298172,-97.792628104727,prior
"1701 W Parmer Ln, Austin, TX, 78727",1701 W Parmer Ln,Austin,78727,30.412575001523,-97.689597387958,prior
"801 E William Cannon Dr, Austin, TX, 78745",801 E William Cannon Dr,Austin,78745,30.191066692377,-97.772534681011,prior
"6500 Sitio del Rio Blvd, Austin, TX, 78730",6500 Sitio del Rio Blvd,Austin,78730,30.390269437589,-97.845620091577,prior
"609 Congress Ave, Austin, TX, 78701",609 Congress Ave,Austin,78701,30.268166937851,-97.742705614864,prior
"1612 Lavaca St, Austin, TX, 78701",1612 Lavaca St,Austin,78701,30.278729780359,-97.741546929141,prior
"2200 Berkeley Ave, Austin, TX, 78745",2200 Berkeley Ave,Austin,78745,30.209267705673,-97.805530050231,prior
"4103 W Slaughter Ln, Austin, TX, 78749",4103 W Slaughter Ln,Austin,78749,30.189085305358,-97.856938104584,prior
"10805 School House Ln, Austin, TX, 78750",10805 School House Ln,Austin,78750,30.457845715674,-97.804930716904,prior
"14650 Merriltown Rd, Austin, TX, 78728",14650 Merriltown Rd,Austin,78728,30.445901538022,-97.687110568575,prior
"2101 Faro Dr, Austin, TX, 78741",2101 Faro Dr,Austin,78741,30.228514839155,-97.713192512762,prior
"713 E Huntland Dr, Austin, TX, 78752",713 E Huntland Dr,Austin,78752,30.330401632037,-97.707007018606,prior
"11104 Oak View Dr, Austin, TX, 78759",11104 Oak View Dr,Austin,78759,30.418909056309,-97.768216182082,prior
"8403 Mesa Dr, Austin, TX, 78759",8403 Mesa Dr,Austin,78759,30.375411634151,-97.754708580327,prior
"200 E 6th St, Austin, TX, 78701",200 E 6th St,Austin,78701,30.267716626845,-97.741371917026,prior
"6205 N Lamar Blvd, Austin, TX, 78752",6205 N Lamar Blvd,Austin,78752,30.330382268984,-97.723462136394,prior
"11211 Tom Adams Dr, Austin, TX, 78753",11211 Tom Adams Dr,Austin,78753,30.373536526455,-97.669082272167,prior
"201 E Mary St, Austin, TX, 78704",201 E Mary St,Austin,78704,30.244763614798,-97.750104089123,prior
"310 E 6th St, Austin, TX, 78701",310 E 6th St,Austin,78701,30.267396136641,-97.74019661917,prior
"2011 W Rundberg Ln, Austin, TX, 78758",2011 W Rundberg Ln,Austin,78758,30.372369537152,-97.716739542106,prior
"12000 Shadowglen Trce, Manor, TX, 78653",12000 Shadowglen Trce,Manor,78653,30.364185183598,-97.541529574419,prior
"12601 Hill Country Blvd, Bee Cave, TX, 78738",12601 Hill Country Blvd,Bee Cave,78738,30.307673137434,-97.937162118775,prior
"1438 E Yager Ln, Austin, TX, 78753",1438 E Yager Ln,Austin,78753,30.387607568524,-97.652078611643,prior
"411 E 43rd St, Austin, TX, 78751",411 E 43rd St,Austin,78751,30.304961672301,-97.726913360625,prior
"6809 Bill Hughes Rd, Austin, TX, 78745",6809 Bill Hughes Rd,Austin,78745,30.194575848727,-97.785616739706,prior
"11300 Samsung Blvd, Austin, TX, 78754",11300 Samsung Blvd,Austin,78754,30.361530694477,-97.639327464523,prior
"3000 Jones Rd, Sunset Valley, TX, 78745",3000 Jones Rd,Sunset Valley,78745,30.22686095137,-97.806383106074,prior
"604 Brazos St, Austin, TX, 78701",604 Brazos St,Austin,78701,30.26778429723,-97.741485145386,prior
"306 E 6th St, Austin, TX, 78701",306 E 6th St,Austin,78701,30.267407773435,-97.740233953878,prior
"13414 Broadmeade Ave, Austin, TX, 78729",13414 Broadmeade Ave,Austin,78729,30.469872979965,-97.780490467766,prior
"3700 Convict Hill Rd, Austin, TX, 78749",3700 Convict Hill Rd,Austin,78749,30.211560689444,-97.834846694736,prior
"9700 McNeil Dr, Austin, TX, 78750",9700 McNeil Dr,Austin,78750,30.395015010413,-97.831160751947,prior
"6718 Middle Fiskville Rd, Austin, TX, 78752",6718 Middle Fiskville Rd,Austin,78752,30.328853269983,-97.706791217203,prior
"218 W 4th St, Austin, TX, 78701",218 W 4th St,Austin,78701,30.266693831776,-97.745024829311,prior
"3709 Promontory Point Dr Ste 212 #, Austin, TX, 78744",3709 Promontory Point Dr Ste 212 #,Austin,78744,30.210074553181,-97.727116814441,prior
"4515 Airport Blvd, Austin, TX, 78751",4515 Airport Blvd,Austin,78751,30.303837975031,-97.715902976657,prior
"12200 Meridian Park Blvd, Austin, TX, 78739",12200 Meridian Park Blvd,Austin,78739,30.185344169456,-97.921979600617,prior
"5106 Village Square Dr, Austin, TX, 78744",5106 Village Square Dr,Austin,78744,30.188216632343,-97.744219304129,prior
"2800 Metcalfe Rd, Austin, TX, 78741",2800 Metcalfe Rd,Austin,78741,30.226207115189,-97.736806655945,prior
"11300 Farrah, Austin, TX, 78748",11300 Farrah,Austin,78748,30.141864164148,-97.799676157017,prior
"701 Brazos St, Austin, TX, 78701",701 Brazos St,Austin,78701,30.268643803212,-97.741025524396,prior
"810 Red River St, Austin, TX, 78701",810 Red River St,Austin,78701,30.268485952772,-97.736501528085,prior
"2800 Sauls Dr, Austin, TX, 78728",2800 Sauls Dr,Austin,78728,30.455398173478,-97.679387502489,prior
"5201 Airport Blvd, Austin, TX, 78751",5201 Airport Blvd,Austin,78751,30.313113014409,-97.715170619575,prior
"12900 Dessau Rd, Austin, TX, 78754",12900 Dessau Rd,Austin,78754,30.398737869216,-97.6418410376,prior
"1501 Dessau Ridge Ln, Austin, TX, 78754",1501 Dessau Ridge Ln,Austin,78754,30.401061386663,-97.642674018319,prior
"11800 Stonehollow Dr, Austin, TX, 78758",11800 Stonehollow Dr,Austin,78758,30.399004416734,-97.709265715788,prior
"1511 Cripple Creek Dr, Austin, TX, 78758",1511 Cripple Creek Dr,Austin,78758,30.377654430395,-97.703871442592,prior
"8601 Tallwood Dr, Austin, TX, 78759",8601 Tallwood Dr,Austin,78759,30.377230415069,-97.749104359827,prior
"6405 S I-35, Austin, TX, 78744",6405 S I-35,Austin,78744,30.191741842378,-97.768790523031,prior
"1303 S Congress Ave, Austin, TX, 78704",1303 S Congress Ave,Austin,78704,30.25102621613,-97.749069039972,prior
"5214 Duval Rd, Austin, TX, 78727",5214 Duval Rd,Austin,78727,30.417499448212,-97.741862216537,prior
"4607 Bolm Rd, Austin, TX, 78702",4607 Bolm Rd,Austin,78702,30.261196072479,-97.698186445834,prior
"3400 Crispin Hall Ln, Pflugerville, TX, 78660",3400 Crispin Hall Ln,Pflugerville,78660,30.466316299575,-97.569003280861,prior
"10001 David Moore Dr, Austin, TX, 78748",10001 David Moore Dr,Austin,78748,30.165646801751,-97.813953423577,prior
"8141 Mesa Dr, Austin, TX, 78759",8141 Mesa Dr,Austin,78759,30.372160736141,-97.756851886168,prior
"5110 Ross Rd, Del Valle, TX, 78617",5110 Ross Rd,Del Valle,78617,30.18491261753,-97.609565431581,prior
"5310 Burnet Rd, Austin, TX, 78756",5310 Burnet Rd,Austin,78756,30.326642211402,-97.739732510263,prior
"5400 Burnet Rd, Austin, TX, 78756",5400 Burnet Rd,Austin,78756,30.328132072692,-97.739810049486,prior
"5401 Burnet Rd, Austin, TX, 78756",5401 Burnet Rd,Austin,78756,30.328137914557,-97.739677462325,prior
"110 Jacob Fontaine Ln, Austin, TX, 78752",110 Jacob Fontaine Ln,Austin,78752,30.325402916593,-97.714790835518,prior
"5353 Burnet Rd, Austin, TX, 78756",5353 Burnet Rd,Austin,78756,30.327843661561,-97.739674998322,prior
"1041 E Wells Branch Pkwy, Pflugerville, TX, 78660",1041 E Wells Branch Pkwy,Pflugerville,78660,30.436933014444,-97.657273918134,prior
"8127 Mesa Dr #, Austin, TX, 78759",8127 Mesa Dr #,Austin,78759,30.371966957622,-97.756965317502,prior
"3400 E Howard Ln, Manor, TX, 78653",3400 E Howard Ln,Manor,78653,30.388318815709,-97.620220013806,prior
"9400 Texas Oaks Dr, Austin, TX, 78748",9400 Texas Oaks Dr,Austin,78748,30.174720023464,-97.814506255846,prior
"4602 E Stassney Ln, Austin, TX, 78744",4602 E Stassney Ln,Austin,78744,30.193985959893,-97.745959119726,prior
"3800 S 2nd St, Austin, TX, 78704",3800 S 2nd St,Austin,78704,30.22935858222,-97.77092161503,prior
"5200 Ross Rd, Del Valle, TX, 78617",5200 Ross Rd,Del Valle,78617,30.182261488204,-97.612374039577,prior
"3573 Far West Blvd, Austin, TX, 78731",3573 Far West Blvd,Austin,78731,30.353802110552,-97.754235747235,prior
"5811 Manor Rd, Austin, TX, 78723",5811 Manor Rd,Austin,78723,30.305603964325,-97.680568304931,prior
"6000 Middle Fiskville Rd, Austin, TX, 78752",6000 Middle Fiskville Rd,Austin,78752,30.322602488168,-97.710750945885,prior
"8108 Mesa Dr, Austin, TX, 78759",8108 Mesa Dr,Austin,78759,30.371755685652,-97.757211316127,prior
"13000 Harris Ridge Blvd, Austin, TX, 78753",13000 Harris Ridge Blvd,Austin,78753,30.402514506514,-97.657372002725,prior
"8004 Cameron Rd, Austin, TX, 78754",8004 Cameron Rd,Austin,78754,30.334627990451,-97.685147440539,prior
"4400 Franklin Park Dr, Austin, TX, 78744",4400 Franklin Park Dr,Austin,78744,30.199310931599,-97.744767026668,prior
"5105 E Stassney Ln, Austin, TX, 78744",5105 E Stassney Ln,Austin,78744,30.193433102617,-97.7396407234,prior
"5600 Sunshine Dr, Austin, TX, 78756",5600 Sunshine Dr,Austin,78756,30.325453049034,-97.729729846018,prior
"5100 Pecan Brook Dr, Austin, TX, 78724",5100 Pecan Brook Dr,Austin,78724,30.316800549906,-97.658303872024,prior
"8901 Business Park Dr, Austin, TX, 78759",8901 Business Park Dr,Austin,78759,30.378861379942,-97.741126666004,prior
"6808 N Lamar Blvd #, Austin, TX, 78752",6808 N Lamar Blvd #,Austin,78752,30.335645198326,-97.720265198082,prior
"6801 AIRPORT BLVD, Austin, TX, 78752",6801 AIRPORT BLVD,Austin,78752,30.334084478388,-97.716860419167,prior
"603 N Lamar Blvd, Austin, TX, 78703",603 N Lamar Blvd,Austin,78703,30.271585458479,-97.753870153067,prior
"12200 FM 969 Rd, Austin, TX, 78724",12200 FM 969 Rd,Austin,78724,30.254531861159,-97.60626516619,prior
"500 Park Blvd, Austin, TX, 78751",500 Park Blvd,Austin,78751,30.303918101873,-97.726496996951,prior
"6405 Circle S Rd, Austin, TX, 78745",6405 Circle S Rd,Austin,78745,30.195141624632,-97.776926350022,prior
"600 N Lamar Blvd, Austin, TX, 78703",600 N Lamar Blvd,Austin,78703,30.271614976785,-97.75399983192,prior
"12901 N Interstate 35, Austin, TX, 78753",12901 N Interstate 35,Austin,78753,30.418067428429,-97.672321558322,prior
"1616 E Oltorf St, Austin, TX, 78741",1616 E Oltorf St,Austin,78741,30.23326500973,-97.739135213594,prior
"15822 Foothill Farms Loop, Pflugerville, TX, 78660",15822 Foothill Farms Loop,Pflugerville,78660,30.44776622102,-97.652194443577,prior
"8104 Mesa Dr, Austin, TX, 78759",8104 Mesa Dr,Austin,78759,30.371697602292,-97.757236536536,prior
"1945 E Oltorf St, Austin, TX, 78741",1945 E Oltorf St,Austin,78741,30.231041436563,-97.735075859525,prior
"3203 Red River St, Austin, TX, 78705",3203 Red River St,Austin,78705,30.291102173382,-97.727060897601,prior
"626 N Lamar Blvd, Austin, TX, 78703",626 N Lamar Blvd,Austin,78703,30.271816224891,-97.753900334249,prior
"5200 Freidrich Ln, Austin, TX, 78744",5200 Freidrich Ln,Austin,78744,30.202239160769,-97.754678963547,prior
"2451 S Capital of Texas Highway, Austin, TX, 78746",2451 S Capital of Texas Highway,Austin,78746,30.263244169157,-97.816139396033,prior
"1908 W Ben White Blvd, Austin, TX, 78704",1908 W Ben White Blvd,Austin,78704,30.230160234815,-97.787520616471,prior
"5409 Ponciana Dr, Austin, TX, 78744",5409 Ponciana Dr,Austin,78744,30.198344849908,-97.755312289259,prior
"3400 Comsouth Dr, Austin, TX, 78744",3400 Comsouth Dr,Austin,78744,30.212845531084,-97.719496427389,prior
"1112 N Lamar Blvd, Austin, TX, 78703",1112 N Lamar Blvd,Austin,78703,30.276134664989,-97.751818359798,prior
"1014 W 6th St, Austin, TX, 78703",1014 W 6th St,Austin,78703,30.271666918254,-97.75412377596,prior
"2241 S I-35, Austin, TX, 78741",2241 S I-35,Austin,78741,30.234223761938,-97.740107522794,prior
"12221 Riata Trace Pkwy, Austin, TX, 78727",12221 Riata Trace Pkwy,Austin,78727,30.429029565233,-97.749955653477,prior
"440 E Saint Elmo Rd, Austin, TX, 78745",440 E Saint Elmo Rd,Austin,78745,30.215433927427,-97.762749009545,prior
"15803 Windermere Dr, Pflugerville, TX, 78660",15803 Windermere Dr,Pflugerville,78660,30.446063830474,-97.648213297255,prior
"12331 Riata Trace Pkwy, Austin, TX, 78727",12331 Riata Trace Pkwy,Austin,78727,30.428523155336,-97.741908099377,prior
"401 W 2nd St, Austin, TX, 78701",401 W 2nd St,Austin,78701,30.265248565777,-97.747757794228,prior
"4401 Spicewood Springs Rd, Austin, TX, 78759",4401 Spicewood Springs Rd,Austin,78759,30.372881197506,-97.75859686369,prior
"4410 E Riverside Dr, Austin, TX, 78741",4410 E Riverside Dr,Austin,78741,30.23377606567,-97.72226698918,prior
"2501 W Parmer Ln, Austin, TX, 78727",2501 W Parmer Ln,Austin,78727,30.418338755814,-97.701317796019,prior
"909 N Lamar Blvd, Austin, TX, 78703",909 N Lamar Blvd,Austin,78703,30.274061555472,-97.752649689716,prior
"7414 Burnet Rd, Austin, TX, 78757",7414 Burnet Rd,Austin,78757,30.349720344633,-97.734887838782,prior
"2108 Barton Hills Dr, Austin, TX, 78704",2108 Barton Hills Dr,Austin,78704,30.253413651725,-97.783517850684,prior
"2113 W Wells Branch, Austin, TX, 78728",2113 W Wells Branch,Austin,78728,30.43637453421,-97.683838000503,prior
"600 W Saint Elmo Rd, Austin, TX, 78745",600 W Saint Elmo Rd,Austin,78745,30.221118728129,-97.77290403835,prior
"1900 Bluebonnet Ln, Austin, TX, 78704",1900 Bluebonnet Ln,Austin,78704,30.252610146469,-97.773545075169,prior
"13903 FM 812 Rd, Del Valle, TX, 78617",13903 FM 812 Rd,Del Valle,78617,30.120602786382,-97.635242372816,prior
"9800 Curlew Dr, Austin, TX, 78748",9800 Curlew Dr,Austin,78748,30.178201811036,-97.833663133815,prior
"3708 S 2nd St, Austin, TX, 78704",3708 S 2nd St,Austin,78704,30.230503811041,-97.770188266716,prior
"1112 W Koenig Ln, Austin, TX, 78756",1112 W Koenig Ln,Austin,78756,30.329704216727,-97.728981469248,prior
"3006 Bowman Ave, Austin, TX, 78703",3006 Bowman Ave,Austin,78703,30.299432394296,-97.770611404648,prior
"12021 Metric Blvd, Austin, TX, 78758",12021 Metric Blvd,Austin,78758,30.402185993001,-97.701623275203,prior
"6428 S I-35, Austin, TX, 78745",6428 S I-35,Austin,78745,30.192423422744,-97.769551558648,prior
"14611 Burnet Rd, Austin, TX, 78728",14611 Burnet Rd,Austin,78728,30.450164550086,-97.695423968126,prior
"5677 Oak Blvd, Austin, TX, 78735",5677 Oak Blvd,Austin,78735,30.237213068235,-97.847852276475,prior
"9828 Great Hills Trl, Austin, TX, 78759",9828 Great Hills Trl,Austin,78759,30.394296762064,-97.748913323363,prior
"5620 Burnet Rd, Austin, TX, 78756",5620 Burnet Rd,Austin,78756,30.331512236972,-97.740079485861,prior
"5901 Southwest Pkwy, Austin, TX, 78735",5901 Southwest Pkwy,Austin,78735,30.247226386699,-97.848390439848,prior
"1106 W 38th St, Austin, TX, 78705",1106 W 38th St,Austin,78705,30.305791519514,-97.744261610084,prior
"906 W Milton St, Austin, TX, 78704",906 W Milton St,Austin,78704,30.250280239615,-97.759942647351,prior
"4500 Menchaca Rd, Austin, TX, 78745",4500 Menchaca Rd,Austin,78745,30.227763291729,-97.789783812749,prior
"1149 Airport Blvd, Austin, TX, 78702",1149 Airport Blvd,Austin,78702,30.27351472626,-97.697827499836,prior
"1211 Montopolis Dr, Austin, TX, 78741",1211 Montopolis Dr,Austin,78741,30.23214686779,-97.698854781654,prior
"5610 N I-35 Service Rd, Austin, TX, 78751",5610 N I-35 Service Rd,Austin,78751,30.312662097842,-97.709046255674,prior
"3706 Guadalupe St, Austin, TX, 78705",3706 Guadalupe St,Austin,78705,30.302089338505,-97.738636621681,prior
"5301 Airport Blvd, Austin, TX, 78751",5301 Airport Blvd,Austin,78751,30.314044346818,-97.714981452443,prior
"5408 Burnet Rd, Austin, TX, 78756",5408 Burnet Rd,Austin,78756,30.328421095679,-97.739827142228,prior
"304 E Cesar Chavez St, Austin, TX, 78701",304 E Cesar Chavez St,Austin,78701,30.262718267881,-97.741982154455,prior
"7412 W Slaughter Ln, Austin, TX, 78749",7412 W Slaughter Ln,Austin,78749,30.209854313428,-97.890213465207,prior
"4400 N Lamar Blvd, Austin, TX, 78756",4400 N Lamar Blvd,Austin,78756,30.312172534104,-97.738560933634,prior
"7525 La Crosse Ave, Austin, TX, 78739",7525 La Crosse Ave,Austin,78739,30.195956149286,-97.906350915647,prior
"117 San Jacinto Blvd, Austin, TX, 78701",117 San Jacinto Blvd,Austin,78701,30.262868299715,-97.741975339359,prior
"863 Airport Blvd, Austin, TX, 78702",863 Airport Blvd,Austin,78702,30.258414507013,-97.693316253361,prior
"4200 N Lamar Blvd, Austin, TX, 78756",4200 N Lamar Blvd,Austin,78756,30.310030222098,-97.740060879158,prior
"5312 Airport Blvd, Austin, TX, 78751",5312 Airport Blvd,Austin,78751,30.314580710121,-97.714890606589,prior
"2400 Burleson Rd, Austin, TX, 78741",2400 Burleson Rd,Austin,78741,30.229715171028,-97.735751456979,prior
"4625 W William Cannon Dr, Austin, TX, 78749",4625 W William Cannon Dr,Austin,78749,30.223355146921,-97.842241246922,prior
"2538 Guadalupe St, Austin, TX, 78705",2538 Guadalupe St,Austin,78705,30.289975246615,-97.74140329516,prior
"4209 Smith School Rd, Austin, TX, 78744",4209 Smith School Rd,Austin,78744,30.197064779672,-97.713598361228,prior
"7601 Dixie Dr, Austin, TX, 78744",7601 Dixie Dr,Austin,78744,30.165175099051,-97.744469034439,prior
"2785 Bee Caves Rd, Austin, TX, 78746",2785 Bee Caves Rd,Austin,78746,30.271234428832,-97.78854135454,prior
"18616 Hilltop Commercial Dr, Pflugerville, TX, 78660",18616 Hilltop Commercial Dr,Pflugerville,78660,30.466855032096,-97.600149674915,prior
"2500 Wimberly Ln, Austin, TX, 78735",2500 Wimberly Ln,Austin,78735,30.294771688207,-97.872051859991,prior
"3601 Govalle Ave, Austin, TX, 78702",3601 Govalle Ave,Austin,78702,30.264768657183,-97.698804736263,prior
"2101 Rutland Dr, Austin, TX, 78758",2101 Rutland Dr,Austin,78758,30.380003520294,-97.714759624551,prior
"6201 Davis Ln, Austin, TX, 78749",6201 Davis Ln,Austin,78749,30.211574480111,-97.876656940771,prior
"500 W Canyon Ridge Dr, Austin, TX, 78753",500 W Canyon Ridge Dr,Austin,78753,30.40320422205,-97.67457615132,prior
"10901 N Lamar Blvd, Austin, TX, 78753",10901 N Lamar Blvd,Austin,78753,30.377710784227,-97.688666050086,prior
"1700 W Parmer Ln, Austin, TX, 78727",1700 W Parmer Ln,Austin,78727,30.412386910339,-97.688543195804,prior
"979 Springdale Rd, Austin, TX, 78702",979 Springdale Rd,Austin,78702,30.261369875066,-97.698181136353,prior
"5605 Nuckols Crossing Rd, Austin, TX, 78744",5605 Nuckols Crossing Rd,Austin,78744,30.189469306254,-97.741182485255,prior
"7210 Cameron Rd, Austin, TX, 78752",7210 Cameron Rd,Austin,78752,30.326275760635,-97.692342872965,prior
"223 E 6th St, Austin, TX, 78701",223 E 6th St,Austin,78701,30.267550071822,-97.74119706919,prior
"7213 Cameron Rd, Austin, TX, 78752",7213 Cameron Rd,Austin,78752,30.326966334096,-97.691554732212,prior
"12915 Dessau Rd, Austin, TX, 78754",12915 Dessau Rd,Austin,78754,30.399265229346,-97.641124756576,prior
"18700 Weiss Ln, Pflugerville, TX, 78660",18700 Weiss Ln,Pflugerville,78660,30.448799220767,-97.560609197627,prior
"3000 Barton Creek Blvd, Austin, TX, 78735",3000 Barton Creek Blvd,Austin,78735,30.286991318456,-97.874774782775,prior
"4631 Airport Blvd, Austin, TX, 78751",4631 Airport Blvd,Austin,78751,30.305309068305,-97.715816838687,prior
"1130 Camino La Costa, Austin, TX, 78752",1130 Camino La Costa,Austin,78752,30.323988591775,-97.697440646455,prior
"8101 Croftwood Dr, Austin, TX, 78749",8101 Croftwood Dr,Austin,78749,30.204025274275,-97.840841586486,prior
"7211 Albert Rd, Austin, TX, 78745",7211 Albert Rd,Austin,78745,30.197363447486,-97.802173105934,prior
"11066 Pecan Park Blvd, Cedar Park, TX, 78613",11066 Pecan Park Blvd,Cedar Park,78613,30.470070031797,-97.802330043324,prior
"121 Pickle Rd, Austin, TX, 78704",121 Pickle Rd,Austin,78704,30.227320102311,-97.761784315159,prior
"6511 Brush Country Rd, Austin, TX, 78749",6511 Brush Country Rd,Austin,78749,30.224355309044,-97.841017965049,prior
"11301 Lakeline Blvd, Austin, TX, 78717",11301 Lakeline Blvd,Austin,78717,30.480094872636,-97.795520483857,prior
"1401 Grand Avenue Pkwy, Pflugerville, TX, 78660",1401 Grand Avenue Pkwy,Pflugerville,78660,30.456281714984,-97.652022111281,prior
"11100 Pecan Park Blvd, Cedar Park, TX, 78613",11100 Pecan Park Blvd,Cedar Park,78613,30.472116380805,-97.802069244378,prior
"4600 Mueller Blvd, Austin, TX, 78723",4600 Mueller Blvd,Austin,78723,30.298143685602,-97.707180944751,prior
"3223 E 7th St, Austin, TX, 78702",3223 E 7th St,Austin,78702,30.258212056324,-97.70539177331,prior
"2907 S 1st St, Austin, TX, 78704",2907 S 1st St,Austin,78704,30.235998706904,-97.763398408152,prior
"4608 West Gate Blvd, Austin, TX, 78745",4608 West Gate Blvd,Austin,78745,30.229793394223,-97.80112454932,prior
"2026 Guadalupe St, Austin, TX, 78705",2026 Guadalupe St,Austin,78705,30.282981917493,-97.742031911149,prior
"18817 N Heatherwilde Blvd, Pflugerville, TX, 78660",18817 N Heatherwilde Blvd,Pflugerville,78660,30.478298495638,-97.616956270803,prior
"2309 Panther Trl, Austin, TX, 78704",2309 Panther Trl,Austin,78704,30.237606016061,-97.787603523791,prior
"100 12th St, Pflugerville, TX, 78660",100 12th St,Pflugerville,78660,30.443991646649,-97.630111127173,prior
"12135 Thompkins Dr, Austin, TX, 78753",12135 Thompkins Dr,Austin,78753,30.386968631668,-97.661099967127,prior
"8201 N FM 620 Rd, Austin, TX, 78726",8201 N FM 620 Rd,Austin,78726,30.416793978914,-97.847257159338,prior
"11725 FM 620 N, Austin, TX, 78750",11725 FM 620 N,Austin,78750,30.458185200735,-97.822857690139,prior
"6414 Ed Bluestein Blvd, Austin, TX, 78723",6414 Ed Bluestein Blvd,Austin,78723,30.30185704804,-97.661316783278,prior
"1101 W Pecan St, Pflugerville, TX, 78660",1101 W Pecan St,Pflugerville,78660,30.443723977612,-97.629186505319,prior
"1112 W 31st St, Austin, TX, 78705",1112 W 31st St,Austin,78705,30.301331056761,-97.747699769209,prior
"6800 Berkman Dr, Austin, TX, 78723",6800 Berkman Dr,Austin,78723,30.319903077087,-97.689203307595,prior
"6615 Berkman Dr, Austin, TX, 78723",6615 Berkman Dr,Austin,78723,30.319182004809,-97.689365980293,prior
"2700 E 7th St, Austin, TX, 78702",2700 E 7th St,Austin,78702,30.260665808771,-97.711553888191,prior
"7309 Lazy Creek Dr, Austin, TX, 78724",7309 Lazy Creek Dr,Austin,78724,30.31311928454,-97.658128301747,prior
"1320 S Lamar Blvd, Austin, TX, 78704",1320 S Lamar Blvd,Austin,78704,30.253653319974,-97.763048687666,prior
"1911 Aldrich St, Austin, TX, 78723",1911 Aldrich St,Austin,78723,30.298354270746,-97.704842396925,prior
"12401 Tech Ridge Blvd, Austin, TX, 78753",12401 Tech Ridge Blvd,Austin,78753,30.398985899361,-97.668892347473,prior
"7609 Apogee Blvd, Austin, TX, 78744",7609 Apogee Blvd,Austin,78744,30.153229700016,-97.715105965453,prior
"4900 Mueller Blvd, Austin, TX, 78723",4900 Mueller Blvd,Austin,78723,30.301282371373,-97.705834209567,prior
"1219 Rosewood Ave, Austin, TX, 78702",1219 Rosewood Ave,Austin,78702,30.268497815788,-97.726152453308,prior
"9422 N Lamar Blvd, Austin, TX, 78753",9422 N Lamar Blvd,Austin,78753,30.36353897749,-97.696808056904,prior
"1716 S Congress Ave, Austin, TX, 78704",1716 S Congress Ave,Austin,78704,30.246853075212,-97.750758466775,prior
"11120 Four Points Dr, Austin, TX, 78726",11120 Four Points Dr,Austin,78726,30.399683856263,-97.846073794104,prior
"401 Congress Ave, Austin, TX, 78701",401 Congress Ave,Austin,78701,30.266249406844,-97.743414783387,prior
"1501 S 1st St, Austin, TX, 78704",1501 S 1st St,Austin,78704,30.249947396165,-97.754865619769,prior
"1945 Medical Dr, Lakeway, TX, 78734",1945 Medical Dr,Lakeway,78734,30.345259524103,-97.969280507243,prior
"5011 W Slaughter Ln, Austin, TX, 78749",5011 W Slaughter Ln,Austin,78749,30.198882164332,-97.863173663032,prior
"15303 Kollmeyer Dr, Lakeway, TX, 78734",15303 Kollmeyer Dr,Lakeway,78734,30.370887875154,-97.943836072129,prior
"11881 Jollyville Rd, Austin, TX, 78759",11881 Jollyville Rd,Austin,78759,30.423809551116,-97.756517057124,prior
"6808 N Lamar Blvd, Austin, TX, 78752",6808 N Lamar Blvd,Austin,78752,30.335645198326,-97.720265198082,prior
"15506 W Sh 71, Bee Cave, TX, 78738",15506 W Sh 71,Bee Cave,78738,30.317355081066,-97.984918709884,prior
"10809 Pecan Park Blvd, Austin, TX, 78750",10809 Pecan Park Blvd,Austin,78750,30.463729631594,-97.802881688241,prior
"6112 Cypress Ranch Blvd, Spicewood, TX, 78669",6112 Cypress Ranch Blvd,Spicewood,78669,30.349871986417,-98.083135216301,prior
"5516 N Lamar Blvd, Austin, TX, 78751",5516 N Lamar Blvd,Austin,78751,30.323553043922,-97.727938402749,prior
"14115 Avery Ranch Blvd, Austin, TX, 78717",14115 Avery Ranch Blvd,Austin,78717,30.494699041421,-97.78796831669,prior
"14850 Harris Ridge Blvd, Pflugerville, TX, 78660",14850 Harris Ridge Blvd,Pflugerville,78660,30.424195033091,-97.64754046649,prior
"1725 Ohlen Rd, Austin, TX, 78757",1725 Ohlen Rd,Austin,78757,30.362759420873,-97.719143434361,prior
"2218 College Ave, Austin, TX, 78704",2218 College Ave,Austin,78704,30.240522309926,-97.752990962175,prior
"7014 Elroy Rd, Del Valle, TX, 78617",7014 Elroy Rd,Del Valle,78617,30.158450946372,-97.643237524336,prior
"8218 Burnet Rd, Austin, TX, 78757",8218 Burnet Rd,Austin,78757,30.361746173602,-97.729433699784,prior
"2700 W Anderson Ln Ste 204 #, Austin, TX, 78757",2700 W Anderson Ln Ste 204 #,Austin,78757,30.35783386276,-97.734244192684,prior
"14109 FM 969 Rd, Austin, TX, 78724",14109 FM 969 Rd,Austin,78724,30.248080863317,-97.585016087696,prior
"10701 S 1st St, Austin, TX, 78748",10701 S 1st St,Austin,78748,30.152062350206,-97.801519904056,prior
"4925 Craigwood Dr, Austin, TX, 78725",4925 Craigwood Dr,Austin,78725,30.283913422961,-97.659935686205,prior
"11720 FM 1826, Austin, TX, 78737",11720 FM 1826,Austin,78737,30.193153331138,-97.924667633835,prior
"1200 W Howard Ln, Austin, TX, 78753",1200 W Howard Ln,Austin,78753,30.424009321259,-97.669991409826,prior
"707 W 21st St, Austin, TX, 78705",707 W 21st St,Austin,78705,30.283993382206,-97.74522240232,prior
"19109 Limestone Commercial Dr, Pflugerville, TX, 78660",19109 Limestone Commercial Dr,Pflugerville,78660,30.473281860564,-97.595375239217,prior
"3111 Palm Way, Austin, TX, 78758",3111 Palm Way,Austin,78758,30.402552938127,-97.720705270935,prior
"2206 Rio Grande St, Austin, TX, 78705",2206 Rio Grande St,Austin,78705,30.285804629284,-97.744949431427,prior
"2200 Aldrich St, Austin, TX, 78723",2200 Aldrich St,Austin,78723,30.300291777666,-97.703756795671,prior
"5256 Burnet Rd, Austin, TX, 78756",5256 Burnet Rd,Austin,78756,30.325907810214,-97.739685341663,prior
"4115 S Congress Ave, Austin, TX, 78745",4115 S Congress Ave,Austin,78745,30.22225900088,-97.764226258185,prior
"3120 Palm Way, Austin, TX, 78758",3120 Palm Way,Austin,78758,30.402626229032,-97.720883621896,prior
"1605 E Parmer Ln, Austin, TX, 78753",1605 E Parmer Ln,Austin,78753,30.388076935888,-97.650810542868,prior
"10811 Pecan Park Blvd, Austin, TX, 78750",10811 Pecan Park Blvd,Austin,78750,30.46374669742,-97.80290314242,prior
"401 w 3rd St, Austin, TX, 78701",401 w 3rd St,Austin,78701,30.266192263712,-97.747388024812,prior
"4404 W William Cannon Dr, Austin, TX, 78749",4404 W William Cannon Dr,Austin,78749,30.222796287629,-97.839497236509,prior
"3909 Adelphi Ln, Austin, TX, 78727",3909 Adelphi Ln,Austin,78727,30.421955859288,-97.716644984638,prior
"916 Springdale Rd Ste 101 #, Austin, TX, 78702",916 Springdale Rd Ste 101 #,Austin,78702,30.262173044731,-97.697810607633,prior
"611 Neches St, Austin, TX, 78701",611 Neches St,Austin,78701,30.266899108638,-97.738133883428,prior
"1824 W Slaughter Ln, Austin, TX, 78748",1824 W Slaughter Ln,Austin,78748,30.173894128644,-97.82169010921,prior
"1201 Morrow St, Austin, TX, 78757",1201 Morrow St,Austin,78757,30.346199702274,-97.719700431586,prior
"1552 FM 685, Pflugerville, TX, 78660",1552 FM 685,Pflugerville,78660,30.451539407857,-97.604624240495,prior
"1901 E Wells Branch Pkwy, Pflugerville, TX, 78660",1901 E Wells Branch Pkwy,Pflugerville,78660,30.423678809027,-97.624487701631,prior
"8600 Menchaca Rd, Austin, TX, 78748",8600 Menchaca Rd,Austin,78748,30.186000508101,-97.816334430292,prior
"1624 E Howard Ln, Austin, TX, 78753",1624 E Howard Ln,Austin,78753,30.404045160003,-97.639013877937,prior
"8101 Salt Springs Dr, Austin, TX, 78744",8101 Salt Springs Dr,Austin,78744,30.159444229389,-97.745309385011,prior
"6910 E William Cannon Dr, Austin, TX, 78744",6910 E William Cannon Dr,Austin,78744,30.164618265204,-97.73062881335,prior
"11900 Metric Blvd, Austin, TX, 78758",11900 Metric Blvd,Austin,78758,30.398445649801,-97.704508759414,prior
"8807 Cameron Rd, Austin, TX, 78754",8807 Cameron Rd,Austin,78754,30.342795314268,-97.679228987627,prior
"5800 E Martin Luther King Jr Blvd, Austin, TX, 78721",5800 E Martin Luther King Jr Blvd,Austin,78721,30.286070217368,-97.667650983237,prior
"12439 Metric Blvd, Austin, TX, 78758",12439 Metric Blvd,Austin,78758,30.412284014996,-97.691048625597,prior
"2336 S Congress Ave, Austin, TX, 78704",2336 S Congress Ave,Austin,78704,30.239526228547,-97.75312785714,prior
"2612 Guadalupe St, Austin, TX, 78705",2612 Guadalupe St,Austin,78705,30.291029352388,-97.741300410186,prior
"4932 Bee Creek Rd, Spicewood, TX, 78669",4932 Bee Creek Rd,Spicewood,78669,30.337672746148,-98.025619958568,prior
"2915 E Martin Luther King Jr Blvd, Austin, TX, 78702",2915 E Martin Luther King Jr Blvd,Austin,78702,30.281893672549,-97.707769214702,prior
"100 E 27th St, Austin, TX, 78705",100 E 27th St,Austin,78705,30.291796848212,-97.737697473272,prior
"8628 Menchaca Rd, Austin, TX, 78748",8628 Menchaca Rd,Austin,78748,30.185767900975,-97.816482011039,prior
"2000 Pearl St, Austin, TX, 78705",2000 Pearl St,Austin,78705,30.284200298361,-97.746687769336,prior
"1905 Nueces St, Austin, TX, 78705",1905 Nueces St,Austin,78705,30.28246684215,-97.744112517971,prior
"600 E Riverside Dr, Austin, TX, 78704",600 E Riverside Dr,Austin,78704,30.252370180769,-97.742078448717,prior
"1421 W Wells Branch Pkwy, Pflugerville, TX, 78660",1421 W Wells Branch Pkwy,Pflugerville,78660,30.440467075172,-97.663006607613,prior
"701 W Riverside Dr, Austin, TX, 78704",701 W Riverside Dr,Austin,78704,30.260901850706,-97.75024748146,prior
"3423 Bee Caves Rd, West Lake Hills, TX, 78746",3423 Bee Caves Rd,West Lake Hills,78746,30.276354215901,-97.803140404672,prior
"701 FM 685, Pflugerville, TX, 78660",701 FM 685,Pflugerville,78660,30.441512961411,-97.610693536777,prior
"515 S Congress Ave, Austin, TX, 78704",515 S Congress Ave,Austin,78704,30.255568883296,-97.747403412191,prior
"13107 Dessau Rd, Austin, TX, 78754",13107 Dessau Rd,Austin,78754,30.400145195849,-97.640511623261,prior
"15600 Lariat Trl, Austin, TX, 78734",15600 Lariat Trl,Austin,78734,30.389829894838,-97.935698615379,prior
"7415 Southwest Pkwy Bldg 5, Austin, TX, 78735",7415 Southwest Pkwy Bldg 5,Austin,78735,30.255070561356,-97.866407976453,prior
"5005 Caswell Ave, Austin, TX, 78751",5005 Caswell Ave,Austin,78751,30.311480522623,-97.71696620107,prior
"1071 Springdale Rd, Austin, TX, 78721",1071 Springdale Rd,Austin,78721,30.272048267475,-97.691306749697,prior
"2225 E Oltorf St, Austin, TX, 78741",2225 E Oltorf St,Austin,78741,30.22959050435,-97.73085250899,prior
"8303 Burnet Rd, Austin, TX, 78757",8303 Burnet Rd,Austin,78757,30.363227670573,-97.72889807727,prior
"6100 E Riverside Dr, Austin, TX, 78741",6100 E Riverside Dr,Austin,78741,30.22630101722,-97.706125204246,prior
"3654 Bee Caves Rd, West Lake Hills, TX, 78746",3654 Bee Caves Rd,West Lake Hills,78746,30.278875874477,-97.806245903373,prior
"24350 Haynie Flat Rd, Spicewood, TX, 78669",24350 Haynie Flat Rd,Spicewood,78669,30.435765202395,-98.06735236363,prior
"4136 E 12th St, Austin, TX, 78721",4136 E 12th St,Austin,78721,30.278779977946,-97.688634878244,prior
"8607 Anderson Mill Rd, Austin, TX, 78729",8607 Anderson Mill Rd,Austin,78729,30.454679804546,-97.771375784941,prior
"102 E Rundberg Ln, Austin, TX, 78753",102 E Rundberg Ln,Austin,78753,30.360893448557,-97.69327071634,prior
"8849 Anderson Mill Rd, Austin, TX, 78729",8849 Anderson Mill Rd,Austin,78729,30.454233389499,-97.772847638821,prior
"10203 Lake Creek Pkwy, Austin, TX, 78729",10203 Lake Creek Pkwy,Austin,78729,30.4626805084,-97.791258215847,prior
"12800 Hill Country Blvd, Bee Cave, TX, 78738",12800 Hill Country Blvd,Bee Cave,78738,30.310107461668,-97.943169986716,prior
"2700 W Anderson Ln, Austin, TX, 78757",2700 W Anderson Ln,Austin,78757,30.35783386276,-97.734244192684,prior
"1800 S Congress Ave, Austin, TX, 78704",1800 S Congress Ave,Austin,78704,30.24605874082,-97.751050686068,prior
"12207 Brigadoon Ln, Austin, TX, 78727",12207 Brigadoon Ln,Austin,78727,30.418379230595,-97.720280889159,prior
"1806 W Parmer Ln, Austin, TX, 78727",1806 W Parmer Ln,Austin,78727,30.413468875168,-97.690741450461,prior
"18700 Limestone Commercial Dr, Pflugerville, TX, 78660",18700 Limestone Commercial Dr,Pflugerville,78660,30.466301949635,-97.596927889189,prior
"4601 Southwest Pkwy, Austin, TX, 78735",4601 Southwest Pkwy,Austin,78735,30.239856497309,-97.83033767387,prior
"1613 E Parmer Ln, Austin, TX, 78753",1613 E Parmer Ln,Austin,78753,30.387976370719,-97.65063769651,prior
"720 W 6th St, Austin, TX, 78701",720 W 6th St,Austin,78701,30.27008404773,-97.749753065737,prior
"2901 S Capital of Texas Highway, Austin, TX, 78746",2901 S Capital of Texas Highway,Austin,78746,30.256072512323,-97.810494749979,prior
"1204 Cedar Ave, Austin, TX, 78702",1204 Cedar Ave,Austin,78702,30.274935248462,-97.71314289561,prior
"1412 Norseman Ter, Austin, TX, 78758",1412 Norseman Ter,Austin,78758,30.364523242673,-97.710382153157,prior
"2406 Manor Rd, Austin, TX, 78722",2406 Manor Rd,Austin,78722,30.284689642719,-97.716998259302,prior
"15913 Windermere Dr, Pflugerville, TX, 78660",15913 Windermere Dr,Pflugerville,78660,30.447688306327,-97.648231479633,prior
"10525 W Parmer Ln, Austin, TX, 78717",10525 W Parmer Ln,Austin,78717,30.496657962121,-97.774982721014,prior
"11501 Rock Rose Ave, Austin, TX, 78758",11501 Rock Rose Ave,Austin,78758,30.399750608299,-97.723184495225,prior
"4514 West Gate Blvd, Austin, TX, 78745",4514 West Gate Blvd,Austin,78745,30.230750440924,-97.800817389029,prior
"7844 Burnet Rd, Austin, TX, 78757",7844 Burnet Rd,Austin,78757,30.355437614217,-97.731398688142,prior
"10201 Jollyville Rd, Austin, TX, 78759",10201 Jollyville Rd,Austin,78759,30.39855295827,-97.74967888609,prior
"9409 Stonelake Blvd, Austin, TX, 78759",9409 Stonelake Blvd,Austin,78759,30.385247905203,-97.741705946011,prior
"4141 Governors Row, Austin, TX, 78744",4141 Governors Row,Austin,78744,30.21436551654,-97.749581930477,prior
"5530 Burnet Rd, Austin, TX, 78756",5530 Burnet Rd,Austin,78756,30.330467818222,-97.739989852964,prior
"1724 FM 685, Pflugerville, TX, 78660",1724 FM 685,Pflugerville,78660,30.453690147719,-97.60339360513,prior
"6406 N Interstate 35, Austin, TX, 78752",6406 N Interstate 35,Austin,78752,30.32382843235,-97.707304996913,prior
"800 W 30th St, Austin, TX, 78705",800 W 30th St,Austin,78705,30.298167009981,-97.744916763317,prior
"1610 E Parmer Ln, Austin, TX, 78753",1610 E Parmer Ln,Austin,78753,30.389965124621,-97.652020784612,prior
"7201 Gilbert Rd, Manor, TX, 78653",7201 Gilbert Rd,Manor,78653,30.276119935371,-97.579812888741,prior
"16100 Impact Way, Pflugerville, TX, 78660",16100 Impact Way,Pflugerville,78660,30.420824374648,-97.591259228861,prior
"6401 FM 969 Rd, Austin, TX, 78724",6401 FM 969 Rd,Austin,78724,30.284656217723,-97.659770382369,prior
"1012 Arthur Stiles Rd, Austin, TX, 78721",1012 Arthur Stiles Rd,Austin,78721,30.256856114994,-97.68192989227,prior
"1217 S 10th St, Pflugerville, TX, 78660",1217 S 10th St,Pflugerville,78660,30.430634867621,-97.634001065433,prior
"16101 Impact Way, Pflugerville, TX, 78660",16101 Impact Way,Pflugerville,78660,30.420827667136,-97.591126397995,prior
"8509 FM 969 Rd, Austin, TX, 78724",8509 FM 969 Rd,Austin,78724,30.277235827446,-97.638086816434,prior
"5914 W Courtyard Dr, Austin, TX, 78730",5914 W Courtyard Dr,Austin,78730,30.352980986756,-97.796876624443,prior
"6506 Decker Ln, Austin, TX, 78724",6506 Decker Ln,Austin,78724,30.289911954277,-97.628893415007,prior
"5906 Westcreek Dr, Austin, TX, 78749",5906 Westcreek Dr,Austin,78749,30.233685894627,-97.845772142379,prior
"6001 Westcreek Dr, Austin, TX, 78749",6001 Westcreek Dr,Austin,78749,30.232607837901,-97.845902028598,prior
"1250 S Capital Of Texas Highway, Austin, TX, 78746",1250 S Capital Of Texas Highway,Austin,78746,30.280567514409,-97.822059270719,prior
"1608 E Parmer Ln, Austin, TX, 78753",1608 E Parmer Ln,Austin,78753,30.390003350621,-97.65204216099,prior
"3500 Susquehanna Ln, Austin, TX, 78723",3500 Susquehanna Ln,Austin,78723,30.313542928227,-97.665577064614,prior
"5200 E William Cannon Dr, Austin, TX, 78744",5200 E William Cannon Dr,Austin,78744,30.180472524905,-97.748756259728,prior
"1208 E 11th St, Austin, TX, 78702",1208 E 11th St,Austin,78702,30.268538994913,-97.727320600162,prior
"7005 Northledge Dr, Austin, TX, 78731",7005 Northledge Dr,Austin,78731,30.356145744928,-97.76370503114,prior
"14815 Dessau Rd, Pflugerville, TX, 78660",14815 Dessau Rd,Pflugerville,78660,30.42042523854,-97.628905894284,prior
"3600 Presidential Blvd, Austin, TX, 78719",3600 Presidential Blvd,Austin,78719,30.209532567158,-97.669655661911,prior
"5345 N Interstate 35, Austin, TX, 78723",5345 N Interstate 35,Austin,78723,30.311680967146,-97.708640247949,prior
"1033 E Howard Ln, Austin, TX, 78753",1033 E Howard Ln,Austin,78753,30.408389565302,-97.646535903389,prior
"515 Vargas Rd, Austin, TX, 78741",515 Vargas Rd,Austin,78741,30.237371710899,-97.691155434335,prior
"900 Tudor House Rd, Pflugerville, TX, 78660",900 Tudor House Rd,Pflugerville,78660,30.423397078701,-97.63991355683,prior
"1516 Tinnin Ford Rd, Austin, TX, 78741",1516 Tinnin Ford Rd,Austin,78741,30.241160076667,-97.726505843433,prior
"4900 Fairview Dr, Austin, TX, 78731",4900 Fairview Dr,Austin,78731,30.329847775873,-97.759637779417,prior
"2314 E 7th St, Austin, TX, 78702",2314 E 7th St,Austin,78702,30.261354368187,-97.716154454636,prior
"11570 Research Blvd, Austin, TX, 78759",11570 Research Blvd,Austin,78759,30.414099191354,-97.746433938965,prior
"2819 Guadalupe St, Austin, TX, 78705",2819 Guadalupe St,Austin,78705,30.294734717603,-97.742442483959,prior
"2608 W 7th St, Austin, TX, 78703",2608 W 7th St,Austin,78703,30.282317838669,-97.775310784796,prior
"7601 E Ben White Blvd, Austin, TX, 78741",7601 E Ben White Blvd,Austin,78741,30.217274823383,-97.692744773011,prior
"5145 FM 620 N, Austin, TX, 78732",5145 FM 620 N,Austin,78732,30.389834269043,-97.881310752559,prior
"13641 N I-35 Service Rd, Austin, TX, 78753",13641 N I-35 Service Rd,Austin,78753,30.422833274055,-97.671393515418,prior
"5816 Wilcab Rd, Austin, TX, 78721",5816 Wilcab Rd,Austin,78721,30.273697031549,-97.675749112118,prior
"201 FM 685, Pflugerville, TX, 78660",201 FM 685,Pflugerville,78660,30.436622457705,-97.613839184873,prior
"1001 W Lynn St, Austin, TX, 78703",1001 W Lynn St,Austin,78703,30.279123489835,-97.759806146471007,prior
"3808 Maplewood Ave, Austin, TX, 78722",3808 Maplewood Ave,Austin,78722,30.292385688673,-97.714458858964,prior
"9001 Cameron Rd Ste 201 #, Austin, TX, 78754",9001 Cameron Rd Ste 201 #,Austin,78754,30.346766938254,-97.677078017301,prior
"5301 Manor Rd, Austin, TX, 78723",5301 Manor Rd,Austin,78723,30.300161820621,-97.685813913854,prior
"3421 W William Cannon Dr, Austin, TX, 78745",3421 W William Cannon Dr,Austin,78745,30.213071789602,-97.82908762087,prior
"718 W 29th St, Austin, TX, 78705",718 W 29th St,Austin,78705,30.29626242589,-97.744432609041,prior
"7612 Brodie Ln, Austin, TX, 78745",7612 Brodie Ln,Austin,78745,30.206903487381,-97.835196272294,prior
"401 W Slaughter Ln, Austin, TX, 78748",401 W Slaughter Ln,Austin,78748,30.169228574904,-97.79590858527,prior
"615 W Slaughter Ln, Austin, TX, 78748",615 W Slaughter Ln,Austin,78748,30.17264644278,-97.799884542429,prior
"5408 Westminster Dr, Austin, TX, 78723",5408 Westminster Dr,Austin,78723,30.306232935375,-97.68950649153,prior
"2101 E Ben White Blvd, Austin, TX, 78741",2101 E Ben White Blvd,Austin,78741,30.21567116827,-97.743537883923,prior
"6301 W Parmer Ln, Austin, TX, 78729",6301 W Parmer Ln,Austin,78729,30.445716280544,-97.743552001662,prior
"1701 Vargas Rd, Austin, TX, 78741",1701 Vargas Rd,Austin,78741,30.2269826397,-97.69887831767,prior
"3025 Crosscreek Dr, Austin, TX, 78757",3025 Crosscreek Dr,Austin,78757,30.369313640195,-97.732710360948,prior
"310 Robert T Martinez Jr St, Austin, TX, 78702",310 Robert T Martinez Jr St,Austin,78702,30.257901567854,-97.719785100373,prior
"1201 Barbara Jordan Blvd, Austin, TX, 78723",1201 Barbara Jordan Blvd,Austin,78723,30.30669407244,-97.709237661311,prior
"3700 N Hills Dr, Austin, TX, 78731",3700 N Hills Dr,Austin,78731,30.353049554589,-97.757951162672,prior
"8807 N Lamar Blvd, Austin, TX, 78753",8807 N Lamar Blvd,Austin,78753,30.356786614154,-97.700896301404,prior
"1301 S Congress Ave, Austin, TX, 78704",1301 S Congress Ave,Austin,78704,30.251046944395,-97.749061494884,prior
"2900 W Anderson Ln, Austin, TX, 78757",2900 W Anderson Ln,Austin,78757,30.359519994413,-97.737593284875,prior
"10700 Pecan Park Blvd, Austin, TX, 78750",10700 Pecan Park Blvd,Austin,78750,30.464307789321,-97.799382448143,prior
"4301 W William Cannon Dr #, Austin, TX, 78749",4301 W William Cannon Dr #,Austin,78749,30.221996528106,-97.838676613988,prior
"3901 Promontory Point Dr, Austin, TX, 78744",3901 Promontory Point Dr,Austin,78744,30.209127544299,-97.73016620282,prior
"3112 E Cesar Chavez St, Austin, TX, 78702",3112 E Cesar Chavez St,Austin,78702,30.25194840191,-97.709653844409,prior
"4301 W William Cannon Dr, Austin, TX, 78749",4301 W William Cannon Dr,Austin,78749,30.221996528106,-97.838676613988,prior
"1307 E 7th St, Austin, TX, 78702",1307 E 7th St,Austin,78702,30.26485871491,-97.728811052243,prior
"12305 Eintrage Dr, Manor, TX, 78653",12305 Eintrage Dr,Manor,78653,30.347281987353,-97.565429358011,prior
"4600 W William Cannon Dr, Austin, TX, 78749",4600 W William Cannon Dr,Austin,78749,30.223538662371,-97.841698585932,prior
"2820 S Lamar Blvd, Austin, TX, 78704",2820 S Lamar Blvd,Austin,78704,30.244161950967,-97.781664315903,prior
"6500 Metropolis Dr, Austin, TX, 78744",6500 Metropolis Dr,Austin,78744,30.202104818821,-97.710306976849,prior
"14236 FM 969 Rd, Austin, TX, 78724",14236 FM 969 Rd,Austin,78724,30.248308592575,-97.585194149453,prior
"12115 Manchaca Rd, Austin, TX, 78748",12115 Manchaca Rd,Austin,78748,30.14182307095,-97.832888515404,prior
"3800 Promontory Point Dr, Austin, TX, 78744",3800 Promontory Point Dr,Austin,78744,30.209641156181,-97.728567836415,prior
"1615 Grand Avenue Pkwy, Pflugerville, TX, 78660",1615 Grand Avenue Pkwy,Pflugerville,78660,30.456010150261,-97.659020419193,prior
"12901 N I-35 Service Rd, Austin, TX, 78753",12901 N I-35 Service Rd,Austin,78753,30.418067428429,-97.672321558322,prior
"7505 Silvercrest DR, Austin, TX, 78757",7505 Silvercrest DR,Austin,78757,30.352482532406,-97.738081859157,prior
"12130 N FM 973 Rd, Manor, TX, 78653",12130 N FM 973 Rd,Manor,78653,30.336941349164,-97.558754882294,prior
"401 Orchard St, Austin, TX, 78703",401 Orchard St,Austin,78703,30.271462866928,-97.759458225961,prior
"10304 N Lamar Blvd, Austin, TX, 78758",10304 N Lamar Blvd,Austin,78758,30.371976818401,-97.692071495768,prior
"1920 E Riverside Dr #, Austin, TX, 78741",1920 E Riverside Dr #,Austin,78741,30.242017119415,-97.728283299534,prior
"1208 W 4th St, Austin, TX, 78703",1208 W 4th St,Austin,78703,30.27115578185,-97.75858357513,prior
"18616 Limestone Commercial Dr, Pflugerville, TX, 78660",18616 Limestone Commercial Dr,Pflugerville,78660,30.465240516599,-97.597784907187,prior
"31 Navasota St, Austin, TX, 78702",31 Navasota St,Austin,78702,30.255795179501,-97.732026454168,prior
"5933 Westminster Dr, Austin, TX, 78723",5933 Westminster Dr,Austin,78723,30.312811426651,-97.690896434678,prior
"5400 Vail Dv, Bee Cave, TX, 78738",5400 Vail Dv,Bee Cave,78738,30.318176532517,-97.994607969104,prior
"1333 Shore District Dr, Austin, TX, 78741",1333 Shore District Dr,Austin,78741,30.243617647048,-97.726613752933,prior
"6310 Treadwell Blvd, Austin, TX, 78757",6310 Treadwell Blvd,Austin,78757,30.343056189039,-97.748369296889,prior
"1700 FM 685, Pflugerville, TX, 78660",1700 FM 685,Pflugerville,78660,30.453389106847,-97.603563798459,prior
"4607 W Braker Ln, Austin, TX, 78759",4607 W Braker Ln,Austin,78759,30.400145182005,-97.74425892934,prior
"216 E Parsons ST, Manor, TX, 78653",216 E Parsons ST,Manor,78653,30.340800518685,-97.556451615483,prior
"1814 Harvey St, Austin, TX, 78702",1814 Harvey St,Austin,78702,30.281654365888,-97.705502478824,prior
"12625 N I-35 Service Rd, Austin, TX, 78753",12625 N I-35 Service Rd,Austin,78753,30.411291222423,-97.672944831233,prior
"18801 FM 685, Pflugerville, TX, 78660",18801 FM 685,Pflugerville,78660,30.467691351264,-97.593124486392,prior
"204 S 10th St, Pflugerville, TX, 78660",204 S 10th St,Pflugerville,78660,30.442228929814,-97.628276542966,prior
"2205 W Pecan St, Pflugerville, TX, 78660",2205 W Pecan St,Pflugerville,78660,30.446153268586,-97.646724068802,prior
"1801 E 51st St, C70, Austin, TX, 78723","1801 E 51st St, C70",Austin,78723,30.303827373992,-97.698907142776,prior
"406 Walsh St, Austin, TX, 78703",406 Walsh St,Austin,78703,30.271159398131,-97.758489445271,prior
"119 E 5th St, Austin, TX, 78701",119 E 5th St,Austin,78701,30.266987380128,-97.742905018462,prior
"415 W Martin Luther King Jr Blvd, Austin, TX, 78701",415 W Martin Luther King Jr Blvd,Austin,78701,30.281725146409,-97.742066316502,prior
"3800 Westbank Dr, West Lake Hills, TX, 78746",3800 Westbank Dr,West Lake Hills,78746,30.274401764558,-97.812307890127,prior
"1030 Norwood Park Blvd, Austin, TX, 78753",1030 Norwood Park Blvd,Austin,78753,30.338492757829,-97.692468582217,prior
"1805 Scofield Ln, Austin, TX, 78727",1805 Scofield Ln,Austin,78727,30.416434787458,-97.688709799191,prior
"9761 Great Hills Trl, Austin, TX, 78759",9761 Great Hills Trl,Austin,78759,30.394127045878,-97.750791026833,prior
"2506 W Parmer Ln, Austin, TX, 78727",2506 W Parmer Ln,Austin,78727,30.418937575841,-97.701858574404,prior
"1321 S Congress Ave, Austin, TX, 78704",1321 S Congress Ave,Austin,78704,30.250839661749,-97.749136945773,prior
"1713 FM 685, Pflugerville, TX, 78660",1713 FM 685,Pflugerville,78660,30.453489425895,-97.603359205434,prior
"8911 N Capital of Texas Highway, Austin, TX, 78759",8911 N Capital of Texas Highway,Austin,78759,30.387949598274002,-97.759501658789,prior
"1211 Corona Dr, Austin, TX, 78723",1211 Corona Dr,Austin,78723,30.312887301874,-97.70480611979,prior
"7500 Blessing Ave, Austin, TX, 78752",7500 Blessing Ave,Austin,78752,30.332027518138,-97.69306280548,prior
"1621 E Cesar Chavez St, Austin, TX, 78702",1621 E Cesar Chavez St,Austin,78702,30.258311491577,-97.728239233474,prior
"5717 S I-35, Austin, TX, 78744",5717 S I-35,Austin,78744,30.19759112093,-97.764110421245,prior
"1111 E 6th St, Austin, TX, 78702",1111 E 6th St,Austin,78702,30.264639982075,-97.731420888872,prior
"1512 E 6th St, Austin, TX, 78702",1512 E 6th St,Austin,78702,30.263386285056,-97.727348264146,prior
"5610 N I-35, Austin, TX, 78751",5610 N I-35,Austin,78751,30.312662097842,-97.709046255674,prior
"4100 Westbank Dr, Austin, TX, 78746",4100 Westbank Dr,Austin,78746,30.275097825537,-97.814034754916,prior
"11794 Jollyville Rd, Austin, TX, 78759",11794 Jollyville Rd,Austin,78759,30.421999095882,-97.754881599283,prior
"1030 Norwood Park Blvd #, Austin, TX, 78753",1030 Norwood Park Blvd #,Austin,78753,30.338492757829,-97.692468582217,prior
"12401 Scofield Farms Dr, Austin, TX, 78758",12401 Scofield Farms Dr,Austin,78758,30.408523339566,-97.688100067958,prior
"161 W Slaughter Ln, Austin, TX, 78748",161 W Slaughter Ln,Austin,78748,30.167081482153,-97.791165374946,prior
"1815 Airport Blvd, Austin, TX, 78702",1815 Airport Blvd,Austin,78702,30.281418441901,-97.703128557999,prior
"117 W 4th St, Austin, TX, 78701",117 W 4th St,Austin,78701,30.266227613543,-97.743775048178,prior
"110 E 2nd St, Austin, TX, 78701",110 E 2nd St,Austin,78701,30.264323411705,-97.743988588308,prior
"1315 S Congress Ave, Austin, TX, 78704",1315 S Congress Ave,Austin,78704,30.250901846543,-97.749114310506,prior
"1101 Music Ln, Austin, TX, 78704",1101 Music Ln,Austin,78704,30.252576847298,-97.747948808534,prior
"136 W Slaughter Ln, Austin, TX, 78748",136 W Slaughter Ln,Austin,78748,30.167285929191,-97.789809147387,prior
"503 W Martin Luther King Jr Blvd, Austin, TX, 78701",503 W Martin Luther King Jr Blvd,Austin,78701,30.281937339805,-97.742851157717,prior
"1115 E 11th St, Austin, TX, 78702",1115 E 11th St,Austin,78702,30.268991457539,-97.72883220401,prior
"405 Colorado St, Austin, TX, 78701",405 Colorado St,Austin,78701,30.266641222433,-97.744715995569,prior
"121 E 5th St, Austin, TX, 78701",121 E 5th St,Austin,78701,30.266980563779,-97.742880413108,prior
"5111 Airport Blvd, Austin, TX, 78751",5111 Airport Blvd,Austin,78751,30.312209501448,-97.715261287536,prior
"1011 S Congress Ave, Austin, TX, 78704",1011 S Congress Ave,Austin,78704,30.254521912862,-97.747778642231,prior
"5630 Cameron Rd, Austin, TX, 78723",5630 Cameron Rd,Austin,78723,30.31435412522,-97.703464641152,prior
"3804 Avenue B, Austin, TX, 78751",3804 Avenue B,Austin,78751,30.301949707135,-97.736329890761,prior
"14300 FM 969 Rd, Austin, TX, 78724",14300 FM 969 Rd,Austin,78724,30.248122810865,-97.584840696882,prior
"15800 Awalt Dr, Austin, TX, 78734",15800 Awalt Dr,Austin,78734,30.415634979695,-97.924594345834,prior
"16200 Avery Ranch Blvd, Austin, TX, 78717",16200 Avery Ranch Blvd,Austin,78717,30.503463197755,-97.751965766549,prior
"2025 W Ben White Blvd, Austin, TX, 78704",2025 W Ben White Blvd,Austin,78704,30.229891804537,-97.789190412837,prior
"200 W 6th St, Austin, TX, 78701",200 W 6th St,Austin,78701,30.268488807755,-97.744170858084,prior
"4205 Menchaca Rd, Austin, TX, 78704",4205 Menchaca Rd,Austin,78704,30.231412395315,-97.787262276097,prior
"609 W 6th St, Austin, TX, 78701",609 W 6th St,Austin,78701,30.26961823691,-97.748588597164,prior
"107 W 6th St, Austin, TX, 78701",107 W 6th St,Austin,78701,30.268047393142,-97.742969541531,prior
"1911 E Ben White Blvd, Austin, TX, 78741",1911 E Ben White Blvd,Austin,78741,30.215620395944,-97.747977331032,prior
"214 Barton Springs Rd, Austin, TX, 78704",214 Barton Springs Rd,Austin,78704,30.258980842886,-97.747044605695,prior
"4101 Bee Caves Rd, West Lake Hills, TX, 78746",4101 Bee Caves Rd,West Lake Hills,78746,30.283237350245,-97.810807880332,prior
"11500 Rock Rose Ave, Austin, TX, 78758",11500 Rock Rose Ave,Austin,78758,30.40074647686,-97.722899050554,prior
"1201 Barbara Jordan Blvd Ste 1295 #, Austin, TX, 78723",1201 Barbara Jordan Blvd Ste 1295 #,Austin,78723,30.30669407244,-97.709237661311,prior
"5908 Aurora Dr, Austin, TX, 78757",5908 Aurora Dr,Austin,78757,30.329409143956,-97.728204202375,prior
"11820 E US 290 Highway, Manor, TX, 78653",11820 E US 290 Highway,Manor,78653,30.350864397221,-97.497399559831,prior
"11012 Harris Branch Pkwy, Austin, TX, 78754",11012 Harris Branch Pkwy,Austin,78754,30.344699867712,-97.613653469029,prior
"15101 Avery Ranch Blvd, Austin, TX, 78717",15101 Avery Ranch Blvd,Austin,78717,30.498984558979,-97.773185490807,prior
"114 W 7th St, Austin, TX, 78701",114 W 7th St,Austin,78701,30.269087140863,-97.742681410549,prior
"500 E 4th St, Austin, TX, 78701",500 E 4th St,Austin,78701,30.2649791869,-97.738860060501,prior
"1801 E 51st St, Austin, TX, 78723",1801 E 51st St,Austin,78723,30.303827373992,-97.698907142776,prior
"500 E 4th St PMB 3112, Austin, TX, 78701",500 E 4th St PMB 3112,Austin,78701,30.2649791869,-97.738860060501,prior
"2610 W 10th St, Austin, TX, 78703",2610 W 10th St,Austin,78703,30.284573730424,-97.773226124328,prior
"5604 Cameron Rd, Austin, TX, 78723",5604 Cameron Rd,Austin,78723,30.313799191909,-97.704178722256,prior
"915 E Braker Ln, Austin, TX, 78753",915 E Braker Ln,Austin,78753,30.375799131957,-97.67337599349,prior
"501 Colorado St, Austin, TX, 78701",501 Colorado St,Austin,78701,30.2675181811,-97.744386645636,prior
"9100 Burnet Rd, Austin, TX, 78758",9100 Burnet Rd,Austin,78758,30.375304154237,-97.725956715519,prior
"123 W 6th St, Austin, TX, 78701",123 W 6th St,Austin,78701,30.26809917124,-97.743163377447,prior
"6311 BURLESON RD, Austin, TX, 78744",6311 BURLESON RD,Austin,78744,30.205394986324,-97.716386355332,prior
"300 W 6th St, Austin, TX, 78701",300 W 6th St,Austin,78701,30.268786313772,-97.745245201691,prior
"1420 W Wells Branch Pkwy, Pflugerville, TX, 78660",1420 W Wells Branch Pkwy,Pflugerville,78660,30.440723701708,-97.662932337829,prior
"9717 N Lamar Blvd #, Austin, TX, 78753",9717 N Lamar Blvd #,Austin,78753,30.366596085549,-97.694946665201,prior
"1212 Rio Grande St, Austin, TX, 78701",1212 Rio Grande St,Austin,78701,30.276610204419,-97.747120499156,prior
"9515 N Lamar Blvd, Austin, TX, 78753",9515 N Lamar Blvd,Austin,78753,30.364896159592,-97.695907092733,prior
"11316 Farmhaven Rd, Austin, TX, 78754",11316 Farmhaven Rd,Austin,78754,30.35053815439,-97.6179206438,prior
"214 E 6th St, Austin, TX, 78701",214 E 6th St,Austin,78701,30.267680313429,-97.741235741744,prior
"9809 FM 969 Rd, Austin, TX, 78724",9809 FM 969 Rd,Austin,78724,30.268594257408,-97.626661644453,prior
"3800 N Lamar Blvd, Austin, TX, 78756",3800 N Lamar Blvd,Austin,78756,30.305269278311,-97.74313412907,prior
"707 E Braker Ln, Austin, TX, 78753",707 E Braker Ln,Austin,78753,30.377313011043,-97.677526468509,prior
"835 W 6th St, Austin, TX, 78703",835 W 6th St,Austin,78703,30.270810909446,-97.752282492596,prior
"2205 W Parmer Ln, Austin, TX, 78727",2205 W Parmer Ln,Austin,78727,30.41691965819,-97.698380664625,prior
"2030 E Oltorf St, Austin, TX, 78741",2030 E Oltorf St,Austin,78741,30.230887280826,-97.733278502644,prior
"827 W 12th St, Austin, TX, 78701",827 W 12th St,Austin,78701,30.276071218533,-97.748885445981,prior
"1034 Liberty Park Dr, Austin, TX, 78746",1034 Liberty Park Dr,Austin,78746,30.265752033443,-97.788269484599,prior
"204 E 6th St, Austin, TX, 78701",204 E 6th St,Austin,78701,30.267706251584,-97.741333009803,prior
"2652 Lake Austin Blvd, Austin, TX, 78703",2652 Lake Austin Blvd,Austin,78703,30.281824463289,-97.775753453603,prior
"4005 W Parmer Ln, Austin, TX, 78727",4005 W Parmer Ln,Austin,78727,30.42542949223,-97.715439939219,prior
"303 W Martin Luther King Jr Blvd, Austin, TX, 78701",303 W Martin Luther King Jr Blvd,Austin,78701,30.281420196226,-97.740979090673,prior
"3801 W Parmer Ln, Austin, TX, 78727",3801 W Parmer Ln,Austin,78727,30.424233329096,-97.712619540137,prior
"730 Shady Ln, Austin, TX, 78702",730 Shady Ln,Austin,78702,30.253822225372,-97.697349628064,prior
"1005 E Braker Ln, Austin, TX, 78753",1005 E Braker Ln,Austin,78753,30.375301911272,-97.672425093295,prior
"6720 Corpus Christi Dr, Austin, TX, 78729",6720 Corpus Christi Dr,Austin,78729,30.444622755138,-97.74946169824,prior
"3003 S Lamar Blvd, Austin, TX, 78704",3003 S Lamar Blvd,Austin,78704,30.242445590313,-97.783881845876,prior
"516 W Oltorf St, Austin, TX, 78704",516 W Oltorf St,Austin,78704,30.241538425181002,-97.758251203203,prior
"4612 Convict Hill Rd, Austin, TX, 78749",4612 Convict Hill Rd,Austin,78749,30.217354646323,-97.846622517668,prior
"500 W William Cannon Dr, Austin, TX, 78745",500 W William Cannon Dr,Austin,78745,30.196330549354,-97.785875608542,prior
"1111 W 6th St Bldg A, Austin, TX, 78703",1111 W 6th St Bldg A,Austin,78703,30.272263833219,-97.755974725313,prior
"1400 Lavaca St, Austin, TX, 78701",1400 Lavaca St,Austin,78701,30.276732710649,-97.742317075263,prior
"2410 E Riverside Dr, Austin, TX, 78741",2410 E Riverside Dr,Austin,78741,30.239423903483,-97.726251615471,prior
"11331 N Lamar Blvd, Austin, TX, 78753",11331 N Lamar Blvd,Austin,78753,30.382268087934,-97.686110490247,prior
"10713 Jollyville Rd, Austin, TX, 78759",10713 Jollyville Rd,Austin,78759,30.395116487346,-97.74977692499,prior
"2908 Fruth St, Austin, TX, 78705",2908 Fruth St,Austin,78705,30.295496427936,-97.741573475664,prior
"12836 E US 290 Highway, Manor, TX, 78653",12836 E US 290 Highway,Manor,78653,30.351008349982,-97.493559334792,prior
"1900 E Pfennig Ln, Pflugerville, TX, 78660",1900 E Pfennig Ln,Pflugerville,78660,30.45084487735,-97.604898542484,prior
"18801 Weiss Ln, Pflugerville, TX, 78660",18801 Weiss Ln,Pflugerville,78660,30.448844083482,-97.560428562314,prior
"1401 E 6th St, Austin, TX, 78702",1401 E 6th St,Austin,78702,30.26364445143,-97.728480037558,prior
"15630 Vision Dr, Pflugerville, TX, 78660",15630 Vision Dr,Pflugerville,78660,30.450195191303,-97.661766294515,prior
"3652 Bee Caves Rd, West Lake Hills, TX, 78746",3652 Bee Caves Rd,West Lake Hills,78746,30.278845982893,-97.806218422404,prior
"910 W 25th St, Austin, TX, 78705",910 W 25th St,Austin,78705,30.28951331338,-97.746794575313,prior
"12937 N FM 973 Rd, Manor, TX, 78653",12937 N FM 973 Rd,Manor,78653,30.348013811022,-97.539351109167,prior
"901 E 5th St, Austin, TX, 78702",901 E 5th St,Austin,78702,30.264454512404,-97.733956373682,prior
"111 Sandra Muraida Way, Austin, TX, 78703",111 Sandra Muraida Way,Austin,78703,30.267899268347,-97.754108170957,prior
"11910 E US 290 Highway, Manor, TX, 78653",11910 E US 290 Highway,Manor,78653,30.350877866994,-97.497059447764,prior
"2200 S I-35 Service Rd, Austin, TX, 78704",2200 S I-35 Service Rd,Austin,78704,30.2356536245,-97.740528406647,prior
"13252 George Bush St, Manor, TX, 78653",13252 George Bush St,Manor,78653,30.352407074537,-97.525341753098,prior
"1316 S Congress Ave, Austin, TX, 78704",1316 S Congress Ave,Austin,78704,30.250915490413,-97.749248402891,prior
"3901 Bee Caves Rd, West Lake Hills, TX, 78746",3901 Bee Caves Rd,West Lake Hills,78746,30.28151695365,-97.808765083171,prior
"1220 S Congress Ave, Austin, TX, 78704",1220 S Congress Ave,Austin,78704,30.251935342411,-97.74886494381,prior
"2120 W FM 1626, Manchaca, TX, 78652",2120 W FM 1626,Manchaca,78652,30.132644467887,-97.85564785256,prior
"5760 Airport Blvd, Austin, TX, 78752",5760 Airport Blvd,Austin,78752,30.323978052518,-97.715789153551,prior
"1011 E 5th St, Austin, TX, 78702",1011 E 5th St,Austin,78702,30.26407298228,-97.732829388537,prior
"400 Lavaca St, Austin, TX, 78701",400 Lavaca St,Austin,78701,30.266949297121,-97.745913485786,prior
"705 N Lamar Blvd, Austin, TX, 78703",705 N Lamar Blvd,Austin,78703,30.272374970282,-97.753479816051,prior
"5114 Balcones Woods Dr, Austin, TX, 78759",5114 Balcones Woods Dr,Austin,78759,30.407919435066,-97.746256812579,prior
"408 W 15th St, Austin, TX, 78701",408 W 15th St,Austin,78701,30.278035224326,-97.743092811167,prior
"11920 e Us 290 Highway, Manor, TX, 78653",11920 e Us 290 Highway,Manor,78653,30.350879363636,-97.497021657534,prior
"9721 Arboretum Blvd, Austin, TX, 78759",9721 Arboretum Blvd,Austin,78759,30.393150212132,-97.750246786729,prior
"10900 Lakeline Mall Dr, Austin, TX, 78717",10900 Lakeline Mall Dr,Austin,78717,30.475341337614,-97.79397492724,prior
"100 N 2nd St, Pflugerville, TX, 78660",100 N 2nd St,Pflugerville,78660,30.440447676115,-97.621865407452,prior
"1700 W Pecan St, Pflugerville, TX, 78660",1700 W Pecan St,Pflugerville,78660,30.447481043355,-97.63922532216,prior
"2707 Rio Grande St, Austin, TX, 78705",2707 Rio Grande St,Austin,78705,30.292154441055,-97.744214590871,prior
"409 W 2nd St, Austin, TX, 78701",409 W 2nd St,Austin,78701,30.265270585067,-97.747834214103,prior
"8601 Vertex Blvd, Austin, TX, 78744",8601 Vertex Blvd,Austin,78744,30.156187788219,-97.752896567466,prior
"18900 N Heatherwilde Blvd, Pflugerville, TX, 78660",18900 N Heatherwilde Blvd,Pflugerville,78660,30.480506533202,-97.615759388076,prior
"11801 Sonoma Dr, Bee Cave, TX, 78738",11801 Sonoma Dr,Bee Cave,78738,30.310106759517,-97.92046807694,prior
"1201 S Capital of Texas Highway, West Lake Hills, TX, 78746",1201 S Capital of Texas Highway,West Lake Hills,78746,30.284968698563,-97.82486426441,prior
"12410 N Lamar Blvd, Austin, TX, 78753",12410 N Lamar Blvd,Austin,78753,30.406031847488,-97.678572411685,prior
"13015 Pond Springs Rd, Austin, TX, 78729",13015 Pond Springs Rd,Austin,78729,30.441417659993,-97.773328071036,prior
"401 S Heatherwilde Blvd, Pflugerville, TX, 78660",401 S Heatherwilde Blvd,Pflugerville,78660,30.450815339952,-97.637837626269,prior
"8801 Vertex Blvd, Austin, TX, 78747",8801 Vertex Blvd,Austin,78747,30.153005457445,-97.752763495874,prior
"9111 FM 812, Austin, TX, 78719",9111 FM 812,Austin,78719,30.162064787322,-97.688600761178,prior
"5701 W Slaughter Ln #, Austin, TX, 78749",5701 W Slaughter Ln #,Austin,78749,30.200877506269,-97.866963140361,prior
"300 Colorado St, Austin, TX, 78701",300 Colorado St,Austin,78701,30.265689322521,-97.745193430699,prior
"109 E 7th St, Austin, TX, 78701",109 E 7th St,Austin,78701,30.268867588396,-97.742326878497,prior
"9521 W US 290 Highway, Austin, TX, 78736",9521 W US 290 Highway,Austin,78736,30.230627743932,-97.933432836866,prior
"1629 E 6th St, Austin, TX, 78702",1629 E 6th St,Austin,78702,30.262807904321,-97.725946409695,prior
"841 Sagebrush Dr, Austin, TX, 78758",841 Sagebrush Dr,Austin,78758,30.373780069729,-97.692036956142,prior
"1300 Walsh Tarlton Ln, Austin, TX, 78746",1300 Walsh Tarlton Ln,Austin,78746,30.272479239027,-97.801777132306,prior
"522 Congress Ave, Austin, TX, 78701",522 Congress Ave,Austin,78701,30.26738065819,-97.743141364345007,prior
"2121 W Parmer Ln, Austin, TX, 78727",2121 W Parmer Ln,Austin,78727,30.416442783511,-97.697428678906,prior
"1300 W Pflugerville Pkwy, Round Rock, TX, 78664",1300 W Pflugerville Pkwy,Round Rock,78664,30.472408182398,-97.641469004615,prior
"9815 Brodie Ln, Austin, TX, 78748",9815 Brodie Ln,Austin,78748,30.185814310895,-97.848214826733,prior
"1722 S Congress Ave, Austin, TX, 78704",1722 S Congress Ave,Austin,78704,30.246803004641,-97.750776939415,prior
"2103 S Congress Ave, Austin, TX, 78704",2103 S Congress Ave,Austin,78704,30.243281060927,-97.7519452823,prior
"5242 N Lamar Blvd, Austin, TX, 78751",5242 N Lamar Blvd,Austin,78751,30.320275178153,-97.729960988297,prior
"2700 W Pecan St, Pflugerville, TX, 78660",2700 W Pecan St,Pflugerville,78660,30.3500809708,-97.698525467266,prior
"501 Brazos St, Austin, TX, 78701",501 Brazos St,Austin,78701,30.266786521471,-97.741752615917,prior
"205 W 3rd St, Austin, TX, 78701",205 W 3rd St,Austin,78701,30.265583281542,-97.745304422331,prior
"1701 E 6th St, Austin, TX, 78702",1701 E 6th St,Austin,78702,30.262294379842,-97.724439231429,prior
"13436 W Sh 71, Bee Cave, TX, 78738",13436 W Sh 71,Bee Cave,78738,30.308248778831,-97.951198815238,prior
"8630 N Lamar Blvd, Austin, TX, 78753",8630 N Lamar Blvd,Austin,78753,30.354794943019,-97.703791317312,prior
"4500 Ross Rd, Del Valle, TX, 78617",4500 Ross Rd,Del Valle,78617,30.18615166729,-97.609538504993,prior
"3601 W William Cannon Dr #, Austin, TX, 78749",3601 W William Cannon Dr #,Austin,78749,30.214172878066,-97.831481211513,prior
"7101 E William Cannon Dr, Austin, TX, 78744",7101 E William Cannon Dr,Austin,78744,30.164162473639,-97.728236840907,prior
"3601 W William Cannon Dr, Austin, TX, 78749",3601 W William Cannon Dr,Austin,78749,30.214172878066,-97.831481211513,prior
"1516 S Congress Ave, Austin, TX, 78704",1516 S Congress Ave,Austin,78704,30.248741719383,-97.750067955972,prior
"1005 W 34th St, Austin, TX, 78705",1005 W 34th St,Austin,78705,30.302690441312,-97.744833388043,prior
"8440 Burnet Rd, Austin, TX, 78757",8440 Burnet Rd,Austin,78757,30.365051671403,-97.728523950447,prior
"6519 N Lamar Blvd, Austin, TX, 78752",6519 N Lamar Blvd,Austin,78752,30.332988176464,-97.721803206342,prior
"7107 E William Cannon Dr, Austin, TX, 78744",7107 E William Cannon Dr,Austin,78744,30.164117834849,-97.728090100745,prior
"4800 Ross Rd, Del Valle, TX, 78617",4800 Ross Rd,Del Valle,78617,30.182261488204,-97.612374039577,prior
"3101 Guadalupe St, Austin, TX, 78705",3101 Guadalupe St,Austin,78705,30.297804860171,-97.741172621804,prior
"7201 Colony Loop Dr, Austin, TX, 78724",7201 Colony Loop Dr,Austin,78724,30.302408872078,-97.637304287323,prior
"1009 W 34th St, Austin, TX, 78705",1009 W 34th St,Austin,78705,30.302705051372,-97.744863560989,prior
"1623 E 7th St, Austin, TX, 78702",1623 E 7th St,Austin,78702,30.263473208727,-97.724979663522,prior
"20306 Ed Acklin Rd, Manor, TX, 78653",20306 Ed Acklin Rd,Manor,78653,30.279046460247,-97.496550358629,prior
"6001 W Parmer Ln, Austin, TX, 78727",6001 W Parmer Ln,Austin,78727,30.442397824907,-97.741855895761,prior
"3700 Bee Caves Rd, West Lake Hills, TX, 78746",3700 Bee Caves Rd,West Lake Hills,78746,30.279563380924,-97.806877965664,prior
"3309 Esperanza Xing Ste 100 #, Austin, TX, 78758",3309 Esperanza Xing Ste 100 #,Austin,78758,30.400464073763,-97.726680348967,prior
"1512 S Congress Ave, Austin, TX, 78704",1512 S Congress Ave,Austin,78704,30.248777271975,-97.75005588766,prior
"8830 Cainwood Ln, Austin, TX, 78729",8830 Cainwood Ln,Austin,78729,30.455784847649,-97.772725655438,prior
"18700 Hilltop Commercial Dr, Pflugerville, TX, 78660",18700 Hilltop Commercial Dr,Pflugerville,78660,30.468182859886,-97.599256867229,prior
"221 W 6th St, Austin, TX, 78701",221 W 6th St,Austin,78701,30.268433149776,-97.744404964272,prior
"5105 Balcones Woods Dr, Austin, TX, 78759",5105 Balcones Woods Dr,Austin,78759,30.407872252488,-97.746034557324,prior
"17530 Blake Manor Rd, Manor, TX, 78653",17530 Blake Manor Rd,Manor,78653,30.318131457042,-97.540300085741,prior
"16003 W Sh 71, Austin, TX, 78738",16003 W Sh 71,Austin,78738,30.318015155793,-97.992451930514,prior
"1705 S Lakeshore Blvd, Austin, TX, 78741",1705 S Lakeshore Blvd,Austin,78741,30.24483570912,-97.729580378538,prior
"1401 S Pleasant Valley Rd, Austin, TX, 78741",1401 S Pleasant Valley Rd,Austin,78741,30.240614087331,-97.718300377588,prior
"9718 Menchaca Rd, Austin, TX, 78748",9718 Menchaca Rd,Austin,78748,30.175227856841,-97.823148066436,prior
"6610 S Congress Ave, Austin, TX, 78745",6610 S Congress Ave,Austin,78745,30.193868250213,-97.778578740538,prior
"1701 S Congress Ave, Austin, TX, 78704",1701 S Congress Ave,Austin,78704,30.246951800235,-97.750582819882,prior
"301 W 6th St, Austin, TX, 78701",301 W 6th St,Austin,78701,30.26867765836,-97.745287351529,prior
"17615 E Us 290, Elgin, TX, 78621",17615 E Us 290,Elgin,78621,30.351646663185,-97.435409659478,prior
"14004 Owen Tech Blvd, Austin, TX, 78728",14004 Owen Tech Blvd,Austin,78728,30.429606620211,-97.671203078331,prior
"720 Lamar Pl, Austin, TX, 78752",720 Lamar Pl,Austin,78752,30.331152867426,-97.721686899651,prior
"4300 Bull Creek Rd, Austin, TX, 78731",4300 Bull Creek Rd,Austin,78731,30.316300147565,-97.754645889369,prior
"15511 W Sh 71, Bee Cave, TX, 78738",15511 W Sh 71,Bee Cave,78738,30.317090037067,-97.983364557974,prior
"6729 Manor Rd, Austin, TX, 78723",6729 Manor Rd,Austin,78723,30.310437230336,-97.666685755489,prior
"15400 Marsha St, Austin, TX, 78728",15400 Marsha St,Austin,78728,30.449448552725,-97.668907555887,prior
"2206 S Congress Ave, Austin, TX, 78704",2206 S Congress Ave,Austin,78704,30.241602636897,-97.752638310249,prior
"13419 E US 290 Highway, Manor, TX, 78653",13419 E US 290 Highway,Manor,78653,30.350545638322,-97.496029372042,prior
"8334 Cross Park Dr, Austin, TX, 78754",8334 Cross Park Dr,Austin,78754,30.336105772618,-97.674795928632,prior
"3310 N Capital of Texas Highway, Austin, TX, 78746",3310 N Capital of Texas Highway,Austin,78746,30.33163793759,-97.808772986441,prior
"1104 N Cuernavaca Dr, Austin, TX, 78733",1104 N Cuernavaca Dr,Austin,78733,30.334476777655,-97.866655080627993,prior
"1400 S Congress Ave, Austin, TX, 78704",1400 S Congress Ave,Austin,78704,30.249786501861,-97.749674742276,prior
"1702 W Pecan St, Pflugerville, TX, 78660",1702 W Pecan St,Pflugerville,78660,30.447268929578,-97.640489846815,prior
"601 W 2nd St, Austin, TX, 78701",601 W 2nd St,Austin,78701,30.265834689072,-97.749891431559,prior
"1823 Airport Blvd, Austin, TX, 78702",1823 Airport Blvd,Austin,78702,30.281526334034,-97.703197527011,prior
"11215 S I-35 Service Rd, Austin, TX, 78747",11215 S I-35 Service Rd,Austin,78747,30.376079863566,-97.676085870157,prior
"1705 N Cuernavaca Dr, Austin, TX, 78733",1705 N Cuernavaca Dr,Austin,78733,30.339828274283,-97.863525256194,prior
"8401 Cameron Rd, Austin, TX, 78754",8401 Cameron Rd,Austin,78754,30.340350143169,-97.681147003141,prior
"2101 S Lamar Blvd, Austin, TX, 78704",2101 S Lamar Blvd,Austin,78704,30.248339057803,-97.769994628985,prior
"2400 S Congress Ave, Austin, TX, 78704",2400 S Congress Ave,Austin,78704,30.238750794811,-97.753612294813,prior
"9600 Escarpment Blvd Ste 800 #, Austin, TX, 78749",9600 Escarpment Blvd Ste 800 #,Austin,78749,30.203148700159,-97.878353328247,prior
"1200 Montopolis Dr, Austin, TX, 78741",1200 Montopolis Dr,Austin,78741,30.232319627812,-97.698902033918,prior
"601 W 6th St, Austin, TX, 78701",601 W 6th St,Austin,78701,30.269595471477,-97.748509243383,prior
"2301 S Congress Ave, Austin, TX, 78704",2301 S Congress Ave,Austin,78704,30.23982738647,-97.752794135159,prior
"8121 Shoal Creek Blvd, Austin, TX, 78757",8121 Shoal Creek Blvd,Austin,78757,30.36520290597,-97.739044300906,prior
"8610 N Lamar Blvd, Austin, TX, 78753",8610 N Lamar Blvd,Austin,78753,30.354632888174,-97.70401570095,prior
"4114 Red River St, Austin, TX, 78751",4114 Red River St,Austin,78751,30.299999671389,-97.722307277304,prior
"2710 Exposition Blvd, Austin, TX, 78703",2710 Exposition Blvd,Austin,78703,30.303594794549,-97.764476719326,prior
"6401 Cedar St, Austin, TX, 78746",6401 Cedar St,Austin,78746,30.3404039395,-97.80559210689,prior
"1300 E Anderson Ln Apt 1007, Austin, TX, 78752",1300 E Anderson Ln Apt 1007,Austin,78752,30.334408030543,-97.689391104866,prior
"906 W Lynn St, Austin, TX, 78703",906 W Lynn St,Austin,78703,30.277683708862,-97.760884584475,prior
"604 W 6th St, Austin, TX, 78701",604 W 6th St,Austin,78701,30.269715603077,-97.748507094438,prior
"3267 Bee Caves Rd, Austin, TX, 78746",3267 Bee Caves Rd,Austin,78746,30.274828608222,-97.801061470161,prior
"6703 Yates Ave, Austin, TX, 78757",6703 Yates Ave,Austin,78757,30.339657190983,-97.733082874172,prior
"9600 Escarpment Blvd, Austin, TX, 78749",9600 Escarpment Blvd,Austin,78749,30.203148700159,-97.878353328247,prior
"3900 S Congress Ave, Austin, TX, 78704",3900 S Congress Ave,Austin,78704,30.224244469157,-97.763215154167,prior
"3437 Bee Caves Rd, West Lake Hills, TX, 78746",3437 Bee Caves Rd,West Lake Hills,78746,30.276379784157,-97.803194491359,prior
"8324 Cameron Rd, Austin, TX, 78754",8324 Cameron Rd,Austin,78754,30.339476633414,-97.682015480107,prior
"2407 S Congress Ave, Austin, TX, 78704",2407 S Congress Ave,Austin,78704,30.238593568346,-97.753583913635,prior
"1300 E Anderson Ln Apt 1107, Austin, TX, 78752",1300 E Anderson Ln Apt 1107,Austin,78752,30.334408030543,-97.689391104866,prior
"5412 Gilbert Rd, Austin, TX, 78724",5412 Gilbert Rd,Austin,78724,30.252293376734,-97.595184883535,prior
"600 W 2nd St, Austin, TX, 78701",600 W 2nd St,Austin,78701,30.265942818439,-97.749847506936,prior
"3022 W Anderson Ln, Austin, TX, 78757",3022 W Anderson Ln,Austin,78757,30.36062951124,-97.739717122985,prior
"15424 FM 1825, Pflugerville, TX, 78660",15424 FM 1825,Pflugerville,78660,30.448359099744,-97.662007166866,prior
"2615 E 6th St, Austin, TX, 78702",2615 E 6th St,Austin,78702,30.25849241837,-97.713566278149,prior
"500 W 2nd St, Austin, TX, 78701",500 W 2nd St,Austin,78701,30.265662185024,-97.748780228256,prior
"200 E Pecan St, Pflugerville, TX, 78660",200 E Pecan St,Pflugerville,78660,30.439512124505,-97.619941410706,prior
"3001 W Anderson Ln, Austin, TX, 78757",3001 W Anderson Ln,Austin,78757,30.360289321894,-97.739537455864,prior
"1901 Kelly Ln, Pflugerville, TX, 78660",1901 Kelly Ln,Pflugerville,78660,30.471376944264,-97.590928245747,prior
"1370 Patterson Rd, Austin, TX, 78733",1370 Patterson Rd,Austin,78733,30.304175489603,-97.878212373532,prior
"901 Neal St, Austin, TX, 78702",901 Neal St,Austin,78702,30.268515467066,-97.709567525536,prior
"8201 Cross Park Dr, Austin, TX, 78754",8201 Cross Park Dr,Austin,78754,30.330059522182,-97.66724251065,prior
"51 Rainey St, Austin, TX, 78701",51 Rainey St,Austin,78701,30.257515989084,-97.739195692626,prior
"18010 Blake Manor Rd, Manor, TX, 78653",18010 Blake Manor Rd,Manor,78653,30.307893627024,-97.534666551302,prior
"6306 E Riverside Dr, Austin, TX, 78741",6306 E Riverside Dr,Austin,78741,30.22499612532,-97.703261571807,prior
"1135 Garland Ave, Austin, TX, 78721",1135 Garland Ave,Austin,78721,30.270513518312,-97.684831266619,prior
"1313 FM 685, Pflugerville, TX, 78660",1313 FM 685,Pflugerville,78660,30.448746860758,-97.606153700769,prior
"10401 N I-35 Service Rd, Austin, TX, 78753",10401 N I-35 Service Rd,Austin,78753,30.367704941049,-97.681582547423,prior
"2237 E Riverside Dr, Austin, TX, 78741",2237 E Riverside Dr,Austin,78741,30.23978742727,-97.726819385776,prior
"3005 S Lamar Blvd Ste 105B #, Austin, TX, 78704",3005 S Lamar Blvd Ste 105B #,Austin,78704,30.242370772106,-97.783976801361,prior
"9201 Scenic Bluff Dr, Austin, TX, 78733",9201 Scenic Bluff Dr,Austin,78733,30.301789313339,-97.886321332217,prior
"3324 W Slaughter Ln, Austin, TX, 78748",3324 W Slaughter Ln,Austin,78748,30.182333986622,-97.847007019707,prior
"1713 S 1st St, Austin, TX, 78704",1713 S 1st St,Austin,78704,30.248278337002,-97.755471911389,prior
"3002 S Congress Ave, Austin, TX, 78704",3002 S Congress Ave,Austin,78704,30.23242525312,-97.758557469942,prior
"5526 S Congress Ave, Austin, TX, 78745",5526 S Congress Ave,Austin,78745,30.205551170848,-97.774613501942,prior
"5610 N Interstate 35, Austin, TX, 78751",5610 N Interstate 35,Austin,78751,30.312662097842,-97.709046255674,prior
"1208 S Congress Ave, Austin, TX, 78704",1208 S Congress Ave,Austin,78704,30.252049845042,-97.748821511773,prior
"3111 W 35th St, Austin, TX, 78703",3111 W 35th St,Austin,78703,30.313015720378,-97.766300634693,prior
"5660 N Interstate 35, Austin, TX, 78751",5660 N Interstate 35,Austin,78751,30.312755676179,-97.70900299776,prior
"5701 N Interstate 35, Austin, TX, 78723",5701 N Interstate 35,Austin,78723,30.316852676982,-97.707094814633,prior
"2124 E Saint Elmo Rd, Austin, TX, 78744",2124 E Saint Elmo Rd,Austin,78744,30.210080225911,-97.746884708558,prior
"5340 Cameron Rd, Austin, TX, 78723",5340 Cameron Rd,Austin,78723,30.311499773269,-97.707000329174,prior
"11603 Jollyville Rd, Austin, TX, 78759",11603 Jollyville Rd,Austin,78759,30.417003138789,-97.749649998911,prior
"509 E Ben White Blvd, Austin, TX, 78704",509 E Ben White Blvd,Austin,78704,30.219660497017,-97.758606602907,prior
"9001 Brodie Ln, Austin, TX, 78748",9001 Brodie Ln,Austin,78748,30.194161846863,-97.842869004852,prior
"1800 E Slaughter Ln, Austin, TX, 78747",1800 E Slaughter Ln,Austin,78747,30.152715004757,-97.768012230514,prior
"2100 E Saint Elmo Rd, Austin, TX, 78744",2100 E Saint Elmo Rd,Austin,78744,30.210244697374,-97.747223603529,prior
"6701 Burnet Rd, Austin, TX, 78757",6701 Burnet Rd,Austin,78757,30.342065999131002,-97.738624581086,prior
"9704 Giles Ln, Austin, TX, 78754",9704 Giles Ln,Austin,78754,30.33178055985,-97.623268482335,prior
"9307 N Lamar Blvd, Austin, TX, 78753",9307 N Lamar Blvd,Austin,78753,30.36211972241,-97.697453318642,prior
"7515 N FM 620 Rd, Austin, TX, 78726",7515 N FM 620 Rd,Austin,78726,30.408076254725,-97.851712804433,prior
"5104 Pleasanton Pkwy, Pflugerville, TX, 78660",5104 Pleasanton Pkwy,Pflugerville,78660,30.424967606567,-97.56995975846,prior
"5355 N Interstate 35, Austin, TX, 78723",5355 N Interstate 35,Austin,78723,30.311898532637,-97.708556002706,prior
"13800 N FM 620 Rd, Austin, TX, 78717",13800 N FM 620 Rd,Austin,78717,30.473992616144,-97.772232825483,prior
"10701 Lakeline Mall Dr, Austin, TX, 78717",10701 Lakeline Mall Dr,Austin,78717,30.476680401456,-97.789902881126,prior
"2320 S Lamar Blvd, Austin, TX, 78704",2320 S Lamar Blvd,Austin,78704,30.247321207959,-97.775480989167,prior
"2425 Exposition Blvd, Austin, TX, 78703",2425 Exposition Blvd,Austin,78703,30.297292369959,-97.767800662678,prior
"13300 N FM 973 Rd, Manor, TX, 78653",13300 N FM 973 Rd,Manor,78653,30.353922645174,-97.535994250903,prior
"14031 FM 973 Rd, Manor, TX, 78653",14031 FM 973 Rd,Manor,78653,30.364963834211,-97.529256834,prior
"316 W 12th St, Austin, TX, 78701",316 W 12th St,Austin,78701,30.274643960929,-97.743237055991,prior
"10300 Anderson Mill Rd, Austin, TX, 78750",10300 Anderson Mill Rd,Austin,78750,30.447222493017,-97.804080947584,prior
"7709 E Ben White Blvd, Austin, TX, 78744",7709 E Ben White Blvd,Austin,78744,30.218082284494,-97.690273491485,prior
"16407 Decker Creek Dr, Manor, TX, 78653",16407 Decker Creek Dr,Manor,78653,30.250508563215,-97.559019109273,prior
"8601 S Congress Ave, Austin, TX, 78745",8601 S Congress Ave,Austin,78745,30.172884049934,-97.785228176677,prior
"7710 N FM 620 Rd, Austin, TX, 78726",7710 N FM 620 Rd,Austin,78726,30.40718520141,-97.85227346404,prior
"10601 N FM 620 Rd, Austin, TX, 78726",10601 N FM 620 Rd,Austin,78726,30.442732460853,-97.833428867901,prior
"919 E 32nd St, Austin, TX, 78705",919 E 32nd St,Austin,78705,30.290795673005,-97.726748762735,prior
"8301 Furness Dr, Austin, TX, 78753",8301 Furness Dr,Austin,78753,30.342810230947,-97.68968346397,prior
"3201 Windsor Rd, Austin, TX, 78703",3201 Windsor Rd,Austin,78703,30.296699858433,-97.768350601788,prior
"400 Cooper Dr, Austin, TX, 78753",400 Cooper Dr,Austin,78753,30.360213993569,-97.69617010919,prior
"400 Josephine St, Austin, TX, 78704",400 Josephine St,Austin,78704,30.262268279284,-97.758470423594,prior
"13801 n FM 973 Rd, Manor, TX, 78653",13801 n FM 973 Rd,Manor,78653,30.36117310062,-97.531017135088,prior
"7301 Burnet Rd, Austin, TX, 78757",7301 Burnet Rd,Austin,78757,30.348276374456,-97.735689563949,prior
"1300 E Anderson Ln, Austin, TX, 78752",1300 E Anderson Ln,Austin,78752,30.334408030543,-97.689391104866,prior
"2401 Cardinal Loop, Del Valle, TX, 78617",2401 Cardinal Loop,Del Valle,78617,30.214896933658,-97.657077033485,prior
"2001 E Sh 71, Austin, TX, 78617",2001 E Sh 71,Austin,78617,30.218641865915,-97.668829170877,prior
"1300 S Congress Ave, Austin, TX, 78704",1300 S Congress Ave,Austin,78704,30.251081316529,-97.749188042179,prior
"7858 Shoal Creek Blvd, Austin, TX, 78757",7858 Shoal Creek Blvd,Austin,78757,30.35994256044,-97.740985715147,prior
"1603 S Congress Ave, Austin, TX, 78704",1603 S Congress Ave,Austin,78704,30.247852758692,-97.750234911784,prior
"14832 N FM 973 Rd, Manor, TX, 78653",14832 N FM 973 Rd,Manor,78653,30.38209809735,-97.525106466163,prior
"1525 Barton Springs Rd, Austin, TX, 78704",1525 Barton Springs Rd,Austin,78704,30.26158694504,-97.760412210137,prior
"1308 E 6th St, Austin, TX, 78702",1308 E 6th St,Austin,78702,30.264053406804,-97.729372129469,prior
"205 Sandra St, Austin, TX, 78745",205 Sandra St,Austin,78745,30.20440750422,-97.776415933064,prior
"1708 E 6th St, Austin, TX, 78702",1708 E 6th St,Austin,78702,30.262375307126,-97.724315761716,prior
"9900 W Parmer Ln, Austin, TX, 78717",9900 W Parmer Ln,Austin,78717,30.485983185238,-97.770409490345,prior
"5365 N Interstate 35, Austin, TX, 78723",5365 N Interstate 35,Austin,78723,30.312038067184,-97.708499379987,prior
"1016 E 6th St, Austin, TX, 78702",1016 E 6th St,Austin,78702,30.265069905251,-97.732316463229,prior
"4602 Weletka Dr, Austin, TX, 78734",4602 Weletka Dr,Austin,78734,30.405929710065,-97.926149146885,prior
"12501 Research Blvd, Austin, TX, 78759",12501 Research Blvd,Austin,78759,30.429810844679,-97.759587932575,prior
"1807 W Slaughter Ln, Austin, TX, 78748",1807 W Slaughter Ln,Austin,78748,30.173624460896,-97.821539792117,prior
"7700 W Parmer Ln, Austin, TX, 78729",7700 W Parmer Ln,Austin,78729,30.457816415123,-97.753371839212,prior
"922 Congress Ave, Austin, TX, 78701",922 Congress Ave,Austin,78701,30.271114116223,-97.74173929884,prior
"1715 W Cesar Chavez St, Austin, TX, 78703",1715 W Cesar Chavez St,Austin,78703,30.272524638341,-97.764723797771,prior
"700 W Pecan St, Pflugerville, TX, 78660",700 W Pecan St,Pflugerville,78660,30.442302524074,-97.625851573043,prior
"6610 N Lamar Blvd, Austin, TX, 78752",6610 N Lamar Blvd,Austin,78752,30.334152977531,-97.721218783073,prior
"5621 N I-35 Service Rd, Austin, TX, 78723",5621 N I-35 Service Rd,Austin,78723,30.315685440371,-97.707316290343,prior
"3308 Hampton Rd, Austin, TX, 78705",3308 Hampton Rd,Austin,78705,30.29310785718,-97.727269789759,prior
"1301 W Pecan St, Pflugerville, TX, 78660",1301 W Pecan St,Pflugerville,78660,30.446296941686,-97.634562083027,prior
"3309 Kerbey Ln, Austin, TX, 78703",3309 Kerbey Ln,Austin,78703,30.304829270355,-97.751736476648,prior
"120 W Slaughter Ln, Austin, TX, 78748",120 W Slaughter Ln,Austin,78748,30.167280986672,-97.789020820083,prior
"2500 E 6th St, Austin, TX, 78702",2500 E 6th St,Austin,78702,30.258962089799,-97.714543856341,prior
"9415 Burnet Rd, Austin, TX, 78758",9415 Burnet Rd,Austin,78758,30.378019076313,-97.725252806182,prior
"6303 Cameron Rd, Austin, TX, 78723",6303 Cameron Rd,Austin,78723,30.319944828285,-97.696615293778,prior
"3301 Pinnacle Rd, Austin, TX, 78746",3301 Pinnacle Rd,Austin,78746,30.269524019532,-97.805304043015,prior
"1500 Barton Springs Rd, Austin, TX, 78704",1500 Barton Springs Rd,Austin,78704,30.261596317125,-97.760056782052,prior
"1300 E Anderson Ln Apt 1209, Austin, TX, 78752",1300 E Anderson Ln Apt 1209,Austin,78752,30.334408030543,-97.689391104866,prior
"1110 E 52nd St, Austin, TX, 78723",1110 E 52nd St,Austin,78723,30.309947865239,-97.708596384651,prior
"10700 Anderson Mill Rd, Austin, TX, 78750",10700 Anderson Mill Rd,Austin,78750,30.446953047535,-97.811995808788,prior
"2127 Lohmans Crossing Rd, Austin, TX, 78734",2127 Lohmans Crossing Rd,Austin,78734,30.342344748118,-97.971113317757,prior
"6000 FM 969 Rd, Austin, TX, 78724",6000 FM 969 Rd,Austin,78724,30.285588950146,-97.664714992356,prior
"1900 Simond Ave, Austin, TX, 78723",1900 Simond Ave,Austin,78723,30.297156546705,-97.704662002366,prior
"6305 Cameron Rd, Austin, TX, 78723",6305 Cameron Rd,Austin,78723,30.319960527604,-97.696599366933,prior
"1624 W 5th St, Austin, TX, 78703",1624 W 5th St,Austin,78703,30.274053280965,-97.763671270879,prior
"2127 Lohmans Crossing Rd, Lakeway, TX, 78734",2127 Lohmans Crossing Rd,Lakeway,78734,30.342344748118,-97.971113317757,prior
"1320 E 51st St, Austin, TX, 78723",1320 E 51st St,Austin,78723,30.30736157797,-97.706049150189,prior
"1920 S Congress Ave, Austin, TX, 78704",1920 S Congress Ave,Austin,78704,30.244943750634,-97.751446483967,prior
"1025 Barton Springs Rd, Austin, TX, 78704",1025 Barton Springs Rd,Austin,78704,30.260003076947,-97.754884016919,prior
"1808 Cedar Bend Dr, Austin, TX, 78758",1808 Cedar Bend Dr,Austin,78758,30.408435181389,-97.693142041334,prior
"2133 Lohmans Crossing Rd, Lakeway, TX, 78734",2133 Lohmans Crossing Rd,Lakeway,78734,30.342231184584,-97.970909383271,prior
"1600 W 5th St, Austin, TX, 78703",1600 W 5th St,Austin,78703,30.273789631278,-97.763322141067,prior
"311 W 5th St, Austin, TX, 78701",311 W 5th St,Austin,78701,30.267785185897,-97.745726821602,prior
"4700 Manor Rd, Austin, TX, 78723",4700 Manor Rd,Austin,78723,30.294550491204,-97.689272032572,prior
"2157 Gaston Place Dr, Austin, TX, 78723",2157 Gaston Place Dr,Austin,78723,30.31209967711,-97.686223852572,prior
"1910 W Ben White Blvd, Austin, TX, 78704",1910 W Ben White Blvd,Austin,78704,30.230218262792,-97.787634747238,prior
"900 E Braker Ln, Austin, TX, 78753",900 E Braker Ln,Austin,78753,30.376178408511,-97.673900707869,prior
"907 W 5th St, Austin, TX, 78703",907 W 5th St,Austin,78703,30.269738295045,-97.753327110128,prior
"3600 S Lamar Blvd, Austin, TX, 78704",3600 S Lamar Blvd,Austin,78704,30.239337603143,-97.788384098191,prior
"208 Barton Springs Rd, Austin, TX, 78704",208 Barton Springs Rd,Austin,78704,30.258989905132,-97.747001175304,prior
"9700 N Capital of Texas Highway, Austin, TX, 78759",9700 N Capital of Texas Highway,Austin,78759,30.389914385559,-97.74430765949,prior
"900 Harvard Dr, Pflugerville, TX, 78660",900 Harvard Dr,Pflugerville,78660,30.434394138276,-97.63089194867,prior
"2121 Lohmans Crossing Rd, Austin, TX, 78734",2121 Lohmans Crossing Rd,Austin,78734,30.342458311653,-97.971317252244,prior
"11801 Domain Blvd, Austin, TX, 78758",11801 Domain Blvd,Austin,78758,30.404253595619,-97.721084915926,prior
"2308 E Riverside Dr, Austin, TX, 78741",2308 E Riverside Dr,Austin,78741,30.239706367956,-97.72646831793,prior
"1924 S 1st St, Austin, TX, 78704",1924 S 1st St,Austin,78704,30.245700155597,-97.75698025583,prior
"11800 Domain Blvd, Austin, TX, 78758",11800 Domain Blvd,Austin,78758,30.404219237405,-97.721211666358,prior
"11924 Ring Dr, Manor, TX, 78653",11924 Ring Dr,Manor,78653,30.346540777183,-97.539728590688,prior
"12221 Renfert Way, Austin, TX, 78758",12221 Renfert Way,Austin,78758,30.411004077451,-97.704211246346,prior
"11066 Pecan Park Blvd Ste 111, Cedar Park, TX, 78613",11066 Pecan Park Blvd Ste 111,Cedar Park,78613,30.470070031797,-97.802330043324,prior
"1834 E Oltorf St, Austin, TX, 78741",1834 E Oltorf St,Austin,78741,30.231665738508,-97.73591299422,prior
"701 Immanuel Rd, Pflugerville, TX, 78660",701 Immanuel Rd,Pflugerville,78660,30.430221682135,-97.613476720045,prior
"1800 E Oltorf St, Austin, TX, 78741",1800 E Oltorf St,Austin,78741,30.232323228213,-97.736793804946,prior
"18900 Falcon Pointe Blvd, Pflugerville, TX, 78660",18900 Falcon Pointe Blvd,Pflugerville,78660,30.462567588375,-97.584625412993,prior
"6020 Dillard Cir, Austin, TX, 78752",6020 Dillard Cir,Austin,78752,30.325778835236,-97.717788552861,prior
"11300 E Us 290 Highway, Manor, TX, 78653",11300 E Us 290 Highway,Manor,78653,30.350757327365,-97.499879944361,prior
"4606 Connelly St, Austin, TX, 78751",4606 Connelly St,Austin,78751,30.304453212658,-97.714786043216,prior
"1200 E Rundberg Ln, Austin, TX, 78753",1200 E Rundberg Ln,Austin,78753,30.354149924661,-97.68135561451,prior
"12301 Hymeadow Dr, Austin, TX, 78750",12301 Hymeadow Dr,Austin,78750,30.454539865924,-97.797220990366,prior
"2125 Lohmans Crossing Rd, Austin, TX, 78734",2125 Lohmans Crossing Rd,Austin,78734,30.34238260263,-97.971181295919,prior
"404 E Highland Mall Blvd, Austin, TX, 78752",404 E Highland Mall Blvd,Austin,78752,30.328630689723,-97.71088755236,prior
"1603 E Oltorf St, Austin, TX, 78741",1603 E Oltorf St,Austin,78741,30.233233397524,-97.73938192328,prior
"1805 E Parmer Ln, Austin, TX, 78754",1805 E Parmer Ln,Austin,78754,30.386166029781,-97.647398770216,prior
"5201 Ross Rd, Del Valle, TX, 78617",5201 Ross Rd,Del Valle,78617,30.185312240303,-97.609381952693,prior
"9717 N Lamar Blvd, Austin, TX, 78753",9717 N Lamar Blvd,Austin,78753,30.366596085549,-97.694946665201,prior
"4611 E Martin Luther King Jr Blvd, Austin, TX, 78721",4611 E Martin Luther King Jr Blvd,Austin,78721,30.285819745218,-97.682430313357,prior
"4308 Menchaca Rd, Austin, TX, 78704",4308 Menchaca Rd,Austin,78704,30.230946950258,-97.787740788297,prior
"1900 E Martin Luther King Jr Blvd, Austin, TX, 78702",1900 E Martin Luther King Jr Blvd,Austin,78702,30.279870255739,-97.721186212186,prior
"7814 W Us 290 Highway, Austin, TX, 78736",7814 W Us 290 Highway,Austin,78736,30.229405094345,-97.882383936562,prior
"3706 Jefferson St, Austin, TX, 78731",3706 Jefferson St,Austin,78731,30.308757766657,-97.751029278879,prior
"6201 Manor Rd, Austin, TX, 78723",6201 Manor Rd,Austin,78723,30.308011045966,-97.676064964889,prior
"5010 Old Manor Rd, Austin, TX, 78723",5010 Old Manor Rd,Austin,78723,30.298910366794,-97.690813034718,prior
"11110 Tom Adams Dr, Austin, TX, 78753",11110 Tom Adams Dr,Austin,78753,30.373590074946,-97.669199698106,prior
"5900 Manor Rd, Austin, TX, 78723",5900 Manor Rd,Austin,78723,30.306555364472,-97.680097438358,prior
"517 E 6th St, Austin, TX, 78701",517 E 6th St,Austin,78701,30.266662239457,-97.738052433698,prior
"12410 Tomanet Trl, Austin, TX, 78758",12410 Tomanet Trl,Austin,78758,30.41747366101,-97.701616352585,prior
"4001 N Lamar Blvd, Austin, TX, 78756",4001 N Lamar Blvd,Austin,78756,30.30788616425,-97.741301669884,prior
"1405 W William Cannon Dr, Austin, TX, 78745",1405 W William Cannon Dr,Austin,78745,30.200302637129,-97.798938944693,prior
"919 Springdale Rd, Austin, TX, 78702",919 Springdale Rd,Austin,78702,30.260794442489,-97.698549499525,prior
"17721 Colorado Sand Dr, Pflugerville, TX, 78660",17721 Colorado Sand Dr,Pflugerville,78660,30.450037249564,-97.589185639113,prior
"3736 Bee Caves Rd, West Lake Hills, TX, 78746",3736 Bee Caves Rd,West Lake Hills,78746,30.280159354218,-97.807415419672,prior
"901 W Ben White Blvd, Austin, TX, 78704",901 W Ben White Blvd,Austin,78704,30.227264064509,-97.773545978757,prior
"18816 Limestone Commercial Dr, Pflugerville, TX, 78660",18816 Limestone Commercial Dr,Pflugerville,78660,30.468006235206,-97.596131206993,prior
"5706 Manor Rd, Austin, TX, 78723",5706 Manor Rd,Austin,78723,30.304720134707,-97.681301709212,prior
"907 FM 685, Pflugerville, TX, 78660",907 FM 685,Pflugerville,78660,30.443398242023,-97.609496279109,prior
"1015 E Braker Ln, Austin, TX, 78753",1015 E Braker Ln,Austin,78753,30.375186944704,-97.672209531012,prior
"12304 Dessau Rd, Austin, TX, 78754",12304 Dessau Rd,Austin,78754,30.387352622747,-97.648535096803,prior
"12509 N Lamar Blvd, Austin, TX, 78753",12509 N Lamar Blvd,Austin,78753,30.408355825116,-97.678049898577,prior
"3842 Airport Blvd, Austin, TX, 78722",3842 Airport Blvd,Austin,78722,30.289264116097,-97.707458131889,prior
"3811 Harmon Ave, Austin, TX, 78751",3811 Harmon Ave,Austin,78751,30.295456805706,-97.720491895808,prior
"3851 Manor Rd, Austin, TX, 78723",3851 Manor Rd,Austin,78723,30.289586433458,-97.697306830561,prior
"1905 Aldrich St, Austin, TX, 78723",1905 Aldrich St,Austin,78723,30.298226614307,-97.705305545453,prior
"2632 S Lamar Blvd, Austin, TX, 78704",2632 S Lamar Blvd,Austin,78704,30.24592738501,-97.779122041188,prior
"4101 W Parmer Ln, Austin, TX, 78727",4101 W Parmer Ln,Austin,78727,30.425880610633,-97.716395627219,prior
"3839 Airport Blvd, Austin, TX, 78722",3839 Airport Blvd,Austin,78722,30.289147844479,-97.707072980509,prior
"1923 E 7th St, Austin, TX, 78702",1923 E 7th St,Austin,78702,30.262432845995,-97.721776790508,prior
"2150 E 7th St, Austin, TX, 78702",2150 E 7th St,Austin,78702,30.261606232474,-97.717910302368,prior
"4909 Airport Blvd, Austin, TX, 78751",4909 Airport Blvd,Austin,78751,30.310058630362,-97.715441238515,prior
"8863 Anderson Mill Rd, Austin, TX, 78729",8863 Anderson Mill Rd,Austin,78729,30.454197797053,-97.772962202015,prior
"5309 Nuckols Crossing Rd, Austin, TX, 78744",5309 Nuckols Crossing Rd,Austin,78744,30.192987176478,-97.738951712093,prior
"15904 Impact Way, Pflugerville, TX, 78660",15904 Impact Way,Pflugerville,78660,30.419129468526,-97.590860551229,prior
"2919 Montopolis Dr, Austin, TX, 78741",2919 Montopolis Dr,Austin,78741,30.214719124753,-97.71039815801,prior
"2100 Alamo St, Austin, TX, 78722",2100 Alamo St,Austin,78722,30.282194955242,-97.719789540087,prior
"1728 Barton Springs Rd, Austin, TX, 78704",1728 Barton Springs Rd,Austin,78704,30.263169719118,-97.762810297234,prior
"7109 Blessing Ave, Austin, TX, 78752",7109 Blessing Ave,Austin,78752,30.327869619366,-97.695542879306,prior
"2204 Airport Blvd, Austin, TX, 78722",2204 Airport Blvd,Austin,78722,30.28541017888,-97.705909885651,prior
"4803 Airport Blvd, Austin, TX, 78751",4803 Airport Blvd,Austin,78751,30.308011668435,-97.715606026928,prior
"15500 W Sh 71, Bee Cave, TX, 78738",15500 W Sh 71,Bee Cave,78738,30.317350181927,-97.984868765903,prior
"22112 W Sh 71, Spicewood, TX, 78669",22112 W Sh 71,Spicewood,78669,30.367249021599,-98.072080294914,prior
"1700 E Oltorf St, Austin, TX, 78741",1700 E Oltorf St,Austin,78741,30.232943997124,-97.738288404617,prior
"3700 Payload Pass, Austin, TX, 78704",3700 Payload Pass,Austin,78704,30.22252523663,-97.754877425937,prior
"1608 Barton Springs Rd, Austin, TX, 78704",1608 Barton Springs Rd,Austin,78704,30.262071803081,-97.76149497226,prior
"7401 Sh 45, Austin, TX, 78739",7401 Sh 45,Austin,78739,30.186403442574,-97.913705594171,prior
"4905 Airport Blvd, Austin, TX, 78751",4905 Airport Blvd,Austin,78751,30.309710186339,-97.715466999094,prior
"2213 Airport Blvd, Austin, TX, 78722",2213 Airport Blvd,Austin,78722,30.285538265787,-97.705820002909,prior
"1912 E 7th St, Austin, TX, 78702",1912 E 7th St,Austin,78702,30.262566680507,-97.721836009691,prior
"1003 Barton Springs Rd, Austin, TX, 78704",1003 Barton Springs Rd,Austin,78704,30.259923795948,-97.754650788602,prior
"5602 N Lamar Blvd, Austin, TX, 78751",5602 N Lamar Blvd,Austin,78751,30.324936840721,-97.727056232249,prior
"403 FM 685, Pflugerville, TX, 78660",403 FM 685,Pflugerville,78660,30.439171606086,-97.612214318795,prior
"5630 N Lamar Blvd, Austin, TX, 78751",5630 N Lamar Blvd,Austin,78751,30.3255817334,-97.726648459688,prior
"6910 Shirley Ave, Austin, TX, 78752",6910 Shirley Ave,Austin,78752,30.335708613955,-97.718966807586,prior
"2507 E Riverside Dr, Austin, TX, 78741",2507 E Riverside Dr,Austin,78741,30.239055159443,-97.726309750671,prior
"2121 E 6th St, Austin, TX, 78702",2121 E 6th St,Austin,78702,30.260634553839,-97.719693956932,prior
"1300 E Anderson Ln Apt 1314, Austin, TX, 78752",1300 E Anderson Ln Apt 1314,Austin,78752,30.334408030543,-97.689391104866,prior
"5000 E Cesar Chavez St, Austin, TX, 78702",5000 E Cesar Chavez St,Austin,78702,30.251602099864,-97.700373790019,prior
"4200 W Braker Ln, Austin, TX, 78759",4200 W Braker Ln,Austin,78759,30.399134818206,-97.739349516578,prior
"13201 Pond Springs Rd, Austin, TX, 78729",13201 Pond Springs Rd,Austin,78729,30.444978538457,-97.777894104141,prior
"3909 S Congress Ave, Austin, TX, 78704",3909 S Congress Ave,Austin,78704,30.224164788608,-97.763112049355,prior
"1300 E Anderson Ln Apt 1204, Austin, TX, 78752",1300 E Anderson Ln Apt 1204,Austin,78752,30.334408030543,-97.689391104866,prior
"7619 E Ben White Blvd, Austin, TX, 78741",7619 E Ben White Blvd,Austin,78741,30.217361153575,-97.692482753286,prior
"4501 Guadalupe St, Austin, TX, 78751",4501 Guadalupe St,Austin,78751,30.310922143287,-97.732995779561,prior
"4827 E Cesar Chavez St, Austin, TX, 78702",4827 E Cesar Chavez St,Austin,78702,30.251656187646,-97.702136572301,prior
"1300 E Anderson Ln Apt 1206, Austin, TX, 78752",1300 E Anderson Ln Apt 1206,Austin,78752,30.334408030543,-97.689391104866,prior
"7715 E Ben White Blvd, Austin, TX, 78744",7715 E Ben White Blvd,Austin,78744,30.218116695592,-97.690202211352,prior
"1912 W Pecan St, Pflugerville, TX, 78660",1912 W Pecan St,Pflugerville,78660,30.446928624486,-97.642658155792,prior
"7010 W Sh 71, Austin, TX, 78735",7010 W Sh 71,Austin,78735,30.234829208943,-97.875892873756,prior
"13233 Pond Springs Rd, Austin, TX, 78729",13233 Pond Springs Rd,Austin,78729,30.44563683759,-97.778785701469,prior
"1600 Payton Gin Rd, Austin, TX, 78758",1600 Payton Gin Rd,Austin,78758,30.364686554099,-97.715124661538,prior
"6816 McNeil Dr, Austin, TX, 78729",6816 McNeil Dr,Austin,78729,30.438338658239,-97.757607077111,prior
"6247 McNeil Dr, Austin, TX, 78729",6247 McNeil Dr,Austin,78729,30.44203671322,-97.746950112819,prior
"7809 E Ben White Blvd, Austin, TX, 78744",7809 E Ben White Blvd,Austin,78744,30.218694260151,-97.689106971765,prior
"800 W Pecan St, Pflugerville, TX, 78660",800 W Pecan St,Pflugerville,78660,30.44262008799,-97.626546649058,prior
"7300 S I-35, Austin, TX, 78745",7300 S I-35,Austin,78745,30.183600068355,-97.775700425393,prior
"1300 E Anderson Ln Apt 1002, Austin, TX, 78752",1300 E Anderson Ln Apt 1002,Austin,78752,30.334408030543,-97.689391104866,prior
"1300 E Anderson Ln Apt 1203, Austin, TX, 78752",1300 E Anderson Ln Apt 1203,Austin,78752,30.334408030543,-97.689391104866,prior
"1300 E Anderson Ln Apt 1202, Austin, TX, 78752",1300 E Anderson Ln Apt 1202,Austin,78752,30.334408030543,-97.689391104866,prior
"2111 Frate Barker Rd, Austin, TX, 78748",2111 Frate Barker Rd,Austin,78748,30.149481267998,-97.842442462223,prior
"1625 Barton Springs Rd, Austin, TX, 78704",1625 Barton Springs Rd,Austin,78704,30.262200113101,-97.761839604606,prior
"13420 Galleria Cir, Bee Cave, TX, 78738",13420 Galleria Cir,Bee Cave,78738,30.310280133392,-97.940618065767,prior
"415 W Slaughter Ln, Austin, TX, 78748",415 W Slaughter Ln,Austin,78748,30.170424695254,-97.797270334128,prior
"11330 Farrah, Austin, TX, 78748",11330 Farrah,Austin,78748,30.140725911523,-97.800420986788,prior
"11601 Alterra Pkwy, Austin, TX, 78758",11601 Alterra Pkwy,Austin,78758,30.401667329312,-97.719493177329,prior
"3929 Market St, Bee Cave, TX, 78738",3929 Market St,Bee Cave,78738,30.308401453544,-97.936633508637,prior
"601 Barton Springs Rd, Austin, TX, 78704",601 Barton Springs Rd,Austin,78704,30.258350431156,-97.750154373534,prior
"3801 Juniper Trce, Austin, TX, 78738",3801 Juniper Trce,Austin,78738,30.30826186078,-97.934840219489,prior
"100 W FM 1626, Austin, TX, 78748",100 W FM 1626,Austin,78748,30.143728893837,-97.804843893648,prior
"1200 Barbara Jordan Blvd, Austin, TX, 78723",1200 Barbara Jordan Blvd,Austin,78723,30.307832152251,-97.710911183634,prior
"8600 W US 290 Highway, Austin, TX, 78736",8600 W US 290 Highway,Austin,78736,30.234548010446,-97.911149551875,prior
"2600 E Pflugerville Pkwy, Pflugerville, TX, 78660",2600 E Pflugerville Pkwy,Pflugerville,78660,30.451243824697,-97.593039052818,prior
"5532 Menchaca Rd, Austin, TX, 78745",5532 Menchaca Rd,Austin,78745,30.215686414134,-97.797443128093,prior
"4521 West Gate Blvd, Austin, TX, 78745",4521 West Gate Blvd,Austin,78745,30.231402022819,-97.800514727846,prior
"1700 Onion Creek Pkwy, Austin, TX, 78748",1700 Onion Creek Pkwy,Austin,78748,30.137179550535,-97.797732650185,prior
"603 Barton Springs Rd, Austin, TX, 78704",603 Barton Springs Rd,Austin,78704,30.258358234103,-97.750176472173,prior
"20007 FM 685, Pflugerville, TX, 78660",20007 FM 685,Pflugerville,78660,30.481427471803,-97.585808849376,prior
"1901 E Cesar Chavez St, Austin, TX, 78702",1901 E Cesar Chavez St,Austin,78702,30.257055747916,-97.724575980929,prior
"2100 Autumn Slate Dr Ste 100 #, Pflugerville, TX, 78660",2100 Autumn Slate Dr Ste 100 #,Pflugerville,78660,30.468184825872,-97.590103788641,prior
"18609 Limestone Commercial Dr, Pflugerville, TX, 78660",18609 Limestone Commercial Dr,Pflugerville,78660,30.465087347245,-97.597864364739,prior
"3401 Esperanza Xing, Austin, TX, 78758",3401 Esperanza Xing,Austin,78758,30.401211169474,-97.72738094421,prior
"6700 Manor Rd, Austin, TX, 78723",6700 Manor Rd,Austin,78723,30.310140584602,-97.667157757824,prior
"5400 Ross Rd, Del Valle, TX, 78617",5400 Ross Rd,Del Valle,78617,30.175377245737,-97.619453466049,prior
"15608 Spring Hill Ln, Pflugerville, TX, 78660",15608 Spring Hill Ln,Pflugerville,78660,30.445216981376,-97.651437870353,prior
"2728 S Congress Ave, Austin, TX, 78704",2728 S Congress Ave,Austin,78704,30.235136657531,-97.756721132658,prior
"5500 Ross Rd, Del Valle, TX, 78617",5500 Ross Rd,Del Valle,78617,30.172363317913,-97.629530611686,prior
"10025 Burnet Rd, Austin, TX, 78758",10025 Burnet Rd,Austin,78758,30.384080606553,-97.723867193462,prior
"5107 Manor Rd, Austin, TX, 78723",5107 Manor Rd,Austin,78723,30.298261741876,-97.686936648866,prior
"18817 Limestone Commercial Dr, Pflugerville, TX, 78660",18817 Limestone Commercial Dr,Pflugerville,78660,30.467986042995,-97.596000336513,prior
"18617 Limestone Commercial Dr, Pflugerville, TX, 78660",18617 Limestone Commercial Dr,Pflugerville,78660,30.465141850104,-97.597717296616,prior
"11918 Ring Dr, Manor, TX, 78653",11918 Ring Dr,Manor,78653,30.346589387792,-97.539848338756,prior
"834 Kramer Ln, Austin, TX, 78758",834 Kramer Ln,Austin,78758,30.3824893146,-97.693593453676,prior
"7409 N FM 620 Rd, Austin, TX, 78726",7409 N FM 620 Rd,Austin,78726,30.406727237997,-97.852344671507,prior
"428 Kingston Lacy Blvd, Pflugerville, TX, 78660",428 Kingston Lacy Blvd,Pflugerville,78660,30.47749857692,-97.616340749045,prior
"1900 Rosewood Ave, Austin, TX, 78702",1900 Rosewood Ave,Austin,78702,30.269771202579,-97.718979337648,prior
"7135 N Lamar Blvd, Austin, TX, 78752",7135 N Lamar Blvd,Austin,78752,30.338817052055,-97.718105686174,prior
"201 E Oltorf St, Austin, TX, 78704",201 E Oltorf St,Austin,78704,30.236982427627,-97.750338609551,prior
"2701 W William Cannon Dr, Austin, TX, 78745",2701 W William Cannon Dr,Austin,78745,30.207405233637,-97.81640493441,prior
"13001 Center Lake Dr, Austin, TX, 78753",13001 Center Lake Dr,Austin,78753,30.406473076066,-97.668333733283,prior
"1103 W Pecan St, Pflugerville, TX, 78660",1103 W Pecan St,Pflugerville,78660,30.443726506212,-97.629191809212,prior
"12300 Amherst Dr, Austin, TX, 78727",12300 Amherst Dr,Austin,78727,30.419811373612,-97.716844338879,prior
"1300 E Anderson Ln Apt 1005, Austin, TX, 78752",1300 E Anderson Ln Apt 1005,Austin,78752,30.334408030543,-97.689391104866,prior
"3509 FM 620 N, Austin, TX, 78734",3509 FM 620 N,Austin,78734,30.396046148444,-97.932542692072,prior
"10805 N Lamar Blvd, Austin, TX, 78753",10805 N Lamar Blvd,Austin,78753,30.376868692116,-97.689165323187,prior
"1300 E Anderson Ln Apt 1301, Austin, TX, 78752",1300 E Anderson Ln Apt 1301,Austin,78752,30.334408030543,-97.689391104866,prior
"5517 Cameron Rd, Austin, TX, 78723",5517 Cameron Rd,Austin,78723,30.313112775996,-97.704834231,prior
"6711 E Ben White Blvd, Austin, TX, 78741",6711 E Ben White Blvd,Austin,78741,30.21325461506,-97.705261581849,prior
"1007 E 40th St, Austin, TX, 78751",1007 E 40th St,Austin,78751,30.297340647303,-97.720112047871,prior
"1300 E Anderson Ln Apt 1308, Austin, TX, 78752",1300 E Anderson Ln Apt 1308,Austin,78752,30.334408030543,-97.689391104866,prior
"2606 W Pecan St, Pflugerville, TX, 78660",2606 W Pecan St,Pflugerville,78660,30.446392128086,-97.645966550856,prior
"3801 N Capital of Texas Highway, Austin, TX, 78746",3801 N Capital of Texas Highway,Austin,78746,30.336256261901,-97.805383519817,prior
"700 Showplace Ln, Austin, TX, 78753",700 Showplace Ln,Austin,78753,30.361551971557,-97.687433109355,prior
"1918 Rosewood Ave, Austin, TX, 78702",1918 Rosewood Ave,Austin,78702,30.269798483112,-97.718821397695,prior
"1300 E Anderson Ln Apt 1205, Austin, TX, 78752",1300 E Anderson Ln Apt 1205,Austin,78752,30.334408030543,-97.689391104866,prior
"13609 N I-35 Service Rd, Austin, TX, 78753",13609 N I-35 Service Rd,Austin,78753,30.422126690683,-97.67152757079,prior
"1300 E Anderson Ln Apt 1201, Austin, TX, 78752",1300 E Anderson Ln Apt 1201,Austin,78752,30.334408030543,-97.689391104866,prior
"3616 Far West Blvd, Austin, TX, 78731",3616 Far West Blvd,Austin,78731,30.354604052551,-97.755318981513,prior
"11600 Rock Rose Ave, Austin, TX, 78758",11600 Rock Rose Ave,Austin,78758,30.401709154383,-97.722508874405,prior
"1660 E 51st St, Austin, TX, 78723",1660 E 51st St,Austin,78723,30.304316110524,-97.699603667237,prior
"4210 W Braker Ln, Austin, TX, 78759",4210 W Braker Ln,Austin,78759,30.399203128387,-97.739499798954,prior
"800 W Cesar Chavez St, Austin, TX, 78701",800 W Cesar Chavez St,Austin,78701,30.265708964485,-97.752394152861,prior
"11300 E US 290 Highway, Manor, TX, 78653",11300 E US 290 Highway,Manor,78653,30.350757327365,-97.499879944361,prior
"6800 West Gate Blvd, Austin, TX, 78745",6800 West Gate Blvd,Austin,78745,30.208779755287,-97.814530903302,prior
"1009 W Dittmar Rd, Austin, TX, 78745",1009 W Dittmar Rd,Austin,78745,30.185720655368,-97.801545647162,prior
"4700 Loyola Ln, Austin, TX, 78723",4700 Loyola Ln,Austin,78723,30.309560923666,-97.666630164349,prior
"3848 Airport Blvd, Austin, TX, 78722",3848 Airport Blvd,Austin,78722,30.289352395523,-97.707471420084,prior
"6613 Airport Blvd, Austin, TX, 78752",6613 Airport Blvd,Austin,78752,30.331032153094,-97.715569425553,prior
"11718 Metric Blvd, Austin, TX, 78758",11718 Metric Blvd,Austin,78758,30.396978769379,-97.7054532718,prior
"616 FM 685, Pflugerville, TX, 78660",616 FM 685,Pflugerville,78660,30.440873866057,-97.611270478483,prior
"6540 Ed Bluestein Blvd, Austin, TX, 78723",6540 Ed Bluestein Blvd,Austin,78723,30.30300065932,-97.661138761367,prior
"844 Airport Blvd, Austin, TX, 78702",844 Airport Blvd,Austin,78702,30.258326084117,-97.693429178138,prior
"900 E Pecan St, Pflugerville, TX, 78660",900 E Pecan St,Pflugerville,78660,30.350120735454,-97.698505584938,prior
"6619 Airport Blvd, Austin, TX, 78752",6619 Airport Blvd,Austin,78752,30.331118049077,-97.715584821998,prior
"8602 FM 969 Rd, Austin, TX, 78724",8602 FM 969 Rd,Austin,78724,30.277215550927,-97.637762147346,prior
"12443 Metric Blvd, Austin, TX, 78758",12443 Metric Blvd,Austin,78758,30.412334637535,-97.69101477913,prior
"11800 Metric Blvd, Austin, TX, 78758",11800 Metric Blvd,Austin,78758,30.397842738723998,-97.704890897399,prior
"4815 W Braker Ln, Austin, TX, 78759",4815 W Braker Ln,Austin,78759,30.400555043859,-97.747518993808,prior
"5029 Manor Rd, Austin, TX, 78723",5029 Manor Rd,Austin,78723,30.297250337556,-97.687394972347,prior
"2701 Manor Rd, Austin, TX, 78722",2701 Manor Rd,Austin,78722,30.285046646372,-97.714108554633,prior
"1209 E 6th St, Austin, TX, 78702",1209 E 6th St,Austin,78702,30.264302059112,-97.730421643067,prior
"7901 Cameron Rd, Austin, TX, 78754",7901 Cameron Rd,Austin,78754,30.33309450844,-97.685870446126,prior
"1300 E Anderson Ln Apt 1101, Austin, TX, 78752",1300 E Anderson Ln Apt 1101,Austin,78752,30.334408030543,-97.689391104866,prior
"2500 W Parmer Ln, Austin, TX, 78727",2500 W Parmer Ln,Austin,78727,30.418901331085,-97.701808574115,prior
"2508 E Riverside Dr, Austin, TX, 78741",2508 E Riverside Dr,Austin,78741,30.239138591697,-97.726087251099,prior
"3112 Speidel Dr, Pflugerville, TX, 78660",3112 Speidel Dr,Pflugerville,78660,30.476830260564,-97.563985124196,prior
"13501 Lyndhurst St, Austin, TX, 78717",13501 Lyndhurst St,Austin,78717,30.473258267636,-97.783927346333,prior
"8402 Cross Park Dr, Austin, TX, 78754",8402 Cross Park Dr,Austin,78754,30.338190028235,-97.676547212999,prior
"325 E 6th St, Austin, TX, 78701",325 E 6th St,Austin,78701,30.267247620803,-97.740110985676,prior
"7309 Cameron Rd, Austin, TX, 78752",7309 Cameron Rd,Austin,78752,30.328274852828,-97.690714214628,prior
"2505 W Parmer Ln, Austin, TX, 78727",2505 W Parmer Ln,Austin,78727,30.418344613894,-97.701329795634,prior
"6000 Cele Rd, Pflugerville, TX, 78660",6000 Cele Rd,Pflugerville,78660,30.455675755184,-97.551307286409,prior
"20101 Hodde Ln, Pflugerville, TX, 78660",20101 Hodde Ln,Pflugerville,78660,30.463329681921,-97.550068240818,prior
"10900 Lakeline Mall Dr Ste 500 #, Austin, TX, 78717",10900 Lakeline Mall Dr Ste 500 #,Austin,78717,30.475341337614,-97.79397492724,prior
"12400 Amherst Dr, Austin, TX, 78727",12400 Amherst Dr,Austin,78727,30.420160427363,-97.716626180274,prior
"1600 Settlers Valley Dr, Pflugerville, TX, 78660",1600 Settlers Valley Dr,Pflugerville,78660,30.442286850763,-97.642137246145,prior
"4601 Hound Dog Trl, Austin, TX, 78725",4601 Hound Dog Trl,Austin,78725,30.249403127071,-97.587510132506,prior
"4112 Medical Pkwy, Austin, TX, 78756",4112 Medical Pkwy,Austin,78756,30.310077106745,-97.742709102616,prior
"14000 Westall, Austin, TX, 78725",14000 Westall,Austin,78725,30.242032655898,-97.589434163635,prior
"1712 E 11th St, Austin, TX, 78702",1712 E 11th St,Austin,78702,30.266744883775,-97.722332750723,prior
"6317 FM 2244 Rd, Austin, TX, 78746",6317 FM 2244 Rd,Austin,78746,30.296659074141,-97.833518207197,prior
"5811 Berkman Dr, Austin, TX, 78723",5811 Berkman Dr,Austin,78723,30.312016463992,-97.69366386847,prior
"9505 Stonelake Blvd, Austin, TX, 78759",9505 Stonelake Blvd,Austin,78759,30.385711592625,-97.739284762574,prior
"4222 Duval St, Austin, TX, 78751",4222 Duval St,Austin,78751,30.304102538862,-97.726536332752,prior
"710 W Cesar Chavez St, Austin, TX, 78701",710 W Cesar Chavez St,Austin,78701,30.265389651982,-97.75132345699,prior
"412 Swenson Farms Blvd, Pflugerville, TX, 78660",412 Swenson Farms Blvd,Pflugerville,78660,30.446096507752,-97.633652885587,prior
"103 Yacht Club Cv, Lakeway, TX, 78734",103 Yacht Club Cv,Lakeway,78734,30.365472994352,-98.00866028506,prior
"4800 Burnet Rd Ste 300 #, Austin, TX, 78756",4800 Burnet Rd Ste 300 #,Austin,78756,30.318946389316,-97.739439252661,prior
"1165 Airport Blvd, Austin, TX, 78702",1165 Airport Blvd,Austin,78702,30.274742704952,-97.698422788762,prior
"3401 Webberville Rd, Austin, TX, 78702",3401 Webberville Rd,Austin,78702,30.269439000975,-97.706576812057,prior
"2310 Bliss Spillar Rd, Manchaca, TX, 78652",2310 Bliss Spillar Rd,Manchaca,78652,30.136521057731,-97.855560872426,prior
"8012 Mesa Dr, Austin, TX, 78731",8012 Mesa Dr,Austin,78731,30.370056439891,-97.758092136334,prior
"20205 FM 685, Pflugerville, TX, 78660",20205 FM 685,Pflugerville,78660,30.484717505646,-97.584066186513,prior
"6111 Davis Ln, Austin, TX, 78749",6111 Davis Ln,Austin,78749,30.21134102756,-97.874575322884,prior
"4701 E Martin Luther King Jr Blvd, Austin, TX, 78721",4701 E Martin Luther King Jr Blvd,Austin,78721,30.285924689377,-97.681324463911,prior
"4600 Nuckols Crossing Rd, Austin, TX, 78744",4600 Nuckols Crossing Rd,Austin,78744,30.199634664981,-97.734903708697,prior
"2300 San Antonio St, Austin, TX, 78705",2300 San Antonio St,Austin,78705,30.286622491754,-97.742816183185,prior
"101 N Lexington St, Manor, TX, 78653",101 N Lexington St,Manor,78653,30.34114148137,-97.557748974116,prior
"7801 Guadalupe St, Austin, TX, 78752",7801 Guadalupe St,Austin,78752,30.345022125652,-97.710117016707,prior
"1600 Ohlen Rd, Austin, TX, 78758",1600 Ohlen Rd,Austin,78758,30.364222153723,-97.71489716953,prior
"1054 Springdale Rd, Austin, TX, 78721",1054 Springdale Rd,Austin,78721,30.270854720147,-97.69223617373,prior
"8300 N FM 620 Rd, Austin, TX, 78726",8300 N FM 620 Rd,Austin,78726,30.419367628872,-97.84612927133,prior
"405 Denson Dr, Austin, TX, 78752",405 Denson Dr,Austin,78752,30.328489405302,-97.719769752937,prior
"104 N Railroad Ave, Pflugerville, TX, 78660",104 N Railroad Ave,Pflugerville,78660,30.439595412918,-97.620041424607,prior
"1143 1/2 Airport Blvd, Austin, TX, 78702",1143 1/2 Airport Blvd,Austin,78702,30.271572183042,-97.697243424472,prior
"2323 San Antonio St, Austin, TX, 78705",2323 San Antonio St,Austin,78705,30.286858384123,-97.742661044879,prior
"2525 W Anderson Ln, Austin, TX, 78757",2525 W Anderson Ln,Austin,78757,30.357396626639,-97.733835725071,prior
"12611 Hymeadow Dr, Austin, TX, 78729",12611 Hymeadow Dr,Austin,78729,30.458294581534,-97.791118321047,prior
"8300 N FM 620 Rd Ste 100, Austin, TX, 78726",8300 N FM 620 Rd Ste 100,Austin,78726,30.419367628872,-97.84612927133,prior
"4920 Davis Ln, Austin, TX, 78749",4920 Davis Ln,Austin,78749,30.205654467534,-97.859109605534,prior
"1600 Town Center Dr, Pflugerville, TX, 78660",1600 Town Center Dr,Pflugerville,78660,30.465019692389,-97.598021510782,prior
"1825 W Parmer Ln, Austin, TX, 78727",1825 W Parmer Ln,Austin,78727,30.413450217384,-97.691363098094,prior
"7216 W Sh 71, Austin, TX, 78735",7216 W Sh 71,Austin,78735,30.236315978764,-97.87763353722,prior
"3500 E Parmer Ln, Austin, TX, 78754",3500 E Parmer Ln,Austin,78754,30.376072887772,-97.631535854534,prior
"1508 W Anderson Ln, Austin, TX, 78757",1508 W Anderson Ln,Austin,78757,30.352087544822002,-97.72217327526,prior
"12700 Gregg Manor Rd, Manor, TX, 78653",12700 Gregg Manor Rd,Manor,78653,30.353093680534,-97.560995674899,prior
"24900 W Sh 71, Spicewood, TX, 78669",24900 W Sh 71,Spicewood,78669,30.403375402374,-98.095606994057,prior
"1007 S Congress Ave Apt 110 #, Austin, TX, 78704",1007 S Congress Ave Apt 110 #,Austin,78704,30.254569005126,-97.747761764551,prior
"2438 W Anderson Ln, Austin, TX, 78757",2438 W Anderson Ln,Austin,78757,30.356464175459,-97.731271486855,prior
"2210 S 1st St, Austin, TX, 78704",2210 S 1st St,Austin,78704,30.244336691851,-97.757838649008,prior
"6909 Burnet Ln, Austin, TX, 78757",6909 Burnet Ln,Austin,78757,30.345200459466,-97.736654802965,prior
"10001 s I-35 Service Rd, Austin, TX, 78747",10001 s I-35 Service Rd,Austin,78747,30.36353141046,-97.684229270007,prior
"11013 Lakeline Mall Dr, Cedar Park, TX, 78613",11013 Lakeline Mall Dr,Cedar Park,78613,30.472680824282,-97.799561892853,prior
"1925 Rutland Dr, Austin, TX, 78758",1925 Rutland Dr,Austin,78758,30.379076438358,-97.712796697177,prior
"10003 FM 969 Rd, Austin, TX, 78724",10003 FM 969 Rd,Austin,78724,30.267321594415,-97.625952329567,prior
"9926 Lake Creek Pkwy, Austin, TX, 78717",9926 Lake Creek Pkwy,Austin,78717,30.468123312897,-97.78833733604,prior
"7916 Decker Ln, Austin, TX, 78724",7916 Decker Ln,Austin,78724,30.305547659592,-97.618837774405,prior
"8820 Burnet Rd, Austin, TX, 78757",8820 Burnet Rd,Austin,78757,30.370335954936,-97.727126969417,prior
"2808 Manor Rd, Austin, TX, 78722",2808 Manor Rd,Austin,78722,30.285476259807,-97.711971666724,prior
"10621 W Parmer Ln, Austin, TX, 78717",10621 W Parmer Ln,Austin,78717,30.498934790687,-97.776128231334,prior
"21018 W SH 71, Spicewood, TX, 78669",21018 W SH 71,Spicewood,78669,30.351174853533,-98.062905926452,prior
"1931 E Ben White Blvd, Austin, TX, 78741",1931 E Ben White Blvd,Austin,78741,30.215717175538,-97.745719139532,prior
"1911 W Anderson Ln, Austin, TX, 78757",1911 W Anderson Ln,Austin,78757,30.353852756177,-97.726188016192,prior
"12900 Gregg Manor Rd, Manor, TX, 78653",12900 Gregg Manor Rd,Manor,78653,30.357550522254,-97.561515044534,prior
"8104 Decker Ln, Austin, TX, 78724",8104 Decker Ln,Austin,78724,30.307014644783,-97.617934110834,prior
"2400 E Oltorf St, Austin, TX, 78741",2400 E Oltorf St,Austin,78741,30.229248991653,-97.73000266369,prior
"1717 S Pleasant Valley Rd, Austin, TX, 78741",1717 S Pleasant Valley Rd,Austin,78741,30.236333363505,-97.72104108207,prior
"9815 N Lamar Blvd, Austin, TX, 78753",9815 N Lamar Blvd,Austin,78753,30.367516368647,-97.694427163733,prior
"17511 Schultz Ln, Pflugerville, TX, 78660",17511 Schultz Ln,Pflugerville,78660,30.473774878836,-97.641336781708,prior
"3908 W Braker Ln, Austin, TX, 78759",3908 W Braker Ln,Austin,78759,30.396628517802,-97.734168152165,prior
"5600 Decker Ln, Austin, TX, 78724",5600 Decker Ln,Austin,78724,30.279285761344,-97.635748382065,prior
"8500 Decker Ln, Austin, TX, 78724",8500 Decker Ln,Austin,78724,30.311059853496,-97.615243954208,prior
"700 W 45th St, Austin, TX, 78751",700 W 45th St,Austin,78751,30.311701033754,-97.734359697096,prior
"3901 Speedway, Austin, TX, 78751",3901 Speedway,Austin,78751,30.301900899516,-97.732630089953,prior
"9011 Mountain Ridge Dr, Austin, TX, 78759",9011 Mountain Ridge Dr,Austin,78759,30.386685529372,-97.753809969184,prior
"2909 Guadalupe St, Austin, TX, 78705",2909 Guadalupe St,Austin,78705,30.295526908086,-97.742674386983,prior
"8455 Spicewood Springs Rd, Austin, TX, 78759",8455 Spicewood Springs Rd,Austin,78759,30.431765966511,-97.778034553392,prior
"1900 E Cesar Chavez St, Austin, TX, 78702",1900 E Cesar Chavez St,Austin,78702,30.257161361725,-97.724524506796,prior
"11012 Pecan Park Blvd, Cedar Park, TX, 78613",11012 Pecan Park Blvd,Cedar Park,78613,30.467499011497,-97.80443151624,prior
"102 W Powell Ln, Austin, TX, 78753",102 W Powell Ln,Austin,78753,30.347639811136,-97.703235762687,prior
"5900 W Slaughter Ln Ste 400 #, Austin, TX, 78749",5900 W Slaughter Ln Ste 400 #,Austin,78749,30.200942762572,-97.879263105383,prior
"13414 Harrisglenn Dr, Austin, TX, 78753",13414 Harrisglenn Dr,Austin,78753,30.404943497178,-97.644965643801,prior
"525 N Lamar Blvd, Austin, TX, 78703",525 N Lamar Blvd,Austin,78703,30.270599106305,-97.75436624963,prior
"2700 S Congress Ave, Austin, TX, 78704",2700 S Congress Ave,Austin,78704,30.235487273274,-97.756455189414993,prior
"308 Congress Ave, Austin, TX, 78701",308 Congress Ave,Austin,78701,30.265398998725,-97.743874357547,prior
"18900 Limestone Commercial Dr, Pflugerville, TX, 78660",18900 Limestone Commercial Dr,Pflugerville,78660,30.469520252209,-97.595764216868,prior
"3914 N Lamar Blvd, Austin, TX, 78756",3914 N Lamar Blvd,Austin,78756,30.307183475596,-97.741910992898,prior
"1206 W 38th St, Austin, TX, 78705",1206 W 38th St,Austin,78705,30.306114632066,-97.744974975346,prior
"2801 W Anderson Ln, Austin, TX, 78757",2801 W Anderson Ln,Austin,78757,30.359138120974,-97.737341847116,prior
"14300 Hamilton Pool Rd, Bee Cave, TX, 78738",14300 Hamilton Pool Rd,Bee Cave,78738,30.308637740871,-97.96729047097,prior
"115 E Main St, Pflugerville, TX, 78660",115 E Main St,Pflugerville,78660,30.440631051255,-97.620303664262,prior
"8203 Sam Rayburn Dr, Austin, TX, 78753",8203 Sam Rayburn Dr,Austin,78753,30.346190896473,-97.7000950758,prior
"408 W 11th St, Austin, TX, 78701",408 W 11th St,Austin,78701,30.273802589537,-97.744697677748,prior
"9811 S I-35, Austin, TX, 78744",9811 S I-35,Austin,78744,30.162668602105,-97.787591691331,prior
"227 Congress Ave, Austin, TX, 78701",227 Congress Ave,Austin,78701,30.264574354807,-97.744036146021,prior
"8620 Burnet Rd, Austin, TX, 78757",8620 Burnet Rd,Austin,78757,30.368348252291,-97.727633347729,prior
"1700 Woodland Ave, Austin, TX, 78741",1700 Woodland Ave,Austin,78741,30.239327906213,-97.735249907098,prior
"1006 E Yager Ln, Austin, TX, 78753",1006 E Yager Ln,Austin,78753,30.391700055125,-97.660532068359,prior
"1201 W 38th St, Austin, TX, 78705",1201 W 38th St,Austin,78705,30.305990539705,-97.744986703474,prior
"900 W 12th St, Austin, TX, 78703",900 W 12th St,Austin,78703,30.276565853044,-97.750199189078,prior
"8600 Burnet Rd, Austin, TX, 78757",8600 Burnet Rd,Austin,78757,30.367782559542,-97.727783991935,prior
"1200 N Railroad Ave, Pflugerville, TX, 78660",1200 N Railroad Ave,Pflugerville,78660,30.451601139514,-97.617382696885,prior
"18601 Limestone Commercial Dr, Pflugerville, TX, 78660",18601 Limestone Commercial Dr,Pflugerville,78660,30.465042233404,-97.598003807529,prior
"4415 Menchaca Rd, Austin, TX, 78745",4415 Menchaca Rd,Austin,78745,30.229375462907,-97.788612081112,prior
"11819 Pavilion Blvd, Austin, TX, 78759",11819 Pavilion Blvd,Austin,78759,30.424350594475,-97.756318871364,prior
"4533 S I-35, Austin, TX, 78744",4533 S I-35,Austin,78744,30.206140880311,-97.757241030694,prior
"7414 Johnny Morris Rd, Austin, TX, 78724",7414 Johnny Morris Rd,Austin,78724,30.308196129141,-97.643152015639,prior
"1500 N Railroad Ave, Pflugerville, TX, 78660",1500 N Railroad Ave,Pflugerville,78660,30.455985262154,-97.616824193075,prior
"3801 N Capital of Texas Highway #, Austin, TX, 78746",3801 N Capital of Texas Highway #,Austin,78746,30.336256261901,-97.805383519817,prior
"6711 Johnny Morris Rd, Austin, TX, 78724",6711 Johnny Morris Rd,Austin,78724,30.300379483019,-97.648051929391,prior
"4501 S I-35, Austin, TX, 78744",4501 S I-35,Austin,78744,30.206479276404,-97.756988809994,prior
"1601 Ohlen Rd, Austin, TX, 78758",1601 Ohlen Rd,Austin,78758,30.36410964215,-97.714871981424,prior
"9835 N Lake Creek Pkwy, Austin, TX, 78717",9835 N Lake Creek Pkwy,Austin,78717,30.474828141415,-97.793634865829,prior
"11800 N Lamar Blvd #, Austin, TX, 78753",11800 N Lamar Blvd #,Austin,78753,30.387742159002,-97.683630876565,prior
"1200 Lakeway Dr, Lakeway, TX, 78734",1200 Lakeway Dr,Lakeway,78734,30.362795798338,-97.982496672081,prior
"2901 S Capital of Texas Highway Ste 10A #, Austin, TX, 78746",2901 S Capital of Texas Highway Ste 10A #,Austin,78746,30.256072512323,-97.810494749979,prior
"1719 E Parmer Ln, Austin, TX, 78754",1719 E Parmer Ln,Austin,78754,30.386675141297,-97.648301099132,prior
"501 Canyon Ridge Dr, Austin, TX, 78753",501 Canyon Ridge Dr,Austin,78753,30.402743967966,-97.67121877523,prior
"1606 E Parmer Ln, Austin, TX, 78753",1606 E Parmer Ln,Austin,78753,30.39004157662,-97.652063537368,prior
"1812 Payton Gin Rd, Austin, TX, 78758",1812 Payton Gin Rd,Austin,78758,30.365417801583,-97.716744952718,prior
"2114 Lakeway Blvd, Lakeway, TX, 78734",2114 Lakeway Blvd,Lakeway,78734,30.357786551308,-97.976212399242,prior
"7101 Sh 71, Austin, TX, 78736",7101 Sh 71,Austin,78736,30.236157263952,-97.877667622332,prior
"7101 W SH 71, Austin, TX, 78736",7101 W SH 71,Austin,78736,30.236157263952,-97.877667622332,prior
"18701 Limestone Commercial Dr, Pflugerville, TX, 78660",18701 Limestone Commercial Dr,Pflugerville,78660,30.466247203135,-97.596811095113,prior
"96 Redbud Trl, West Lake Hills, TX, 78746",96 Redbud Trl,West Lake Hills,78746,30.292294319319,-97.798337934279,prior
"18709 Limestone Commercial Dr, Pflugerville, TX, 78660",18709 Limestone Commercial Dr,Pflugerville,78660,30.466359983113,-97.596739936314,prior
"10210 Ember Glen Dr, Austin, TX, 78726",10210 Ember Glen Dr,Austin,78726,30.436529413417,-97.82518238551,prior
"1400 S Congress Ave #, Austin, TX, 78704",1400 S Congress Ave #,Austin,78704,30.249786501861,-97.749674742276,prior
"12713 Galleria Cir, Bee Cave, TX, 78738",12713 Galleria Cir,Bee Cave,78738,30.3072831856,-97.93904708328,prior
"12024 Vista Parke Dr, Austin, TX, 78726",12024 Vista Parke Dr,Austin,78726,30.41667848569,-97.855483225849,prior
"14001 Bee Cave Pkwy, Austin, TX, 78738",14001 Bee Cave Pkwy,Austin,78738,30.312682944688,-97.960368146746,prior
"1100 S Lamar Blvd, Austin, TX, 78704",1100 S Lamar Blvd,Austin,78704,30.255509206833,-97.761883986016,prior
"4020 Lost Oasis Holw, Austin, TX, 78739",4020 Lost Oasis Holw,Austin,78739,30.16139062147,-97.873446001469,prior
"10401 Anderson Mill Rd, Austin, TX, 78750",10401 Anderson Mill Rd,Austin,78750,30.447005339995,-97.809740664312,prior
"11501 Staked Plains Dr, Austin, TX, 78717",11501 Staked Plains Dr,Austin,78717,30.49723015545,-97.793954264191,prior
"12836 E Us 290 Highway, Manor, TX, 78653",12836 E Us 290 Highway,Manor,78653,30.351008349982,-97.493559334792,prior
"9617 Anderson Mill Rd, Austin, TX, 78750",9617 Anderson Mill Rd,Austin,78750,30.448408285302,-97.791586609772,prior
"1011 W FM 1626, Austin, TX, 78748",1011 W FM 1626,Austin,78748,30.140515031057,-97.831610250514,prior
"930 E Rundberg Ln, Austin, TX, 78753",930 E Rundberg Ln,Austin,78753,30.356822433857,-97.685372575784,prior
"9308 Anderson Mill Rd, Austin, TX, 78729",9308 Anderson Mill Rd,Austin,78729,30.451058834465,-97.783260937147,prior
"7104 Berkman Dr, Austin, TX, 78752",7104 Berkman Dr,Austin,78752,30.324071498268,-97.689650098112,prior
"2525 W Anderson Ln #, Austin, TX, 78757",2525 W Anderson Ln #,Austin,78757,30.357396626639,-97.733835725071,prior
"1509 S Lamar Blvd, Austin, TX, 78704",1509 S Lamar Blvd,Austin,78704,30.252347564226,-97.764050229399,prior
"5000 Shoalwood Ave, Austin, TX, 78756",5000 Shoalwood Ave,Austin,78756,30.323518689404,-97.742772546128,prior
"1512 Holly St, Austin, TX, 78702",1512 Holly St,Austin,78702,30.255279988183,-97.731091320881,prior
"3720 Far West Blvd, Austin, TX, 78731",3720 Far West Blvd,Austin,78731,30.355441516505,-97.757081270363,prior
"1100 Center Ridge Dr, Austin, TX, 78753",1100 Center Ridge Dr,Austin,78753,30.416825968424,-97.669212112437,prior
"3818 Far West Blvd, Austin, TX, 78731",3818 Far West Blvd,Austin,78731,30.356404248405,-97.759225733652,prior
"1608 Town Center Dr, Pflugerville, TX, 78660",1608 Town Center Dr,Pflugerville,78660,30.463670957101,-97.598247429447,prior
"2800 Esperanza Xing, Austin, TX, 78758",2800 Esperanza Xing,Austin,78758,30.397945970732,-97.718120646393,prior
"3550 Far West Blvd, Austin, TX, 78731",3550 Far West Blvd,Austin,78731,30.353544917241,-97.753161676672,prior
"1514 Holly St, Austin, TX, 78702",1514 Holly St,Austin,78702,30.255273695462,-97.731073335607,prior
"7415 Southwest Pkwy Bldg 4, Austin, TX, 78735",7415 Southwest Pkwy Bldg 4,Austin,78735,30.255070561356,-97.866407976453,prior
"301 E 5th St, Austin, TX, 78701",301 E 5th St,Austin,78701,30.266364255511,-97.740693046754,prior
"319 Colorado St, Austin, TX, 78701",319 Colorado St,Austin,78701,30.265810932702,-97.745011677611,prior
"504 Trinity St, Austin, TX, 78701",504 Trinity St,Austin,78701,30.266236410911,-97.739708343569,prior
"2237 W Braker Ln, Austin, TX, 78758",2237 W Braker Ln,Austin,78758,30.392113165223,-97.712448136493,prior
"1100 Center Ridge Dr Ste 300 #, Austin, TX, 78753",1100 Center Ridge Dr Ste 300 #,Austin,78753,30.416825968424,-97.669212112437,prior
"7415 Southwest Pkwy Bldg 6, Austin, TX, 78735",7415 Southwest Pkwy Bldg 6,Austin,78735,30.255070561356,-97.866407976453,prior
"3596 Far West Blvd, Austin, TX, 78731",3596 Far West Blvd,Austin,78731,30.354396165654,-97.754892548183,prior
"3742 Far West Blvd, Austin, TX, 78731",3742 Far West Blvd,Austin,78731,30.355657639993,-97.757562680489,prior
"210 W 27th St, Austin, TX, 78705",210 W 27th St,Austin,78705,30.291897489751,-97.73908697113,prior
"8925 Anderson Mill Rd, Austin, TX, 78729",8925 Anderson Mill Rd,Austin,78729,30.453015996069,-97.776802142593,prior
"305 E 5th St, Austin, TX, 78701",305 E 5th St,Austin,78701,30.266353251542,-97.740655018337,prior
"3008 Gonzales St, Austin, TX, 78702",3008 Gonzales St,Austin,78702,30.259526839256,-97.707391315466,prior
"801 W Wells Branch Pkwy, Pflugerville, TX, 78660",801 W Wells Branch Pkwy,Pflugerville,78660,30.432740971159,-97.653176040134,prior
"6605 Airport Blvd, Austin, TX, 78752",6605 Airport Blvd,Austin,78752,30.330629541339,-97.715540662017,prior
"308 W William Cannon Dr, Austin, TX, 78745",308 W William Cannon Dr,Austin,78745,30.194696556127,-97.783314770815,prior
"4211 S Lamar Blvd, Austin, TX, 78704",4211 S Lamar Blvd,Austin,78704,30.236439097954,-97.79206964834,prior
"111 Congress Ave, Austin, TX, 78701",111 Congress Ave,Austin,78701,30.263505739727,-97.744450841741,prior
"1002 W 26th St, Austin, TX, 78705",1002 W 26th St,Austin,78705,30.290934435737,-97.747629930063,prior
"1201 E 6th St, Austin, TX, 78702",1201 E 6th St,Austin,78702,30.264327844922,-97.730493198678,prior
"10622 Burnet Rd, Austin, TX, 78758",10622 Burnet Rd,Austin,78758,30.390126035696,-97.722178754667,prior
"2324 FM 685, Pflugerville, TX, 78660",2324 FM 685,Pflugerville,78660,30.457902757136,-97.600853859488,prior
"1201 Barbara Jordan Blvd Ste 1220 #, Austin, TX, 78723",1201 Barbara Jordan Blvd Ste 1220 #,Austin,78723,30.30669407244,-97.709237661311,prior
"618 FM 685, Pflugerville, TX, 78660",618 FM 685,Pflugerville,78660,30.440915733822,-97.61124271262,prior
"11721 Rock Rose Ave, Austin, TX, 78758",11721 Rock Rose Ave,Austin,78758,30.403049113975,-97.721846006359,prior
"2723 S Lakeline Blvd, Austin, TX, 78613",2723 S Lakeline Blvd,Austin,78613,30.475228210335,-97.811348597835,prior
"6534 Burnet Rd, Austin, TX, 78757",6534 Burnet Rd,Austin,78757,30.341282684206,-97.738865507787,prior
"1409 Lavaca St, Austin, TX, 78701",1409 Lavaca St,Austin,78701,30.276769255827,-97.74216446985,prior
"5326 Menchaca Rd, Austin, TX, 78745",5326 Menchaca Rd,Austin,78745,30.21774748789,-97.796073697988,prior
"1921 Cedar Bend Dr, Austin, TX, 78758",1921 Cedar Bend Dr,Austin,78758,30.408299302782,-97.697395994864,prior
"1800 Scofield Ridge Pkwy, Austin, TX, 78727",1800 Scofield Ridge Pkwy,Austin,78727,30.428142539467,-97.679058043185,prior
"206 Colorado St, Austin, TX, 78701",206 Colorado St,Austin,78701,30.264803750067,-97.745532282138,prior
"500 San Marcos St, Austin, TX, 78702",500 San Marcos St,Austin,78702,30.264252077581,-97.732996324986,prior
"1712 FM 685, Pflugerville, TX, 78660",1712 FM 685,Pflugerville,78660,30.453539627283,-97.603478701795,prior
"5330 Menchaca Rd, Austin, TX, 78745",5330 Menchaca Rd,Austin,78745,30.217708519609,-97.796099058299,prior
"16310 Bratton Ln Ste 300 #, Austin, TX, 78728",16310 Bratton Ln Ste 300 #,Austin,78728,30.464765656823,-97.673647184453,prior
"6214 E Riverside Dr, Austin, TX, 78741",6214 E Riverside Dr,Austin,78741,30.225581227189,-97.704631832202,prior
"3300 W Anderson Ln, Austin, TX, 78757",3300 W Anderson Ln,Austin,78757,30.361326608039,-97.742317567765,prior
"5608 Courtyard Dr, Austin, TX, 78731",5608 Courtyard Dr,Austin,78731,30.356217491425,-97.789779368291,prior
"111 E Cesar Chavez St, Austin, TX, 78701",111 E Cesar Chavez St,Austin,78701,30.263280926738,-97.744398641685,prior
"8900 Shoal Creek Blvd, Austin, TX, 78757",8900 Shoal Creek Blvd,Austin,78757,30.375184607982,-97.73428703835,prior
"11704 N Lamar Blvd, Austin, TX, 78758",11704 N Lamar Blvd,Austin,78758,30.386193396814,-97.68426497128,prior
"15111 Avery Ranch Blvd, Austin, TX, 78717",15111 Avery Ranch Blvd,Austin,78717,30.499087399107,-97.772945981548,prior
"8822 McCann Dr, Austin, TX, 78757",8822 McCann Dr,Austin,78757,30.372435278771,-97.729946053384,prior
"8515 Burnet Rd, Austin, TX, 78757",8515 Burnet Rd,Austin,78757,30.366313753972,-97.72803706886,prior
"3906 W Braker Ln, Austin, TX, 78759",3906 W Braker Ln,Austin,78759,30.396612791712,-97.734136138344,prior
"5611 West Gate Blvd, Austin, TX, 78745",5611 West Gate Blvd,Austin,78745,30.219820131276,-97.806738377124,prior
"16614 Hamilton Pool Rd, Austin, TX, 78738",16614 Hamilton Pool Rd,Austin,78738,30.29097963768,-98.022741209509,prior
"400 E Yager Ln, Austin, TX, 78753",400 E Yager Ln,Austin,78753,30.396415496992,-97.667473484714,prior
"8619 Burnet Rd, Austin, TX, 78757",8619 Burnet Rd,Austin,78757,30.368420126324,-97.727481068614,prior
"1800 E 6th St, Austin, TX, 78702",1800 E 6th St,Austin,78702,30.262081334503,-97.723459321621,prior
"1325 Rutland Dr, Austin, TX, 78758",1325 Rutland Dr,Austin,78758,30.369609461185,-97.706403692412,prior
"1101 Wheatley Ave, Austin, TX, 78752",1101 Wheatley Ave,Austin,78752,30.334039471303,-97.694316227198,prior
"2408 W Anderson Ln, Austin, TX, 78757",2408 W Anderson Ln,Austin,78757,30.356272696328,-97.730921639721,prior
"7329 Burnet Rd, Austin, TX, 78757",7329 Burnet Rd,Austin,78757,30.348605525619,-97.735466972505,prior
"6500 N Lamar Blvd, Austin, TX, 78752",6500 N Lamar Blvd,Austin,78752,30.332832834998,-97.722052320434,prior
"1601 W Koenig Ln, Austin, TX, 78756",1601 W Koenig Ln,Austin,78756,30.332376379069,-97.734853921671,prior
"2426 E Riverside Dr, Austin, TX, 78741",2426 E Riverside Dr,Austin,78741,30.239377321967,-97.726224780472,prior
"5400 Brodie Ln, Sunset Valley, TX, 78745",5400 Brodie Ln,Sunset Valley,78745,30.229854120323,-97.820289650419,prior
"1822 Rutland Dr, Austin, TX, 78758",1822 Rutland Dr,Austin,78758,30.378142149977,-97.710675207806,prior
"2207 Justin Ln, Austin, TX, 78757",2207 Justin Ln,Austin,78757,30.34464869466,-97.73589999096,prior
"11220 N Lamar Blvd #, Austin, TX, 78753",11220 N Lamar Blvd #,Austin,78753,30.381045751735,-97.686929323391,prior
"701 E 11th St, Austin, TX, 78701",701 E 11th St,Austin,78701,30.270792346066,-97.734316333857,prior
"10500 N Lamar Blvd, Austin, TX, 78758",10500 N Lamar Blvd,Austin,78758,30.373994017686,-97.690926345015,prior
"11301 Burnet Rd, Austin, TX, 78758",11301 Burnet Rd,Austin,78758,30.395993394168,-97.720055330174,prior
"7610 John Glenn Way, Austin, TX, 78741",7610 John Glenn Way,Austin,78741,30.22206811109,-97.689318614307,prior
"2545 W Anderson Ln, Austin, TX, 78757",2545 W Anderson Ln,Austin,78757,30.357602138885,-97.734284298881,prior
"2213 Justin Ln, Austin, TX, 78757",2213 Justin Ln,Austin,78757,30.344669125171,-97.735951553672,prior
"310 E 5th St, Austin, TX, 78701",310 E 5th St,Austin,78701,30.26644540095,-97.74055582785,prior
"12525 Bee Cave Pkwy, Bee Cave, TX, 78738",12525 Bee Cave Pkwy,Bee Cave,78738,30.307807779519,-97.932316778332,prior
"303 Colorado St, Austin, TX, 78701",303 Colorado St,Austin,78701,30.265673069836,-97.745060449856,prior
"4405 E Riverside Dr, Austin, TX, 78741",4405 E Riverside Dr,Austin,78741,30.233578772029,-97.72348674821,prior
"2601 E Cesar Chavez St, Austin, TX, 78702",2601 E Cesar Chavez St,Austin,78702,30.253842348977,-97.715374640826,prior
"2701 E 7th St, Austin, TX, 78702",2701 E 7th St,Austin,78702,30.260554122406,-97.711583570791,prior
"2425 E 7th St, Austin, TX, 78702",2425 E 7th St,Austin,78702,30.260989611901,-97.71470903533,prior
"6801 E Riverside Dr, Austin, TX, 78741",6801 E Riverside Dr,Austin,78741,30.222886490157,-97.698888084489,prior
"14028 N US 183 Highway Service Rd, Austin, TX, 78613",14028 N US 183 Highway Service Rd,Austin,78613,30.476495238732,-97.801077386978,prior
"11101 Burnet Rd #, Austin, TX, 78758",11101 Burnet Rd #,Austin,78758,30.395238267297,-97.72031672027,prior
"10205 N Lamar Blvd, Austin, TX, 78753",10205 N Lamar Blvd,Austin,78753,30.371224511145,-97.692345448833,prior
"2015 E Riverside Dr #, Austin, TX, 78741",2015 E Riverside Dr #,Austin,78741,30.240909595478,-97.727749314746,prior
"4501 Menchaca Rd, Austin, TX, 78745",4501 Menchaca Rd,Austin,78745,30.228181401028,-97.789379089023,prior
"2020 E 7th St, Austin, TX, 78702",2020 E 7th St,Austin,78702,30.262130902767,-97.720073444738,prior
"10616 Menchaca Rd, Austin, TX, 78748",10616 Menchaca Rd,Austin,78748,30.164927724502,-97.829141870636,prior
"14910 FM 1825, Pflugerville, TX, 78660",14910 FM 1825,Pflugerville,78660,30.44140193149,-97.666223748985,prior
"9207 N Lamar Blvd, Austin, TX, 78753",9207 N Lamar Blvd,Austin,78753,30.361198925839,-97.697964626381,prior
"2217 E 7th St, Austin, TX, 78702",2217 E 7th St,Austin,78702,30.261405736503,-97.717359961316,prior
"309 E 3rd St, Austin, TX, 78701",309 E 3rd St,Austin,78701,30.26446444597,-97.741327126801,prior
"7310 Burnet Rd, Austin, TX, 78757",7310 Burnet Rd,Austin,78757,30.348974149035,-97.735371433296,prior
"850 E Rundberg Ln, Austin, TX, 78753",850 E Rundberg Ln,Austin,78753,30.357397386151,-97.686201619782,prior
"1900 Rio Grande St, Austin, TX, 78705",1900 Rio Grande St,Austin,78705,30.282724967427,-97.745237887922,prior
"1401 Rosewood Ave, Austin, TX, 78702",1401 Rosewood Ave,Austin,78702,30.268836756508,-97.724252315995,prior
"1002 Pace Bend Rd S, Spicewood, TX, 78669",1002 Pace Bend Rd S,Spicewood,78669,30.404703665603,-98.062671522499,prior
"405 Lavaca St, Austin, TX, 78701",405 Lavaca St,Austin,78701,30.26694887948,-97.745774928792,prior
"607 W 3rd St, Austin, TX, 78701",607 W 3rd St,Austin,78701,30.266795836288,-97.749593734296,prior
"3601 Webberville Rd, Austin, TX, 78702",3601 Webberville Rd,Austin,78702,30.271347306077,-97.705419102734,prior
"418 E 6th St, Austin, TX, 78701",418 E 6th St,Austin,78701,30.267058058331,-97.739075801546,prior
"6133 E Ben White Blvd, Austin, TX, 78741",6133 E Ben White Blvd,Austin,78741,30.212150614954,-97.71407674283,prior
"6009 E Ben White Blvd, Austin, TX, 78741",6009 E Ben White Blvd,Austin,78741,30.21243405264,-97.716047467926,prior
"1311 E 7th St, Austin, TX, 78702",1311 E 7th St,Austin,78702,30.264848388416,-97.728779104658,prior
"7731 Menchaca Rd, Austin, TX, 78745",7731 Menchaca Rd,Austin,78745,30.194206083974,-97.811038835942,prior
"7517 Cameron Rd, Austin, TX, 78752",7517 Cameron Rd,Austin,78752,30.329838293884,-97.689314544489,prior
"11800 Dessau Rd, Austin, TX, 78754",11800 Dessau Rd,Austin,78754,30.37800612021,-97.657956451071,prior
"402 E 6th St, Austin, TX, 78701",402 E 6th St,Austin,78701,30.267099601098,-97.739232885104,prior
"6101 Patton Ranch Rd, Austin, TX, 78735",6101 Patton Ranch Rd,Austin,78735,30.238845851279,-97.859094068495,prior
"4001 Tannehill Ln, Austin, TX, 78721",4001 Tannehill Ln,Austin,78721,30.276223937753,-97.675907640301,prior
"6412 W Us 290 Highway, Austin, TX, 78735",6412 W Us 290 Highway,Austin,78735,30.234882905451,-97.862233328485,prior
"1101 FM 685, Pflugerville, TX, 78660",1101 FM 685,Pflugerville,78660,30.44500040061,-97.608439903838,prior
"4501 E Ben White Blvd, Austin, TX, 78741",4501 E Ben White Blvd,Austin,78741,30.214800641202,-97.735181732003,prior
"1600 E 6th St, Austin, TX, 78702",1600 E 6th St,Austin,78702,30.263103066067,-97.726451331912,prior
"1511 E 6th St, Austin, TX, 78702",1511 E 6th St,Austin,78702,30.263284215641,-97.72741151607,prior
"401 W Braker Ln, Austin, TX, 78753",401 W Braker Ln,Austin,78753,30.380647787739,-97.684323178232,prior
"7301 N FM 620 Rd, Austin, TX, 78726",7301 N FM 620 Rd,Austin,78726,30.404578173701,-97.85350643031,prior
"1901 W William Cannon Dr, Austin, TX, 78745",1901 W William Cannon Dr,Austin,78745,30.202209681208,-97.804491967515,prior
"700 N Cuernavaca Dr, Austin, TX, 78733",700 N Cuernavaca Dr,Austin,78733,30.331362028423,-97.869353305553,prior
"7200 Cameron Rd, Austin, TX, 78752",7200 Cameron Rd,Austin,78752,30.326184903658,-97.692402755975,prior
"11279 Taylor Draper Ln, Austin, TX, 78759",11279 Taylor Draper Ln,Austin,78759,30.409790940156,-97.74891845079,prior
"6500 Brush Country Rd, Austin, TX, 78749",6500 Brush Country Rd,Austin,78749,30.225271933447,-97.841129178062,prior
"1151 Airport Blvd, Austin, TX, 78702",1151 Airport Blvd,Austin,78702,30.273630549983,-97.697872223884,prior
"12521 Twin Creeks RD, Austin, TX, 78652",12521 Twin Creeks RD,Austin,78652,30.125455571306,-97.81932015531,prior
"2917 W Anderson Ln, Austin, TX, 78757",2917 W Anderson Ln,Austin,78757,30.359691661715,-97.738388722677,prior
"4501 Dudmar Dr, Austin, TX, 78735",4501 Dudmar Dr,Austin,78735,30.235196655606,-97.806016594863,prior
"1725 E Riverside Dr, Austin, TX, 78741",1725 E Riverside Dr,Austin,78741,30.243824620075,-97.729921106793,prior
"1150 Airport Blvd, Austin, TX, 78702",1150 Airport Blvd,Austin,78702,30.274672382024,-97.698527552393,prior
"1144 Airport Blvd, Austin, TX, 78702",1144 Airport Blvd,Austin,78702,30.273485924136,-97.69795592118,prior
"10414 Mc Kalla Pl, Austin, TX, 78758",10414 Mc Kalla Pl,Austin,78758,30.385280303742,-97.719210894154,prior
"310 Colorado St, Austin, TX, 78701",310 Colorado St,Austin,78701,30.265775486813,-97.745162948046,prior
"200 Lavaca St, Austin, TX, 78701",200 Lavaca St,Austin,78701,30.265068602243,-97.746628316139,prior
"6528 N Lamar Blvd, Austin, TX, 78752",6528 N Lamar Blvd,Austin,78752,30.333159692608,-97.721846204991,prior
"4508 Burnet Rd, Austin, TX, 78756",4508 Burnet Rd,Austin,78756,30.315571773799,-97.741534954675,prior
"2000 Southern Oaks Dr, Austin, TX, 78745",2000 Southern Oaks Dr,Austin,78745,30.218563253066,-97.795460298462,prior
"4100 Jackson Ave, Austin, TX, 78731",4100 Jackson Ave,Austin,78731,30.315331576634,-97.755156413988,prior
"2300 Rowe Ln, Pflugerville, TX, 78660",2300 Rowe Ln,Pflugerville,78660,30.483645777655,-97.574798189504,prior
"1203 W 6th St, Austin, TX, 78703",1203 W 6th St,Austin,78703,30.27298536616,-97.757899564787,prior
"1200 W 6th St, Austin, TX, 78703",1200 W 6th St,Austin,78703,30.272838307947,-97.757147200915,prior
"2617 Kelly Ln, Pflugerville, TX, 78660",2617 Kelly Ln,Pflugerville,78660,30.46630867848,-97.582144579686,prior
"1301 S Lamar Blvd, Austin, TX, 78704",1301 S Lamar Blvd,Austin,78704,30.253649935373,-97.762898966914,prior
"6575 Decker Ln, Austin, TX, 78724",6575 Decker Ln,Austin,78724,30.290832665589,-97.628141194862,prior
"4410 Menchaca Rd, Austin, TX, 78745",4410 Menchaca Rd,Austin,78745,30.22915755354,-97.7889041328,prior
"1222 S Lamar Blvd, Austin, TX, 78704",1222 S Lamar Blvd,Austin,78704,30.254206102674,-97.762691682156,prior
"922 W 12th St, Austin, TX, 78703",922 W 12th St,Austin,78703,30.276648862023,-97.75045290645,prior
"6575 Decker Ln #, Austin, TX, 78724",6575 Decker Ln #,Austin,78724,30.290832665589,-97.628141194862,prior
"1201 Payton Gin Rd, Austin, TX, 78758",1201 Payton Gin Rd,Austin,78758,30.360520504353,-97.706184802352,prior
"500 W 5th St, Austin, TX, 78701",500 W 5th St,Austin,78701,30.268452807887,-97.747748357189,prior
"1306 E 6th St, Austin, TX, 78702",1306 E 6th St,Austin,78702,30.264059206582,-97.729390253772,prior
"104 E Highland Mall Blvd, Austin, TX, 78752",104 E Highland Mall Blvd,Austin,78752,30.328727035716,-97.71394666773,prior
"1130 W 6th St, Austin, TX, 78703",1130 W 6th St,Austin,78703,30.272336124968,-97.755837563493,prior
"5800 Burnet Rd, Austin, TX, 78756",5800 Burnet Rd,Austin,78756,30.333690133646,-97.740086951215,prior
"7950 Burnet Rd, Austin, TX, 78757",7950 Burnet Rd,Austin,78757,30.357181748914,-97.730656284603,prior
"8401 Hathaway Dr, Austin, TX, 78757",8401 Hathaway Dr,Austin,78757,30.363778331272,-97.726581935252,prior
"7718 Burnet Rd, Austin, TX, 78757",7718 Burnet Rd,Austin,78757,30.353836367491,-97.732348264737,prior
"18901 Limestone Commercial Dr, Pflugerville, TX, 78660",18901 Limestone Commercial Dr,Pflugerville,78660,30.469489658677,-97.595636088872,prior
"1100 W Parmer Ln, Austin, TX, 78727",1100 W Parmer Ln,Austin,78727,30.408051070388,-97.67876048469,prior
"606 Rathervue Pl, Austin, TX, 78705",606 Rathervue Pl,Austin,78705,30.291965681295,-97.732005698765,prior
"1101 Picadilly Dr, Pflugerville, TX, 78660",1101 Picadilly Dr,Pflugerville,78660,30.465024677043,-97.64187892141,prior
"7017 Menchaca Rd, Austin, TX, 78745",7017 Menchaca Rd,Austin,78745,30.200767179997,-97.807133110011,prior
"1718 Picadilly Dr, Round Rock, TX, 78664",1718 Picadilly Dr,Round Rock,78664,30.467161778924,-97.654947623042,prior
"3501 Wells Branch Pkwy, Austin, TX, 78728",3501 Wells Branch Pkwy,Austin,78728,30.439905237006,-97.697279582664,prior
"2021 E Riverside Dr, Austin, TX, 78741",2021 E Riverside Dr,Austin,78741,30.240860186582,-97.727708585797,prior
"11800 N Lamar Blvd, Austin, TX, 78758",11800 N Lamar Blvd,Austin,78758,30.387742159002,-97.683630876565,prior
"1420 W Wells Branch Pkwy Ste 100 #, Pflugerville, TX, 78660",1420 W Wells Branch Pkwy Ste 100 #,Pflugerville,78660,30.440723701708,-97.662932337829,prior
"1809 W Anderson Ln, Austin, TX, 78757",1809 W Anderson Ln,Austin,78757,30.35337888855,-97.725186508798,prior
"9520 Highway 290 W, Austin, TX, 78736",9520 Highway 290 W,Austin,78736,30.23072991317,-97.933516303142,prior
"6806 FM 2244 Rd, Austin, TX, 78746",6806 FM 2244 Rd,Austin,78746,30.299799170198,-97.838187042352,prior
"1102 Sabine St, Austin, TX, 78701",1102 Sabine St,Austin,78701,30.270958570908,-97.734392050164,prior
"700 E 11th St, Austin, TX, 78701",700 E 11th St,Austin,78701,30.2709010932,-97.7342745026,prior
"14920 Bald Eagle Dr, Pflugerville, TX, 78660",14920 Bald Eagle Dr,Pflugerville,78660,30.435318329029,-97.656576624317,prior
"1501 Town Creek Dr, Austin, TX, 78741",1501 Town Creek Dr,Austin,78741,30.241642592908,-97.727179017352,prior
"10931 Stonelake Blvd, Austin, TX, 78759",10931 Stonelake Blvd,Austin,78759,30.400044107521,-97.735557820103,prior
"10001 Stonelake Blvd, Austin, TX, 78759",10001 Stonelake Blvd,Austin,78759,30.391459867334,-97.739299118555,prior
"7901 Burnet Rd, Austin, TX, 78757",7901 Burnet Rd,Austin,78757,30.356171076463,-97.730812099866,prior
"1212 S Lamar Blvd, Austin, TX, 78704",1212 S Lamar Blvd,Austin,78704,30.254420681252,-97.762553328039,prior
"1509 E Wells Branch Pkwy, Pflugerville, TX, 78660",1509 E Wells Branch Pkwy,Pflugerville,78660,30.441034693473,-97.664472996652,prior
"4403 Avenue B, Austin, TX, 78751",4403 Avenue B,Austin,78751,30.308915817969,-97.731687352048,prior
"110 San Antonio St, Austin, TX, 78701",110 San Antonio St,Austin,78701,30.264769699417,-97.749141760297,prior
"729 E Slaughter Ln, Austin, TX, 78744",729 E Slaughter Ln,Austin,78744,30.160542615838,-97.777025303979,prior
"6208 Cameron Rd, Austin, TX, 78723",6208 Cameron Rd,Austin,78723,30.31943566553,-97.697320008812,prior
"4300 Speedway, Austin, TX, 78751",4300 Speedway,Austin,78751,30.306501702291,-97.729861597656,prior
"1106 W Dittmar Rd, Austin, TX, 78745",1106 W Dittmar Rd,Austin,78745,30.185735298507,-97.804575008636,prior
"9900 W Parmer Ln Ste 220 #, Austin, TX, 78717",9900 W Parmer Ln Ste 220 #,Austin,78717,30.485983185238,-97.770409490345,prior
"9722 Great Hills Trl, Austin, TX, 78759",9722 Great Hills Trl,Austin,78759,30.394478053173,-97.751715268085,prior
"18101 W Sh 71, Travis County, TX, 78738",18101 W Sh 71,Travis County,78738,30.33032552599,-98.023310076428,prior
"18201 W Sh 71, Bee Cave, TX, 78738",18201 W Sh 71,Bee Cave,78738,30.331495054728,-98.024616626992,prior
"320 S Capital of Texas Highway, West Lake Hills, TX, 78746",320 S Capital of Texas Highway,West Lake Hills,78746,30.302428842592,-97.826959385709,prior
"1807 S 1st St, Austin, TX, 78704",1807 S 1st St,Austin,78704,30.247322037546,-97.755822209257,prior
"2113 W Anderson Ln, Austin, TX, 78757",2113 W Anderson Ln,Austin,78757,30.354780399013,-97.728152517711,prior
"1401 W Koenig Ln, Austin, TX, 78756",1401 W Koenig Ln,Austin,78756,30.330845970645,-97.731681290197,prior
"6106 Cameron Rd, Austin, TX, 78723",6106 Cameron Rd,Austin,78723,30.318813284264,-97.698024584911,prior
"2603 Jones Rd, Austin, TX, 78745",2603 Jones Rd,Austin,78745,30.224657268806,-97.80211743896,prior
"6812 N Lamar Blvd, Austin, TX, 78752",6812 N Lamar Blvd,Austin,78752,30.33576002555,-97.720193691361,prior
"6301 N Lamar Blvd, Austin, TX, 78752",6301 N Lamar Blvd,Austin,78752,30.330940250649,-97.723102860413,prior
"1304 W Koenig Ln, Austin, TX, 78756",1304 W Koenig Ln,Austin,78756,30.330451011563,-97.73056283529,prior
"825 E Rundberg Ln, Austin, TX, 78753",825 E Rundberg Ln,Austin,78753,30.357320359268,-97.686518184175,prior
"5501 Balcones Dr, Austin, TX, 78731",5501 Balcones Dr,Austin,78731,30.336419491606,-97.757756194986,prior
"1315 W 6th St, Austin, TX, 78703",1315 W 6th St,Austin,78703,30.27360440959,-97.759581718594,prior
"12453 Lamplight Village Ave, Austin, TX, 78758",12453 Lamplight Village Ave,Austin,78758,30.414930035529,-97.696417910477,prior
"1501 W Pecan St, Pflugerville, TX, 78660",1501 W Pecan St,Pflugerville,78660,30.44707391988,-97.636211395575,prior
"12223 Cassady Dr, Austin, TX, 78727",12223 Cassady Dr,Austin,78727,30.421268214561,-97.719814351216,prior
"2021 W Pecan St, Pflugerville, TX, 78660",2021 W Pecan St,Pflugerville,78660,30.446114020904,-97.646973088629,prior
"2014 W Pecan St, Pflugerville, TX, 78660",2014 W Pecan St,Pflugerville,78660,30.432239597886,-97.604636082604,prior
"3003 Northland Dr, Austin, TX, 78757",3003 Northland Dr,Austin,78757,30.334951695009,-97.75271366869,prior
"730 W Stassney Ln, Austin, TX, 78745",730 W Stassney Ln,Austin,78745,30.2088622101,-97.782153080574,prior
"1605 W Pecan St, Pflugerville, TX, 78660",1605 W Pecan St,Pflugerville,78660,30.447402987822,-97.637094964177,prior
"1023 Springdale Rd Bldg 1, Austin, TX, 78721",1023 Springdale Rd Bldg 1,Austin,78721,30.268725946821,-97.693463309561,prior
"3324 Northland Dr, Austin, TX, 78731",3324 Northland Dr,Austin,78731,30.337025849554,-97.756264006013,prior
"11700 Domain Blvd, Austin, TX, 78758",11700 Domain Blvd,Austin,78758,30.402696267363,-97.720605317889,prior
"1401 W 6th St, Austin, TX, 78703",1401 W 6th St,Austin,78703,30.273857480578,-97.760297408787,prior
"10212 Menchaca Rd, Austin, TX, 78748",10212 Menchaca Rd,Austin,78748,30.169170016597,-97.825736200148,prior
"11101 Burnet Rd Bldg A, Austin, TX, 78758",11101 Burnet Rd Bldg A,Austin,78758,30.395238267297,-97.72031672027,prior
"2300 E Ben White Blvd, Austin, TX, 78741",2300 E Ben White Blvd,Austin,78741,30.216238191395,-97.738720172578,prior
"2937 W Anderson Ln, Austin, TX, 78757",2937 W Anderson Ln,Austin,78757,30.359824108656,-97.738635664436,prior
"6315 S I-35, Austin, TX, 78744",6315 S I-35,Austin,78744,30.193459259811,-97.767419149712,prior
"5330 Airport Blvd, Austin, TX, 78751",5330 Airport Blvd,Austin,78751,30.315163530743,-97.714631110531,prior
"8801 West Gate Blvd, Austin, TX, 78745",8801 West Gate Blvd,Austin,78745,30.194495968277,-97.830909084596,prior
"1914 E 6th St, Austin, TX, 78702",1914 E 6th St,Austin,78702,30.261662410726,-97.722246446741,prior
"2905 San Gabriel St, Austin, TX, 78705",2905 San Gabriel St,Austin,78705,30.297809136722,-97.747651008438993,prior
"11940 Manchaca Rd, Austin, TX, 78748",11940 Manchaca Rd,Austin,78748,30.143600103025,-97.833063781042,prior
"1705 Airport Commerce Dr, Austin, TX, 78741",1705 Airport Commerce Dr,Austin,78741,30.221286803047,-97.690611477898,prior
"5775 Airport Blvd, Austin, TX, 78752",5775 Airport Blvd,Austin,78752,30.32218049442,-97.714248499745,prior
"8007 Gessner Dr, Austin, TX, 78753",8007 Gessner Dr,Austin,78753,30.343795181395,-97.702186996326,prior
"9414 Parkfield Dr, Austin, TX, 78758",9414 Parkfield Dr,Austin,78758,30.367739666981,-97.706102217805,prior
"1200 E 6th St, Austin, TX, 78702",1200 E 6th St,Austin,78702,30.264433600457,-97.730442112259,prior
"9315 Chisholm Ln, Austin, TX, 78748",9315 Chisholm Ln,Austin,78748,30.176375577536,-97.810369379532,prior
"2051 W FM 1626, Manchaca, TX, 78652",2051 W FM 1626,Manchaca,78652,30.141434077873,-97.84587111697,prior
"11101 Burnet Rd, Austin, TX, 78758",11101 Burnet Rd,Austin,78758,30.395238267297,-97.72031672027,prior
"2912 Medical Arts St, Austin, TX, 78705",2912 Medical Arts St,Austin,78705,30.289338412722,-97.728481255795,prior
"4406 Russell Dr, Austin, TX, 78745",4406 Russell Dr,Austin,78745,30.228381248508,-97.786297005609,prior
"1805 Airport Commerce Dr, Austin, TX, 78741",1805 Airport Commerce Dr,Austin,78741,30.220677356767,-97.691811840932,prior
"716 W 6th St, Austin, TX, 78701",716 W 6th St,Austin,78701,30.270071392866,-97.749714776669,prior
"6539 Burnet Rd, Austin, TX, 78757",6539 Burnet Rd,Austin,78757,30.340241091567002,-97.738870271356,prior
"4220 Monterey Oaks Blvd, Austin, TX, 78749",4220 Monterey Oaks Blvd,Austin,78749,30.229145568111,-97.834046703453,prior
"2521 Rutland Dr, Austin, TX, 78758",2521 Rutland Dr,Austin,78758,30.382965713605,-97.722857877088,prior
"1900 E Anderson Ln, Austin, TX, 78754",1900 E Anderson Ln,Austin,78754,30.329094539612,-97.925500245274,prior
"6929 AIRPORT BLVD, Austin, TX, 78752",6929 AIRPORT BLVD,Austin,78752,30.335627185138,-97.717652358945,prior
"2714 Kelly Ln, Pflugerville, TX, 78660",2714 Kelly Ln,Pflugerville,78660,30.465273524415,-97.579655395718,prior
"5510 S I-35, Austin, TX, 78745",5510 S I-35,Austin,78745,30.200202510377,-97.763284269579,prior
"7708 Burnet Rd, Austin, TX, 78757",7708 Burnet Rd,Austin,78757,30.353709284418,-97.732423627958,prior
"4311 Small Dr, Austin, TX, 78731",4311 Small Dr,Austin,78731,30.343885889146,-97.775817128722,prior
"2250 E Ben White Blvd, Austin, TX, 78741",2250 E Ben White Blvd,Austin,78741,30.216360609523,-97.739820949248,prior
"2438 W Anderson Ln #, Austin, TX, 78757",2438 W Anderson Ln #,Austin,78757,30.356464175459,-97.731271486855,prior
"2219 Manor Rd, Austin, TX, 78722",2219 Manor Rd,Austin,78722,30.284366040396,-97.718342412625,prior
"2213 Howard Ln, Austin, TX, 78728",2213 Howard Ln,Austin,78728,30.434939788946,-97.686920366626,prior
"434 W 2nd St, Austin, TX, 78701",434 W 2nd St,Austin,78701,30.265450849948,-97.748040592322,prior
"440 W 2nd St, Austin, TX, 78701",440 W 2nd St,Austin,78701,30.265467364416,-97.748097907227,prior
"8213 Brodie Ln, Austin, TX, 78745",8213 Brodie Ln,Austin,78745,30.201789095267,-97.837988649754,prior
"6294 McNeil Dr, Austin, TX, 78729",6294 McNeil Dr,Austin,78729,30.441202086934,-97.749741012435,prior
"5000 W Slaughter Ln, Austin, TX, 78749",5000 W Slaughter Ln,Austin,78749,30.198864813982,-97.862709950062,prior
"1901 W Anderson Ln, Austin, TX, 78757",1901 W Anderson Ln,Austin,78757,30.353812365852,-97.726100773105,prior
"454 W 2nd St, Austin, TX, 78701",454 W 2nd St,Austin,78701,30.265505898173,-97.748231642007,prior
"5715 Mesa Dr, Austin, TX, 78731",5715 Mesa Dr,Austin,78731,30.341668210647,-97.769629864911,prior
"2931 W Anderson Ln, Austin, TX, 78757",2931 W Anderson Ln,Austin,78757,30.359784635,-97.738559058791,prior
"834 E Rundberg Ln, Austin, TX, 78753",834 E Rundberg Ln,Austin,78753,30.357514900312,-97.686372860834,prior
"1900 Manor Rd, Austin, TX, 78722",1900 Manor Rd,Austin,78722,30.283880839333,-97.722107445018,prior
"111 E Main St, Pflugerville, TX, 78660",111 E Main St,Pflugerville,78660,30.440647422167,-97.620336085082,prior
"8212 Barton Club Dr, Austin, TX, 78735",8212 Barton Club Dr,Austin,78735,30.290783595266,-97.85935975583,prior
"1821 Rutherford Ln, Austin, TX, 78754",1821 Rutherford Ln,Austin,78754,30.333210560866,-97.680172332061,prior
"14735 Bratton Ln, Austin, TX, 78728",14735 Bratton Ln,Austin,78728,30.446210377069,-97.686226632074,prior
"12400 W SH 71, Bee Cave, TX, 78738",12400 W SH 71,Bee Cave,78738,30.302823714631,-97.932338528334,prior
"1100 E 6th St, Austin, TX, 78702",1100 E 6th St,Austin,78702,30.2647774986,-97.731464548287,prior
"2304 S Congress Ave, Austin, TX, 78704",2304 S Congress Ave,Austin,78704,30.239880826934,-97.752911468351,prior
"5808 Burnet Rd, Austin, TX, 78756",5808 Burnet Rd,Austin,78756,30.333781530638,-97.74007496472,prior
"710 W 28th St, Austin, TX, 78705",710 W 28th St,Austin,78705,30.293525204608,-97.74430939799,prior
"8224 Burnet Rd, Austin, TX, 78757",8224 Burnet Rd,Austin,78757,30.361914310005,-97.729390952822,prior
"8400 Burnet Rd, Austin, TX, 78757",8400 Burnet Rd,Austin,78757,30.364596950048,-97.728651756762,prior
"8300 Burnet Rd, Austin, TX, 78757",8300 Burnet Rd,Austin,78757,30.362977709009,-97.729109283589,prior
"89 Rainey St, Austin, TX, 78701",89 Rainey St,Austin,78701,30.260037536244,-97.738244407177,prior
"85 Rainey St, Austin, TX, 78701",85 Rainey St,Austin,78701,30.259731669478,-97.738360024825,prior
"6201 Wynona Ave, Austin, TX, 78757",6201 Wynona Ave,Austin,78757,30.337853998203,-97.741161802833,prior
"1700 Kahala Sunset Dr, Spicewood, TX, 78669",1700 Kahala Sunset Dr,Spicewood,78669,30.455011602012,-98.076329081517,prior
"10515 Old Manchaca Rd, Austin, TX, 78748",10515 Old Manchaca Rd,Austin,78748,30.166539900385,-97.830473301717,prior
"2222 Guadalupe St, Austin, TX, 78705",2222 Guadalupe St,Austin,78705,30.285453517215,-97.741838292531,prior
"2800 S Heatherwilde Blvd, Pflugerville, TX, 78660",2800 S Heatherwilde Blvd,Pflugerville,78660,30.420018116755,-97.660662820409,prior
"5011 Burnet Rd, Austin, TX, 78756",5011 Burnet Rd,Austin,78756,30.321710862909,-97.739277468277,prior
"2234 Guadalupe St, Austin, TX, 78705",2234 Guadalupe St,Austin,78705,30.285665350516,-97.741820104814,prior
"2711 Rio Grande St, Austin, TX, 78705",2711 Rio Grande St,Austin,78705,30.29220867951,-97.744209358864,prior
"10542 Menchaca Rd, Austin, TX, 78748",10542 Menchaca Rd,Austin,78748,30.165550768357,-97.828347018014,prior
"11301 Domain Dr, Austin, TX, 78758",11301 Domain Dr,Austin,78758,30.398098041448,-97.725800873881,prior
"8128 N Interstate 35, Austin, TX, 78753",8128 N Interstate 35,Austin,78753,30.343632841956,-97.697763495224,prior
"2805 San Jacinto Blvd, Austin, TX, 78705",2805 San Jacinto Blvd,Austin,78705,30.291032240615,-97.73471800731,prior
"1211 E 5th St, Austin, TX, 78702",1211 E 5th St,Austin,78702,30.263407174951,-97.730809930224,prior
"2809 San Jacinto Blvd, Austin, TX, 78705",2809 San Jacinto Blvd,Austin,78705,30.291073405189,-97.734749816294,prior
"1901 San Antonio St, Austin, TX, 78705",1901 San Antonio St,Austin,78705,30.282148431577,-97.743142075493,prior
"1908 Guadalupe St, Austin, TX, 78705",1908 Guadalupe St,Austin,78705,30.281832051574,-97.742000927167,prior
"301 Medical Pkwy, Lakeway, TX, 78738",301 Medical Pkwy,Lakeway,78738,30.33430646838,-97.970353114411,prior
"360 Nueces St, Austin, TX, 78701",360 Nueces St,Austin,78701,30.267425545473,-97.749324623344,prior
"11501 Menchaca Rd, Austin, TX, 78748",11501 Menchaca Rd,Austin,78748,30.153214390064,-97.833196597603,prior
"404 W 26th St, Austin, TX, 78705",404 W 26th St,Austin,78705,30.290544912456,-97.741980358213,prior
"6105 Burnet Rd, Austin, TX, 78757",6105 Burnet Rd,Austin,78757,30.336242397749,-97.7395129169,prior
"301 Lavaca St, Austin, TX, 78701",301 Lavaca St,Austin,78701,30.265968498277,-97.746158661353,prior
"258 W 2nd St, Austin, TX, 78701",258 W 2nd St,Austin,78701,30.264919094874,-97.746113051073,prior
"2620 Rio Grande St, Austin, TX, 78705",2620 Rio Grande St,Austin,78705,30.290997826082,-97.744459330197,prior
"3706 N Lamar Blvd, Austin, TX, 78705",3706 N Lamar Blvd,Austin,78705,30.304574206858,-97.743571637527,prior
"6507 Jester Blvd, Austin, TX, 78750",6507 Jester Blvd,Austin,78750,30.369611132521,-97.801918618606,prior
"3909 N I-35, Austin, TX, 78722",3909 N I-35,Austin,78722,30.295716091398,-97.718677338137,prior
"12401 N Lamar Blvd, Austin, TX, 78753",12401 N Lamar Blvd,Austin,78753,30.405867169332,-97.678468697414,prior
"4619 S Congress Ave, Austin, TX, 78745",4619 S Congress Ave,Austin,78745,30.215773984734,-97.768307634439,prior
"9300 N Lamar Blvd, Austin, TX, 78753",9300 N Lamar Blvd,Austin,78753,30.362567446854,-97.697351964359,prior
"8500 N Lamar Blvd, Austin, TX, 78753",8500 N Lamar Blvd,Austin,78753,30.3534305736,-97.705632446332,prior
"804 Congress Ave, Austin, TX, 78701",804 Congress Ave,Austin,78701,30.270008364218,-97.742141849465,prior
"2901 Medical Arts St, Austin, TX, 78705",2901 Medical Arts St,Austin,78705,30.288466662821,-97.728987859314,prior
"14326 Hunters Bend Rd, Austin, TX, 78725",14326 Hunters Bend Rd,Austin,78725,30.245204570882,-97.583123173858,prior
"510 W 26th St, Austin, TX, 78705",510 W 26th St,Austin,78705,30.290560130458,-97.742254672043,prior
"12430 N Lamar Blvd, Austin, TX, 78753",12430 N Lamar Blvd,Austin,78753,30.406324562253,-97.678517784923,prior
"6214 Cameron Rd, Austin, TX, 78723",6214 Cameron Rd,Austin,78723,30.319467907023,-97.697286581969,prior
"301 W 3rd St, Austin, TX, 78701",301 W 3rd St,Austin,78701,30.265895238848,-97.746326009732,prior
"241 W 3rd St, Austin, TX, 78701",241 W 3rd St,Austin,78701,30.265750837346,-97.745857954794,prior
"8222 N Lamar Blvd, Austin, TX, 78753",8222 N Lamar Blvd,Austin,78753,30.351028347979,-97.708945351521,prior
"1300 E Anderson Ln Apt 1312, Austin, TX, 78752",1300 E Anderson Ln Apt 1312,Austin,78752,30.334408030543,-97.689391104866,prior
"5600 S 1st St, Austin, TX, 78745",5600 S 1st St,Austin,78745,30.208396024012,-97.781608477586,prior
"247 W 3rd St, Austin, TX, 78701",247 W 3rd St,Austin,78701,30.265778763313,-97.745950210204,prior
"6515 Airport Blvd, Austin, TX, 78752",6515 Airport Blvd,Austin,78752,30.329689329813,-97.715608666786,prior
"800 Brazos St, Austin, TX, 78701",800 Brazos St,Austin,78701,30.269605083745,-97.740822232685,prior
"16018 Hamilton Pool Rd, Austin, TX, 78738",16018 Hamilton Pool Rd,Austin,78738,30.297450599671,-98.007564667146,prior
"200 W 2nd St, Austin, TX, 78701",200 W 2nd St,Austin,78701,30.264754446055,-97.745550893068,prior
"9821 N Interstate 35, Austin, TX, 78753",9821 N Interstate 35,Austin,78753,30.36181112939,-97.685299667168,prior
"1700 E 6th St, Austin, TX, 78702",1700 E 6th St,Austin,78702,30.262400869963,-97.724390234767,prior
"15812 Windermere Dr, Pflugerville, TX, 78660",15812 Windermere Dr,Pflugerville,78660,30.446197939669,-97.648370288107,prior
"515 Congress Ave, Austin, TX, 78701",515 Congress Ave,Austin,78701,30.26727700219,-97.743040853922,prior
"2700 Nueces St, Austin, TX, 78705",2700 Nueces St,Austin,78705,30.292103425212,-97.742811775312,prior
"812 Justin Ln, Austin, TX, 78757",812 Justin Ln,Austin,78757,30.336832298539,-97.719688736547,prior
"9411 Dessau Rd, Austin, TX, 78754",9411 Dessau Rd,Austin,78754,30.351012551481,-97.675701284231,prior
"11713 Jollyville Rd, Austin, TX, 78759",11713 Jollyville Rd,Austin,78759,30.419383682772,-97.752219810371,prior
"2101 Rio Grande St, Austin, TX, 78705",2101 Rio Grande St,Austin,78705,30.28409316937,-97.744992289231,prior
"4526 West Gate Blvd, Austin, TX, 78745",4526 West Gate Blvd,Austin,78745,30.230628264749,-97.800856600981,prior
"5902 Bee Caves Rd, West Lake Hills, TX, 78746",5902 Bee Caves Rd,West Lake Hills,78746,30.293104206525,-97.822828610204,prior
"617 Congress Ave, Austin, TX, 78701",617 Congress Ave,Austin,78701,30.268231519258,-97.742681073927,prior
"11815 Alterra Pkwy, Austin, TX, 78758",11815 Alterra Pkwy,Austin,78758,30.404955432565,-97.718936502347,prior
"801 Congress Ave, Austin, TX, 78701",801 Congress Ave,Austin,78701,30.269938771466,-97.742028399344,prior
"5526 N Interstate 35, Austin, TX, 78751",5526 N Interstate 35,Austin,78751,30.312504886235,-97.709118928968,prior
"16708 Picadilly Ct, Round Rock, TX, 78664",16708 Picadilly Ct,Round Rock,78664,30.466068870263,-97.658202630958,prior
"1412 E 6th St, Austin, TX, 78702",1412 E 6th St,Austin,78702,30.263715413312,-97.728326854637,prior
"1816 E 6th St, Austin, TX, 78702",1816 E 6th St,Austin,78702,30.262030208829,-97.723310375518,prior
"701 Congress Ave, Austin, TX, 78701",701 Congress Ave,Austin,78701,30.26900209633,-97.742388003528,prior
"1304 E 51st St, Austin, TX, 78723",1304 E 51st St,Austin,78723,30.30749794388,-97.706338837514,prior
"721 Congress Ave, Austin, TX, 78701",721 Congress Ave,Austin,78701,30.26917092312,-97.742323070141,prior
"3808 W 35th St, Austin, TX, 78703",3808 W 35th St,Austin,78703,30.313148838321,-97.771803947188,prior
"7626 W SH 71, Austin, TX, 78735",7626 W SH 71,Austin,78735,30.24075701818,-97.880903054003,prior
"6215 Menchaca Rd, Austin, TX, 78745",6215 Menchaca Rd,Austin,78745,30.210327634957,-97.803663581324,prior
"709 W 22nd St, Austin, TX, 78705",709 W 22nd St,Austin,78705,30.285216223603,-97.745076223318,prior
"11190 Circle Dr, Austin, TX, 78736",11190 Circle Dr,Austin,78736,30.223875183342,-97.953146877306,prior
"11587 Jollyville Rd, Austin, TX, 78759",11587 Jollyville Rd,Austin,78759,30.415746703452,-97.74831767169,prior
"2415 E 5th St, Austin, TX, 78702",2415 E 5th St,Austin,78702,30.258324836225,-97.716355099092,prior
"6425 S I-35, Austin, TX, 78744",6425 S I-35,Austin,78744,30.191626136824,-97.768884533797,prior
"20306 N FM 973 Rd, Pflugerville, TX, 78615",20306 N FM 973 Rd,Pflugerville,78615,30.463315679922,-97.467613812859,prior
"11020 Dessau Rd, Austin, TX, 78754",11020 Dessau Rd,Austin,78754,30.369658479498,-97.667841546865,prior
"5615 Burnet Rd, Austin, TX, 78756",5615 Burnet Rd,Austin,78756,30.331437844869,-97.739939975233,prior
"2115 S Lamar Blvd, Austin, TX, 78704",2115 S Lamar Blvd,Austin,78704,30.248138463793,-97.770798783588,prior
"9808 Crofford Ln, Austin, TX, 78724",9808 Crofford Ln,Austin,78724,30.329771458443,-97.619315044799,prior
"6501 Airport Blvd, Austin, TX, 78752",6501 Airport Blvd,Austin,78752,30.329584510697,-97.71562176918,prior
"2515 S Congress Ave, Austin, TX, 78704",2515 S Congress Ave,Austin,78704,30.237077232648,-97.754915850392,prior
"3502 Kerbey Ln, Austin, TX, 78731",3502 Kerbey Ln,Austin,78731,30.307336791945,-97.750764371313,prior
"2501 E 5th St, Austin, TX, 78702",2501 E 5th St,Austin,78702,30.257920522222,-97.715051856839,prior
"4700 W Guadalupe St, Austin, TX, 78751",4700 W Guadalupe St,Austin,78751,30.315079740861,-97.732413201846,prior
"5819 Burnet Rd, Austin, TX, 78756",5819 Burnet Rd,Austin,78756,30.333873561966,-97.739929279958,prior
"9436 Parkfield Dr, Austin, TX, 78758",9436 Parkfield Dr,Austin,78758,30.368096923196,-97.705900320614,prior
"1020 E Wells Branch Pkwy, Pflugerville, TX, 78660",1020 E Wells Branch Pkwy,Pflugerville,78660,30.429379298208,-97.636369503792,prior
"1425 E Rundberg Ln, Austin, TX, 78753",1425 E Rundberg Ln,Austin,78753,30.351478396189,-97.677335935564,prior
"12463 Los Indios Trl, Austin, TX, 78729",12463 Los Indios Trl,Austin,78729,30.440007010324,-97.761674890831,prior
"3210 Esperanza Xing, Austin, TX, 78758",3210 Esperanza Xing,Austin,78758,30.399831703604,-97.723459792182,prior
"11701 Bee Cave Rd, Bee Cave, TX, 78738",11701 Bee Cave Rd,Bee Cave,78738,30.309168985955,-97.918069336384,prior
"11127 Circle Dr, Austin, TX, 78736",11127 Circle Dr,Austin,78736,30.226624803724,-97.95183288099,prior
"1301 FM 685, Pflugerville, TX, 78660",1301 FM 685,Pflugerville,78660,30.448468391779,-97.606320360242,prior
"5709 Manor Rd, Austin, TX, 78723",5709 Manor Rd,Austin,78723,30.304681672371,-97.681174382528,prior
"2901 Spirit of Texas Dr, Austin, TX, 78719",2901 Spirit of Texas Dr,Austin,78719,30.210361139871,-97.66874167812,prior
"5101 Airport Blvd, Austin, TX, 78751",5101 Airport Blvd,Austin,78751,30.312119216896,-97.715269827971,prior
"4001 Medical Pkwy, Austin, TX, 78756",4001 Medical Pkwy,Austin,78756,30.308490825601,-97.742611356163,prior
"5520 Burnet Rd, Austin, TX, 78756",5520 Burnet Rd,Austin,78756,30.330351771694,-97.739979893753,prior
"221 W North Loop Blvd, Austin, TX, 78751",221 W North Loop Blvd,Austin,78751,30.31873069879,-97.724560381917,prior
"3435 Greystone Dr, Austin, TX, 78731",3435 Greystone Dr,Austin,78731,30.357210798584,-97.74765632882,prior
"2504 Bliss Spillar Rd, Manchaca, TX, 78652",2504 Bliss Spillar Rd,Manchaca,78652,30.137722109733,-97.858105250131,prior
"5801 Westminster Dr, Austin, TX, 78723",5801 Westminster Dr,Austin,78723,30.311476780102,-97.690505853968,prior
"3016 Guadalupe St, Austin, TX, 78705",3016 Guadalupe St,Austin,78705,30.296950304633,-97.741874755355,prior
"1813 E 6th St, Austin, TX, 78702",1813 E 6th St,Austin,78702,30.261936500126,-97.723396608706,prior
"3209 Red River St, Austin, TX, 78705",3209 Red River St,Austin,78705,30.291153303742,-97.727038528067,prior
"1300 Morrow St, Austin, TX, 78757",1300 Morrow St,Austin,78757,30.347047120276,-97.72117016025,prior
"8100 N Interstate 35, Austin, TX, 78753",8100 N Interstate 35,Austin,78753,30.343257719113,-97.698006010958,prior
"6300 FM 2244 Rd, Austin, TX, 78746",6300 FM 2244 Rd,Austin,78746,30.296692220213,-97.832009565237,prior
"9616 n Lamar Blvd, Austin, TX, 78758",9616 n Lamar Blvd,Austin,78758,30.365793888164,-97.69554764226,prior
"8201 N Lamar Blvd, Austin, TX, 78753",8201 N Lamar Blvd,Austin,78753,30.350802647348,-97.709060577426,prior
"3625 Bee Caves Rd, West Lake Hills, TX, 78746",3625 Bee Caves Rd,West Lake Hills,78746,30.278325830055,-97.805895351133,prior
"3663 Bee Caves Rd, West Lake Hills, TX, 78746",3663 Bee Caves Rd,West Lake Hills,78746,30.27874761905,-97.806297420031,prior
"3638 Bee Caves Rd, West Lake Hills, TX, 78746",3638 Bee Caves Rd,West Lake Hills,78746,30.2786367418,-97.806026055619,prior
"2716 1/2 Guadalupe St, Austin, TX, 78705",2716 1/2 Guadalupe St,Austin,78705,30.292371019068,-97.741336851005,prior
"4701 Blue Bluff Rd, Austin, TX, 78724",4701 Blue Bluff Rd,Austin,78724,30.262698739713,-97.621174786409,prior
"7522 N Interstate 35, Austin, TX, 78752",7522 N Interstate 35,Austin,78752,30.33662379696,-97.702250272333,prior
"1108 E 6th St, Austin, TX, 78702",1108 E 6th St,Austin,78702,30.264752961188,-97.731391258925,prior
"1215 Corona Dr, Austin, TX, 78723",1215 Corona Dr,Austin,78723,30.312837521434,-97.704746911245,prior
"402 Brazos St, Austin, TX, 78701",402 Brazos St,Austin,78701,30.266321093555,-97.742052159733,prior
"2500 Barton Creek Blvd, Austin, TX, 78735",2500 Barton Creek Blvd,Austin,78735,30.289420990791,-97.867391184804,prior
"2700 Barton Creek Blvd, Austin, TX, 78735",2700 Barton Creek Blvd,Austin,78735,30.289018223132,-97.870739583387,prior
"217 Congress Ave, Austin, TX, 78701",217 Congress Ave,Austin,78701,30.264491806713,-97.744065505913,prior
"3519 FM 620 N, Austin, TX, 78734",3519 FM 620 N,Austin,78734,30.39614702282,-97.932452685375,prior
"9916 Brodie Ln, Austin, TX, 78748",9916 Brodie Ln,Austin,78748,30.184617502415,-97.849264059291,prior
"5311 Balcones Dr, Austin, TX, 78731",5311 Balcones Dr,Austin,78731,30.335592089657,-97.758575516362,prior
"11066 Pecan Park Blvd Ste 540 #, Cedar Park, TX, 78613",11066 Pecan Park Blvd Ste 540 #,Cedar Park,78613,30.470070031797,-97.802330043324,prior
"9523 N Lamar Blvd, Austin, TX, 78753",9523 N Lamar Blvd,Austin,78753,30.364963483392,-97.695869055999,prior
"2316 Webberville Rd, Austin, TX, 78702",2316 Webberville Rd,Austin,78702,30.262510888477,-97.715334557139,prior
"2712 Bee Caves Rd, Rollingwood, TX, 78746",2712 Bee Caves Rd,Rollingwood,78746,30.269139915648,-97.786116813458,prior
"2800 Barton Creek Blvd, Austin, TX, 78735",2800 Barton Creek Blvd,Austin,78735,30.288777541841,-97.872536748012,prior
"301 Congress Ave, Austin, TX, 78701",301 Congress Ave,Austin,78701,30.265294505365,-97.743774245157,prior
"9616 N Lamar Blvd, Austin, TX, 78753",9616 N Lamar Blvd,Austin,78753,30.365793888164,-97.69554764226,prior
"3121 Palm Way, Austin, TX, 78758",3121 Palm Way,Austin,78758,30.402516519995,-97.720845253147,prior
"1011 S Congress Ave Bldg 2, Austin, TX, 78704",1011 S Congress Ave Bldg 2,Austin,78704,30.254521912862,-97.747778642231,prior
"109 Jacob Fontaine Ln, Austin, TX, 78752",109 Jacob Fontaine Ln,Austin,78752,30.325518378878,-97.714772136333,prior
"120 E 4th St, Austin, TX, 78701",120 E 4th St,Austin,78701,30.266178687535,-97.74316455828,prior
"753 Montopolis Dr, Austin, TX, 78741",753 Montopolis Dr,Austin,78741,30.236813684317,-97.695707847347,prior
"861 E Braker Ln, Austin, TX, 78753",861 E Braker Ln,Austin,78753,30.376034394687,-97.673872659178,prior
"3900 Howard Ln, Austin, TX, 78728",3900 Howard Ln,Austin,78728,30.441268514949,-97.701569294325,prior
"7849 Shoal Creek Blvd, Austin, TX, 78757",7849 Shoal Creek Blvd,Austin,78757,30.359742409301,-97.7407828636,prior
"7100 N Interstate 35, Austin, TX, 78752",7100 N Interstate 35,Austin,78752,30.332327668492,-97.704965159244,prior
"104 E 31st St, Austin, TX, 78705",104 E 31st St,Austin,78705,30.294993785801,-97.736435024715007,prior
"3021 W Anderson Ln, Austin, TX, 78757",3021 W Anderson Ln,Austin,78757,30.360411946932,-97.739805089835,prior
"1802 E 6th St, Austin, TX, 78702",1802 E 6th St,Austin,78702,30.262074943793,-97.723440703359,prior
"2808 Guadalupe St, Austin, TX, 78705",2808 Guadalupe St,Austin,78705,30.293732379683,-97.742063524074,prior
"12301 N Mopac Expy, Austin, TX, 78758",12301 N Mopac Expy,Austin,78758,30.414532416796,-97.705897561689,prior
"4220 Duval St, Austin, TX, 78751",4220 Duval St,Austin,78751,30.304088041548,-97.726545081131,prior
"4429 Duval St, Austin, TX, 78751",4429 Duval St,Austin,78751,30.306583436109,-97.72476934308,prior
"2222 E Oltorf St, Austin, TX, 78741",2222 E Oltorf St,Austin,78741,30.229958517139,-97.731366232889,prior
"452 W 2nd St, Austin, TX, 78701",452 W 2nd St,Austin,78701,30.265500393351,-97.748212537039,prior
"5501 N Lamar Blvd, Austin, TX, 78751",5501 N Lamar Blvd,Austin,78751,30.323240347568,-97.727986220693,prior
"1201 E Rundberg Ln, Austin, TX, 78753",1201 E Rundberg Ln,Austin,78753,30.354434957548,-97.682216899573,prior
"7101 Woodrow Ave, Austin, TX, 78757",7101 Woodrow Ave,Austin,78757,30.342223504679,-97.725309467543,prior
"3010 W Anderson Ln, Austin, TX, 78757",3010 W Anderson Ln,Austin,78757,30.360554694222,-97.739555586266,prior
"12042 Bittern Holw, Austin, TX, 78758",12042 Bittern Holw,Austin,78758,30.4018506955,-97.699384963799,prior
"10009 N Lamar Blvd, Austin, TX, 78753",10009 N Lamar Blvd,Austin,78753,30.369277281588,-97.69343665015,prior
"1104 W 34th St, Austin, TX, 78705",1104 W 34th St,Austin,78705,30.303289781339,-97.745812214147,prior
"2000 E Pecan St, Pflugerville, TX, 78660",2000 E Pecan St,Pflugerville,78660,30.43268044243,-97.605550186005,prior
"9504 N Lamar Blvd, Austin, TX, 78753",9504 N Lamar Blvd,Austin,78753,30.364701109178,-97.696163104204,prior
"3908 Avenue B, Austin, TX, 78751",3908 Avenue B,Austin,78751,30.303342147179,-97.735438703521,prior
"8624 N Lamar Blvd, Austin, TX, 78753",8624 N Lamar Blvd,Austin,78753,30.354746326565,-97.703858632404,prior
"14900 Avery Ranch Blvd #, Austin, TX, 78717",14900 Avery Ranch Blvd #,Austin,78717,30.497568803505,-97.777393764596,prior
"2210 W Anderson Ln, Austin, TX, 78757",2210 W Anderson Ln,Austin,78757,30.355330160017,-97.729026791687,prior
"11711 N Lamar Blvd, Austin, TX, 78753",11711 N Lamar Blvd,Austin,78753,30.386252033037,-97.684100084198,prior
"5914 W William Cannon Dr, Austin, TX, 78749",5914 W William Cannon Dr,Austin,78749,30.228360324888,-97.861524930863,prior
"2902 Medical Arts St, Austin, TX, 78705",2902 Medical Arts St,Austin,78705,30.289226453787,-97.728560635626,prior
"4500 Duval St, Austin, TX, 78751",4500 Duval St,Austin,78751,30.307077661137,-97.724632764786,prior
"6134 E Us 290 Highway Service Rd, Austin, TX, 78752",6134 E Us 290 Highway Service Rd,Austin,78752,30.235538478255,-97.857416352616,prior
"207 San Jacinto Blvd, Austin, TX, 78701",207 San Jacinto Blvd,Austin,78701,30.26372478374,-97.741686608677,prior
"3316 Harmon Ave, Austin, TX, 78705",3316 Harmon Ave,Austin,78705,30.291490800899,-97.723347535147,prior
"521 S Heatherwilde Blvd, Pflugerville, TX, 78660",521 S Heatherwilde Blvd,Pflugerville,78660,30.451998013827,-97.637089347594,prior
"6603 Berkman Dr, Austin, TX, 78723",6603 Berkman Dr,Austin,78723,30.31915738595,-97.689382185112,prior
"9231 W Parmer Ln, Austin, TX, 78717",9231 W Parmer Ln,Austin,78717,30.478134235037,-97.765606241897,prior
"4701 Burnet Rd, Austin, TX, 78756",4701 Burnet Rd,Austin,78756,30.318039808186,-97.739821730597,prior
"2105 Hancock Dr, Austin, TX, 78756",2105 Hancock Dr,Austin,78756,30.322012835027,-97.739498816181,prior
"2525 Wallingwood Dr Ste 100, Austin, TX, 78746",2525 Wallingwood Dr Ste 100,Austin,78746,30.264915535155,-97.782728249099,prior
"709 E Slaughter Ln, Austin, TX, 78744",709 E Slaughter Ln,Austin,78744,30.161102361612,-97.777317575023,prior
"18901 Hamilton Pool Rd, Dripping Springs, TX, 78620",18901 Hamilton Pool Rd,Dripping Springs,78620,30.28647762987,-98.064911177792,prior
"1801 E 51st St #, Austin, TX, 78723",1801 E 51st St #,Austin,78723,30.303827373992,-97.698907142776,prior
"11600 Century Oaks Ter, Austin, TX, 78758",11600 Century Oaks Ter,Austin,78758,30.402723268785,-97.725301466415,prior
"701 E Stassney Ln, Austin, TX, 78745",701 E Stassney Ln,Austin,78745,30.200984949949,-97.769365661759,prior
"513 W 6th St, Austin, TX, 78701",513 W 6th St,Austin,78701,30.269315219172,-97.7475623391,prior
"501 W 6th St, Austin, TX, 78701",501 W 6th St,Austin,78701,30.269281205365,-97.747447663998,prior
"400 W 6th St, Austin, TX, 78701",400 W 6th St,Austin,78701,30.269091541625,-97.746304450315,prior
"6107 W Parmer Ln, Austin, TX, 78729",6107 W Parmer Ln,Austin,78729,30.443954945027,-97.742650892357,prior
"2408 FM 685, Pflugerville, TX, 78660",2408 FM 685,Pflugerville,78660,30.460339841868,-97.599316707349,prior
"1023 Springdale Rd #, Austin, TX, 78721",1023 Springdale Rd #,Austin,78721,30.268725946821,-97.693463309561,prior
"1023 Springdale Rd, Austin, TX, 78721",1023 Springdale Rd,Austin,78721,30.268725946821,-97.693463309561,prior
"11410 Century Oaks Ter Ste 136 #, Austin, TX, 78758",11410 Century Oaks Ter Ste 136 #,Austin,78758,30.400721238789,-97.72669608029,prior
"2203 Hancock Dr, Austin, TX, 78756",2203 Hancock Dr,Austin,78756,30.322853781048,-97.74074353209,prior
"2122 Park Bend Dr, Austin, TX, 78758",2122 Park Bend Dr,Austin,78758,30.408530789091,-97.703425598651,prior
"2330 W North Loop Blvd, Austin, TX, 78756",2330 W North Loop Blvd,Austin,78756,30.325355674293,-97.742870583652,prior
"1205 N Lamar Blvd, Austin, TX, 78703",1205 N Lamar Blvd,Austin,78703,30.276938401104,-97.751301695507,prior
"5222 Burnet Rd, Austin, TX, 78756",5222 Burnet Rd,Austin,78756,30.324524092357,-97.739584651274,prior
"5035 Burnet Rd, Austin, TX, 78756",5035 Burnet Rd,Austin,78756,30.32210477845,-97.739303799338,prior
"2309 Gracy Farms Ln, Austin, TX, 78758",2309 Gracy Farms Ln,Austin,78758,30.40209478912,-97.708644724617,prior
"7719 Wood Hollow Dr, Austin, TX, 78731",7719 Wood Hollow Dr,Austin,78731,30.360857042447,-97.747720284287,prior
"503 W 27th St, Austin, TX, 78705",503 W 27th St,Austin,78705,30.291933844093,-97.741254078392,prior
"8545 N Lamar Blvd, Austin, TX, 78753",8545 N Lamar Blvd,Austin,78753,30.354117186726,-97.704506695181,prior
"2905 FM 685, Pflugerville, TX, 78660",2905 FM 685,Pflugerville,78660,30.457386182673,-97.601028366576,prior
"2711 Nueces St, Austin, TX, 78705",2711 Nueces St,Austin,78705,30.292217710359,-97.74266815214,prior
"110 E William Cannon Dr, Austin, TX, 78745",110 E William Cannon Dr,Austin,78745,30.193104548523,-97.778649382826,prior
"611 W Ben White Blvd, Austin, TX, 78704",611 W Ben White Blvd,Austin,78704,30.226233047332,-97.769888944961,prior
"2034 W Stassney Ln, Austin, TX, 78745",2034 W Stassney Ln,Austin,78745,30.216063166133,-97.798457619117,prior
"601 W Ben White Blvd, Austin, TX, 78704",601 W Ben White Blvd,Austin,78704,30.226168232608,-97.769760578156,prior
"1434 W Wells Branch Pkwy, Pflugerville, TX, 78660",1434 W Wells Branch Pkwy,Pflugerville,78660,30.440920041324,-97.663335466144,prior
"10505 N FM 620 Rd, Austin, TX, 78726",10505 N FM 620 Rd,Austin,78726,30.441352628678,-97.834559395721,prior
"201 San Jacinto Blvd, Austin, TX, 78701",201 San Jacinto Blvd,Austin,78701,30.263675226192,-97.741704676534,prior
"1616 FM 685, Pflugerville, TX, 78660",1616 FM 685,Pflugerville,78660,30.452335463794,-97.604159475111,prior
"4101 Guadalupe St, Austin, TX, 78751",4101 Guadalupe St,Austin,78751,30.306528456754,-97.735632116515,prior
"9205 Collinfield Dr, Austin, TX, 78758",9205 Collinfield Dr,Austin,78758,30.36391558355,-97.702708112439,prior
"500 Congress Ave, Austin, TX, 78701",500 Congress Ave,Austin,78701,30.267192981001,-97.743211966722,prior
"9411 N Lamar Blvd, Austin, TX, 78753",9411 N Lamar Blvd,Austin,78753,30.363321949248,-97.696781253061,prior
"1167 Webberville Rd, Austin, TX, 78721",1167 Webberville Rd,Austin,78721,30.277734286552,-97.685480172098,prior
"3503 Webberville Rd, Austin, TX, 78702",3503 Webberville Rd,Austin,78702,30.269952517226,-97.706275646644,prior
"419 W Pflugerville Pkwy, Pflugerville, TX, 78660",419 W Pflugerville Pkwy,Pflugerville,78660,30.463257762807,-97.624717236041,prior
"3424 W William Cannon Dr, Austin, TX, 78745",3424 W William Cannon Dr,Austin,78745,30.213350237633,-97.829006064378,prior
"617 Colorado St, Austin, TX, 78701",617 Colorado St,Austin,78701,30.26858674642,-97.743992810279,prior
"87 Rainey St, Austin, TX, 78701",87 Rainey St,Austin,78701,30.259884602861,-97.738302216001,prior
"2901 Montopolis Dr, Austin, TX, 78741",2901 Montopolis Dr,Austin,78741,30.214893805824,-97.71020841822,prior
"5501 Burnet Rd, Austin, TX, 78756",5501 Burnet Rd,Austin,78756,30.330128143758,-97.739827575581,prior
"503 Colorado St, Austin, TX, 78701",503 Colorado St,Austin,78701,30.267535052951,-97.744380480921,prior
"9414 N Lamar Blvd, Austin, TX, 78753",9414 N Lamar Blvd,Austin,78753,30.363425598788,-97.696870979118,prior
"100 Congress Ave, Austin, TX, 78701",100 Congress Ave,Austin,78701,30.263458623562,-97.7446099741,prior
"3310 Northland Dr, Austin, TX, 78731",3310 Northland Dr,Austin,78731,30.336945095652,-97.756127301211,prior
"612 Nueces St, Austin, TX, 78701",612 Nueces St,Austin,78701,30.269806502152,-97.74842865211,prior
"10901 N Lamar Blvd #, Austin, TX, 78753",10901 N Lamar Blvd #,Austin,78753,30.377710784227,-97.688666050086,prior
"91 Rainey St, Austin, TX, 78701",91 Rainey St,Austin,78701,30.260146405671,-97.738203192129,prior
"6908 Cameron Rd, Austin, TX, 78752",6908 Cameron Rd,Austin,78752,30.324122814601,-97.693633930257,prior
"3615 S Congress Ave, Austin, TX, 78704",3615 S Congress Ave,Austin,78704,30.227874773395,-97.761210976966,prior
"111 W William Cannon Dr Ste 318 #, Austin, TX, 78745",111 W William Cannon Dr Ste 318 #,Austin,78745,30.193361199086,-97.780043305047,prior
"301 West Ave, Austin, TX, 78701",301 West Ave,Austin,78701,30.267706638712,-97.751469319862,prior
"900 N Interstate 35, Austin, TX, 78701",900 N Interstate 35,Austin,78701,30.268767296137,-97.734010989905,prior
"802 Red River St, Austin, TX, 78701",802 Red River St,Austin,78701,30.268415575829,-97.736525638707,prior
"1235 E 51st St, Austin, TX, 78723",1235 E 51st St,Austin,78723,30.307853279327,-97.707359999369,prior
"222 West Ave, Austin, TX, 78701",222 West Ave,Austin,78701,30.26721592693,-97.751777472391,prior
"12300 Harris Branch Pkwy, Manor, TX, 78653",12300 Harris Branch Pkwy,Manor,78653,30.369058716597,-97.613190291744,prior
"308 W Stassney Ln, Austin, TX, 78745",308 W Stassney Ln,Austin,78745,30.206411694659,-97.777350808197,prior
"1900 Aldrich St, Austin, TX, 78723",1900 Aldrich St,Austin,78723,30.298410902708,-97.704957775967,prior
"6555 Burnet Rd, Austin, TX, 78757",6555 Burnet Rd,Austin,78757,30.34041251431,-97.738847492201,prior
"12307 Dessau Rd, Austin, TX, 78754",12307 Dessau Rd,Austin,78754,30.387180401039,-97.648279385777,prior
"9406 Dessau Rd, Austin, TX, 78754",9406 Dessau Rd,Austin,78754,30.350994727436,-97.675991808573,prior
"510 Rio Grande St, Austin, TX, 78701",510 Rio Grande St,Austin,78701,30.269158985462,-97.749881818727,prior
"1503 W 35th St, Austin, TX, 78703",1503 W 35th St,Austin,78703,30.306517155001,-97.750002188439,prior
"510 Clarke St, Austin, TX, 78745",510 Clarke St,Austin,78745,30.225197908789,-97.768954013868,prior
"8650 Spicewood Springs Rd, Austin, TX, 78759",8650 Spicewood Springs Rd,Austin,78759,30.433624188047,-97.771357112589,prior
"1762 Colony Creek Dr, Austin, TX, 78758",1762 Colony Creek Dr,Austin,78758,30.369235250884,-97.714767890292,prior
"616 W 34th St, Austin, TX, 78705",616 W 34th St,Austin,78705,30.300536451722,-97.739922273493,prior
"2500 Rio Grande St, Austin, TX, 78705",2500 Rio Grande St,Austin,78705,30.289365618045,-97.744600645306,prior
"1109 E 5th St, Austin, TX, 78702",1109 E 5th St,Austin,78702,30.26373880735,-97.731827670936,prior
"1200 N Lamar Blvd, Austin, TX, 78703",1200 N Lamar Blvd,Austin,78703,30.276968178983,-97.751431183197,prior
"10810 N Lamar Blvd, Austin, TX, 78758",10810 N Lamar Blvd,Austin,78758,30.377259768053,-97.689097954314,prior
"2925 W Pecan St, Pflugerville, TX, 78660",2925 W Pecan St,Pflugerville,78660,30.449713588116,-97.659017898094,prior
"511 Rio Grande St, Austin, TX, 78701",511 Rio Grande St,Austin,78701,30.269124390092,-97.749755329815,prior
"3110 Guadalupe St, Austin, TX, 78705",3110 Guadalupe St,Austin,78705,30.298358991926,-97.740962186078,prior
"600 W 6th St, Austin, TX, 78701",600 W 6th St,Austin,78701,30.26970422036,-97.748467417547,prior
"9516 N Lamar Blvd, Austin, TX, 78753",9516 N Lamar Blvd,Austin,78753,30.364946372239,-97.696026473485,prior
"704 N Cuernavaca Dr, Austin, TX, 78733",704 N Cuernavaca Dr,Austin,78733,30.331390622572,-97.869328285672,prior
"16511 Bratton Ln, Austin, TX, 78728",16511 Bratton Ln,Austin,78728,30.461317722533,-97.675217186457,prior
"12613 Galleria Cir, Bee Cave, TX, 78738",12613 Galleria Cir,Bee Cave,78738,30.306791676578,-97.937682453328,prior
"509 Rio Grande St, Austin, TX, 78701",509 Rio Grande St,Austin,78701,30.269107333861,-97.749761583767,prior
"500 W 6th St, Austin, TX, 78701",500 W 6th St,Austin,78701,30.269389583645,-97.747404567983,prior
"13500 Galleria Cir, Bee Cave, TX, 78738",13500 Galleria Cir,Bee Cave,78738,30.309718396925,-97.939153539803,prior
"2448 S 1st St, Austin, TX, 78704",2448 S 1st St,Austin,78704,30.241520025064,-97.760069046054,prior
"1719 E William Cannon Dr, Austin, TX, 78744",1719 E William Cannon Dr,Austin,78744,30.188643607901,-97.766493294208,prior
"6649 Manor Rd, Austin, TX, 78723",6649 Manor Rd,Austin,78723,30.309200373658,-97.668527669276,prior
"9310 N Lamar Blvd, Austin, TX, 78753",9310 N Lamar Blvd,Austin,78753,30.362613255326,-97.697326527442,prior
"3504 Montopolis Dr, Austin, TX, 78744",3504 Montopolis Dr,Austin,78744,30.20779192687,-97.715223370201,prior
"3505 Country White Ln, Austin, TX, 78749",3505 Country White Ln,Austin,78749,30.221327668567,-97.826083634385,prior
"2321 W North Loop Blvd, Austin, TX, 78756",2321 W North Loop Blvd,Austin,78756,30.32527998048,-97.742689687653,prior
"2910 E 5th St, Austin, TX, 78702",2910 E 5th St,Austin,78702,30.256283920407,-97.709935579651,prior
"9811 N Interstate 35, Austin, TX, 78753",9811 N Interstate 35,Austin,78753,30.361715558219,-97.685359133677,prior
"2501 Nueces St, Austin, TX, 78705",2501 Nueces St,Austin,78705,30.289241495814,-97.742940608934,prior
"9200 Burnet Rd, Austin, TX, 78758",9200 Burnet Rd,Austin,78758,30.37631999808,-97.725748305829,prior
"9900 Decker Ln, Austin, TX, 78724",9900 Decker Ln,Austin,78724,30.324654617211,-97.606558698006,prior
"2712 Guadalupe St, Austin, TX, 78705",2712 Guadalupe St,Austin,78705,30.292329334137,-97.741314174407,prior
"1707 Wells Branch Pkwy, Austin, TX, 78728",1707 Wells Branch Pkwy,Austin,78728,30.438762035676,-97.671894438898,prior
"2508 Rio Grande St, Austin, TX, 78705",2508 Rio Grande St,Austin,78705,30.290052383748,-97.74456094851,prior
"500 N Interstate 35, Austin, TX, 78701",500 N Interstate 35,Austin,78701,30.264988572175,-97.73542559731,prior
"6413 Manor Rd, Austin, TX, 78723",6413 Manor Rd,Austin,78723,30.308330650328,-97.671322284942,prior
"5317 Nuckols Crossing Rd, Austin, TX, 78744",5317 Nuckols Crossing Rd,Austin,78744,30.192876576852,-97.73902327656,prior
"3124 Manor Rd, Austin, TX, 78723",3124 Manor Rd,Austin,78723,30.286671747337,-97.704394836543,prior
"6101 Highland Campus Dr, Austin, TX, 78752",6101 Highland Campus Dr,Austin,78752,30.32747867446,-97.714575153808,prior
"2420 Nueces St, Austin, TX, 78705",2420 Nueces St,Austin,78705,30.288840288492,-97.743114043654,prior
"4300 N Quinlan Park Rd, Austin, TX, 78732",4300 N Quinlan Park Rd,Austin,78732,30.381987000636,-97.88428884638,prior
"7309 McNeil Dr, Austin, TX, 78729",7309 McNeil Dr,Austin,78729,30.435395354997,-97.766272753664,prior
"3423 Guadalupe St, Austin, TX, 78705",3423 Guadalupe St,Austin,78705,30.300519150746,-97.73946754488,prior
"2419 Rio Grande St, Austin, TX, 78705",2419 Rio Grande St,Austin,78705,30.288657152689,-97.744520767608,prior
"1637 Wells Branch Pkwy, Austin, TX, 78728",1637 Wells Branch Pkwy,Austin,78728,30.439640601402,-97.67069720984,prior
"3220 Manor Rd, Austin, TX, 78723",3220 Manor Rd,Austin,78723,30.286855599233,-97.703358932523,prior
"1500 N Cuernavaca Dr, Austin, TX, 78733",1500 N Cuernavaca Dr,Austin,78733,30.338128225837,-97.864850332589,prior
"6710 Loyola Ln, Austin, TX, 78724",6710 Loyola Ln,Austin,78724,30.299358169404,-97.646202157773,prior
"1608 Century St, Austin, TX, 78660",1608 Century St,Austin,78660,30.450552105535,-97.663996310304,prior
"11220 N Lamar Blvd, Austin, TX, 78758",11220 N Lamar Blvd,Austin,78758,30.381045751735,-97.686929323391,prior
"7318 McNeil Dr, Austin, TX, 78729",7318 McNeil Dr,Austin,78729,30.435248653854,-97.767171673148,prior
"12341 Brodie Ln, Austin, TX, 78748",12341 Brodie Ln,Austin,78748,30.14990201547,-97.855489620667,prior
"901 Little Texas Ln, Austin, TX, 78745",901 Little Texas Ln,Austin,78745,30.197973069816,-97.76759118243,prior
"749 Montopolis Dr, Austin, TX, 78741",749 Montopolis Dr,Austin,78741,30.236864743456,-97.695673467525,prior
"5339 Cameron Rd, Austin, TX, 78723",5339 Cameron Rd,Austin,78723,30.311487469639,-97.706822339123,prior
"1200 W Howard Ln, Austin, TX, 78660",1200 W Howard Ln,Austin,78660,30.424009321259,-97.669991409826,prior
"13011 McCallen Pass, Austin, TX, 78753",13011 McCallen Pass,Austin,78753,30.411748838413,-97.6636907074,prior
"2820 E Martin Luther King Jr Blvd, Austin, TX, 78702",2820 E Martin Luther King Jr Blvd,Austin,78702,30.281501284025,-97.71126287815,prior
"200 San Jacinto Blvd, Austin, TX, 78701",200 San Jacinto Blvd,Austin,78701,30.263709644483,-97.741831223272,prior
"3505 Montopolis Dr, Austin, TX, 78744",3505 Montopolis Dr,Austin,78744,30.206862478828,-97.715652218465,prior
"11410 Century Oaks Ter Ste 144 #, Austin, TX, 78758",11410 Century Oaks Ter Ste 144 #,Austin,78758,30.400721238789,-97.72669608029,prior
"8900 S Congress Ave, Austin, TX, 78745",8900 S Congress Ave,Austin,78745,30.169101766338,-97.788206354828,prior
"1801 E 51st St Ste 140 #, Austin, TX, 78723",1801 E 51st St Ste 140 #,Austin,78723,30.303827373992,-97.698907142776,prior
"1015 Reinli St, Austin, TX, 78723",1015 Reinli St,Austin,78723,30.317856131445,-97.705947891748,prior
"2224 E Riverside Dr, Austin, TX, 78741",2224 E Riverside Dr,Austin,78741,30.239933710143,-97.726643617904,prior
"2222 Rio Grande St #, Austin, TX, 78705",2222 Rio Grande St #,Austin,78705,30.286282409166,-97.744894063113,prior
"9911 Brodie Ln, Austin, TX, 78748",9911 Brodie Ln,Austin,78748,30.184686931625,-97.848928334245,prior
"7512 Cameron Rd, Austin, TX, 78752",7512 Cameron Rd,Austin,78752,30.330312252082,-97.688836026723,prior
"611 W 22nd St, Austin, TX, 78705",611 W 22nd St,Austin,78705,30.285131686481,-97.744105152511,prior
"1701 Lavaca St, Austin, TX, 78701",1701 Lavaca St,Austin,78701,30.279504984863,-97.741118931002,prior
"711 W 23rd St, Austin, TX, 78705",711 W 23rd St,Austin,78705,30.287186546189,-97.744883534744,prior
"6518 Ed Bluestein Blvd, Austin, TX, 78723",6518 Ed Bluestein Blvd,Austin,78723,30.302842367432,-97.661149643942,prior
"501 W Oltorf St, Austin, TX, 78704",501 W Oltorf St,Austin,78704,30.241321457791,-97.758064191584,prior
"2109 E Riverside Dr, Austin, TX, 78741",2109 E Riverside Dr,Austin,78741,30.24015116354,-97.727078519703,prior
"2222 Rio Grande St Ste 120 #, Austin, TX, 78705",2222 Rio Grande St Ste 120 #,Austin,78705,30.286282409166,-97.744894063113,prior
"314 W 17th St, Austin, TX, 78701",314 W 17th St,Austin,78701,30.279573743857,-97.741384959726,prior
"1901 Montopolis Dr, Austin, TX, 78741",1901 Montopolis Dr,Austin,78741,30.226081767296,-97.702626586296,prior
"2400 Rio Grande St, Austin, TX, 78705",2400 Rio Grande St,Austin,78705,30.288001330776,-97.744739587623,prior
"6307 Cameron Rd, Austin, TX, 78723",6307 Cameron Rd,Austin,78723,30.319976226923,-97.696583440087,prior
"805 Neches St, Austin, TX, 78701",805 Neches St,Austin,78701,30.268713257751,-97.737466050355,prior
"909 W Mary St, Austin, TX, 78704",909 W Mary St,Austin,78704,30.247876679531,-97.760799539382,prior
"1313 Montopolis Dr, Austin, TX, 78741",1313 Montopolis Dr,Austin,78741,30.230647875031,-97.699774791974,prior
"2215 Rio Grande St, Austin, TX, 78705",2215 Rio Grande St,Austin,78705,30.286234930942,-97.74476581069,prior
"5404 Menchaca Rd, Austin, TX, 78745",5404 Menchaca Rd,Austin,78745,30.216987606424,-97.796568224044,prior
"6500 River Place Blvd, Austin, TX, 78730",6500 River Place Blvd,Austin,78730,30.392728868436,-97.8468499152,prior
"3221 Feathergrass Ct, Austin, TX, 78758",3221 Feathergrass Ct,Austin,78758,30.394845012621,-97.726951991086,prior
"9426 Parkfield Dr, Austin, TX, 78758",9426 Parkfield Dr,Austin,78758,30.367933910636,-97.705982547457,prior
"6819 Great Northern BLVD, Austin, TX, 78757",6819 Great Northern BLVD,Austin,78757,30.349531375937,-97.748489588214,prior
"2613 S Lamar Blvd, Austin, TX, 78704",2613 S Lamar Blvd,Austin,78704,30.245988849218,-97.778822819733,prior
"1508 Montopolis Dr, Austin, TX, 78741",1508 Montopolis Dr,Austin,78741,30.228692067732,-97.701157674505,prior
"1300 E 4th St, Austin, TX, 78702",1300 E 4th St,Austin,78702,30.262289792199,-97.730243282478,prior
"16123 Dessau Rd, Pflugerville, TX, 78660",16123 Dessau Rd,Pflugerville,78660,30.435051940429,-97.614911915916,prior
"6015 Dillard Cir, Austin, TX, 78752",6015 Dillard Cir,Austin,78752,30.325710064448,-97.717922368483,prior
"1701 Grand Avenue Pkwy, Pflugerville, TX, 78660",1701 Grand Avenue Pkwy,Pflugerville,78660,30.455806216411,-97.659959049176,prior
"212 E 6th St, Austin, TX, 78701",212 E 6th St,Austin,78701,30.26768550106,-97.741255195356,prior
"5451 N Interstate 35, Austin, TX, 78723",5451 N Interstate 35,Austin,78723,30.313238064289,-97.7080124246,prior
"11301 Lakeline Blvd Ste 100 #, Austin, TX, 78717",11301 Lakeline Blvd Ste 100 #,Austin,78717,30.480094872636,-97.795520483857,prior
"8127 Mesa Dr Ste 202 #, Austin, TX, 78759",8127 Mesa Dr Ste 202 #,Austin,78759,30.371966957622,-97.756965317502,prior
"5419 N Interstate 35, Austin, TX, 78723",5419 N Interstate 35,Austin,78723,30.312791553738,-97.708193617302,prior
"2803 S Lamar Blvd, Austin, TX, 78704",2803 S Lamar Blvd,Austin,78704,30.244169582003,-97.781428460947,prior
"6611 Airport Blvd, Austin, TX, 78752",6611 Airport Blvd,Austin,78752,30.330911898097,-97.7155534964,prior
"2801 S Lamar Blvd, Austin, TX, 78704",2801 S Lamar Blvd,Austin,78704,30.244180686005,-97.781410988473,prior
"1700 Grand Avenue Pkwy, Pflugerville, TX, 78660",1700 Grand Avenue Pkwy,Pflugerville,78660,30.456062672777,-97.660020418882,prior
"310 E Rundberg Ln, Austin, TX, 78753",310 E Rundberg Ln,Austin,78753,30.3600965639,-97.691698013683,prior
"5401 Menchaca Rd, Austin, TX, 78745",5401 Menchaca Rd,Austin,78745,30.217749771097,-97.795920070609,prior
"5523 Balcones Dr, Austin, TX, 78731",5523 Balcones Dr,Austin,78731,30.336523838728,-97.757678706441,prior
"5308 Balcones Dr, Austin, TX, 78731",5308 Balcones Dr,Austin,78731,30.334821946993,-97.759221137014,prior
"3339 Hancock Dr, Austin, TX, 78731",3339 Hancock Dr,Austin,78731,30.332500398536,-97.75935654486,prior
"12013 Fitzhugh Rd, Austin, TX, 78736",12013 Fitzhugh Rd,Austin,78736,30.232473526974,-97.977922545206,prior
"11908 Sparks Rd, Manor, TX, 78653",11908 Sparks Rd,Manor,78653,30.392507731023,-97.512245702502,prior
"8501 Carranzo Dr, Austin, TX, 78735",8501 Carranzo Dr,Austin,78735,30.271795831471,-97.877997393577,prior
"1945 W WILLIAM CANNON DR, Austin, TX, 78745",1945 W WILLIAM CANNON DR,Austin,78745,30.202544556265,-97.805538044931,prior
"11700 Dessau Rd, Austin, TX, 78754",11700 Dessau Rd,Austin,78754,30.376586692531,-97.659380876172,prior
"3501 Andtree Blvd, Austin, TX, 78724",3501 Andtree Blvd,Austin,78724,30.322598555822,-97.660641788017,prior
"501 E Ben White Blvd, Austin, TX, 78704",501 E Ben White Blvd,Austin,78704,30.219722041298,-97.758738972511,prior
"1817 S Lamar Blvd, Austin, TX, 78704",1817 S Lamar Blvd,Austin,78704,30.250159373059,-97.766193805821,prior
"9741 N Lake Creek Pkwy, Austin, TX, 78717",9741 N Lake Creek Pkwy,Austin,78717,30.476761080981,-97.794285900876,prior
"4209 Eck Ln, Austin, TX, 78734",4209 Eck Ln,Austin,78734,30.404232111259,-97.931442346102,prior
"1300 FM 685, Pflugerville, TX, 78660",1300 FM 685,Pflugerville,78660,30.448520932368,-97.606438490795,prior
"2348 Guadalupe St, Austin, TX, 78705",2348 Guadalupe St,Austin,78705,30.28709925601,-97.741684180624,prior
"2301 W Anderson Ln, Austin, TX, 78757",2301 W Anderson Ln,Austin,78757,30.355693422441,-97.730060793584,prior
"5900 N Lamar Blvd, Austin, TX, 78752",5900 N Lamar Blvd,Austin,78752,30.327885659119,-97.725217761139,prior
"1610 Lavaca St, Austin, TX, 78701",1610 Lavaca St,Austin,78701,30.27871345627,-97.741552990066,prior
"2552 Guadalupe St, Austin, TX, 78705",2552 Guadalupe St,Austin,78705,30.290077973191,-97.741391333842,prior
"2316 Guadalupe St, Austin, TX, 78705",2316 Guadalupe St,Austin,78705,30.286733895317,-97.741724183635,prior
"11220 N Lamar Blvd # B, Austin, TX, 78753",11220 N Lamar Blvd # B,Austin,78753,30.381045751735,-97.686929323391,prior
"1701 Scofield Ln, Austin, TX, 78727",1701 Scofield Ln,Austin,78727,30.415223501954,-97.688466761362,prior
"2404 Guadalupe St, Austin, TX, 78705",2404 Guadalupe St,Austin,78705,30.287821119278,-97.741607345816,prior
"1701 E Parmer Ln, Austin, TX, 78754",1701 E Parmer Ln,Austin,78754,30.386769879143,-97.648499456468,prior
"1519 W Anderson Ln, Austin, TX, 78757",1519 W Anderson Ln,Austin,78757,30.35214646732,-97.722638712755,prior
"1412 S Congress Ave, Austin, TX, 78704",1412 S Congress Ave,Austin,78704,30.249689612355,-97.74971204474,prior
"2100 Robert Browning St, Austin, TX, 78723",2100 Robert Browning St,Austin,78723,30.298710326402,-97.701404858393,prior
"3611 Pace Bend Rd S, Spicewood, TX, 78669",3611 Pace Bend Rd S,Spicewood,78669,30.387130273945,-98.080601389573,prior
"1111 Chicon St, Austin, TX, 78702",1111 Chicon St,Austin,78702,30.267000291411,-97.719995133223,prior
"9433 Parkfield Dr, Austin, TX, 78758",9433 Parkfield Dr,Austin,78758,30.367984699569,-97.705806349827,prior
"4930 S Congress Ave Ste 304, Austin, TX, 78745",4930 S Congress Ave Ste 304,Austin,78745,30.211288115741,-97.771315902127,prior
"911 W Anderson Ln, Austin, TX, 78757",911 W Anderson Ln,Austin,78757,30.34890032146,-97.715753901954,prior
"1804 Briarcliff Blvd, Austin, TX, 78723",1804 Briarcliff Blvd,Austin,78723,30.31379905166,-97.690690049293,prior
"12800 Pearce Ln, Del Valle, TX, 78617",12800 Pearce Ln,Del Valle,78617,30.169350060677,-97.622893630303,prior
"10402 Menchaca Rd, Austin, TX, 78748",10402 Menchaca Rd,Austin,78748,30.16687727666,-97.827067719752,prior
"10910 Domain Dr, Austin, TX, 78758",10910 Domain Dr,Austin,78758,30.395066309811,-97.726719532966,prior
"602 W Annie St, Austin, TX, 78704",602 W Annie St,Austin,78704,30.247527785398,-97.755889370784,prior
"804 W Stassney Ln, Austin, TX, 78745",804 W Stassney Ln,Austin,78745,30.20922500608,-97.784010762383,prior
"1212 Chicon St, Austin, TX, 78702",1212 Chicon St,Austin,78702,30.273944373875,-97.72000563116,prior
"11835 Jollyville Rd, Austin, TX, 78759",11835 Jollyville Rd,Austin,78759,30.423039244514,-97.755834114494,prior
"8400 Brodie Ln, Austin, TX, 78745",8400 Brodie Ln,Austin,78745,30.200845886893,-97.838922041792,prior
"303 E Oltorf St, Austin, TX, 78704",303 E Oltorf St,Austin,78704,30.236973378754,-97.750296758523,prior
"701 W Braker Ln, Austin, TX, 78753",701 W Braker Ln,Austin,78753,30.3811935143,-97.685347400406,prior
"710 E Ben White Blvd, Austin, TX, 78704",710 E Ben White Blvd,Austin,78704,30.219373043292,-97.756045113061,prior
"11010 Domain Dr, Austin, TX, 78758",11010 Domain Dr,Austin,78758,30.396282066654,-97.726590279637,prior
"9708 Anderson Mill Rd, Austin, TX, 78750",9708 Anderson Mill Rd,Austin,78750,30.44855131829,-97.791503144337,prior
"7101 Ed Bluestein Blvd, Austin, TX, 78723",7101 Ed Bluestein Blvd,Austin,78723,30.307903420074,-97.6610000116,prior
"2512 E Riverside Dr, Austin, TX, 78741",2512 E Riverside Dr,Austin,78741,30.239126946318,-97.726080542349,prior
"600 W Carrie Manor St, Manor, TX, 78653",600 W Carrie Manor St,Manor,78653,30.340617482298,-97.564043035678,prior
"9825 Burnet Rd, Austin, TX, 78758",9825 Burnet Rd,Austin,78758,30.381882423694,-97.724357586202,prior
"1425 W Wells Branch Pkwy, Pflugerville, TX, 78660",1425 W Wells Branch Pkwy,Pflugerville,78660,30.440502839338,-97.663068343366,prior
"11310 Domain Dr, Austin, TX, 78758",11310 Domain Dr,Austin,78758,30.398345412918,-97.725845489627,prior
"7900 N FM 620 Rd, Austin, TX, 78726",7900 N FM 620 Rd,Austin,78726,30.406668346714,-97.852515554043,prior
"4310 Bee Caves Rd, West Lake Hills, TX, 78746",4310 Bee Caves Rd,West Lake Hills,78746,30.285535853096,-97.81228298072,prior
"11920 Domain Dr, Austin, TX, 78758",11920 Domain Dr,Austin,78758,30.405584827044,-97.721115696605,prior
"12601 Tech Ridge Blvd, Austin, TX, 78753",12601 Tech Ridge Blvd,Austin,78753,30.399200486328,-97.660058953891,prior
"605 Davis St, Austin, TX, 78701",605 Davis St,Austin,78701,30.260339932634,-97.739198039848,prior
"700 W William Cannon Dr, Austin, TX, 78745",700 W William Cannon Dr,Austin,78745,30.197268518328,-97.787795387395,prior
"5656 Bee Caves Rd, West Lake Hills, TX, 78746",5656 Bee Caves Rd,West Lake Hills,78746,30.294224680755,-97.824031683331,prior
"1308 W Koenig Ln, Austin, TX, 78756",1308 W Koenig Ln,Austin,78756,30.330469724808,-97.730602751152,prior
"3600 N Capital of Texas Highway, Austin, TX, 78746",3600 N Capital of Texas Highway,Austin,78746,30.334361854517,-97.807032078895,prior
"2050 S Lamar Blvd, Austin, TX, 78704",2050 S Lamar Blvd,Austin,78704,30.24868688895,-97.769300210746,prior
"6607 Circle S Rd, Austin, TX, 78745",6607 Circle S Rd,Austin,78745,30.193381391892,-97.777374156984,prior
"7930 Thaxton Rd, Austin, TX, 78747",7930 Thaxton Rd,Austin,78747,30.157905264132,-97.744833217931,prior
"3801 S Congress Ave, Austin, TX, 78704",3801 S Congress Ave,Austin,78704,30.226005624245,-97.762142720643,prior
"22308 W Sh 71, Spicewood, TX, 78669",22308 W Sh 71,Spicewood,78669,30.369445996574,-98.074141628688,prior
"4811 W Braker Ln, Austin, TX, 78759",4811 W Braker Ln,Austin,78759,30.400554426951,-97.747489999196,prior
"201 W Ben White Blvd, Austin, TX, 78704",201 W Ben White Blvd,Austin,78704,30.222468696152,-97.764263594338,prior
"2001 E Martin Luther King Jr Blvd, Austin, TX, 78702",2001 E Martin Luther King Jr Blvd,Austin,78702,30.279955355146,-97.719920409875,prior
"2117 W Ben White Blvd, Austin, TX, 78704",2117 W Ben White Blvd,Austin,78704,30.230472296634,-97.790405694516,prior
"3220 Feathergrass Ct, Austin, TX, 78758",3220 Feathergrass Ct,Austin,78758,30.394959535965,-97.726947413306,prior
"4616 Triangle Ave, Austin, TX, 78751",4616 Triangle Ave,Austin,78751,30.314302715623,-97.734081112101,prior
"2114 W Slaughter Ln, Austin, TX, 78748",2114 W Slaughter Ln,Austin,78748,30.173804295335,-97.825754819741,prior
"5245 Burnet Rd, Austin, TX, 78756",5245 Burnet Rd,Austin,78756,30.324664055274,-97.739461760347,prior
"2320 Hancock Dr, Austin, TX, 78756",2320 Hancock Dr,Austin,78756,30.324429047102,-97.742921810966,prior
"12309 Dessau Rd, Austin, TX, 78754",12309 Dessau Rd,Austin,78754,30.387209306278,-97.648263724193,prior
"4615 N Lamar Blvd, Austin, TX, 78751",4615 N Lamar Blvd,Austin,78751,30.315268082514,-97.735841603787,prior
"3407 Wells Branch Pkwy, Austin, TX, 78728",3407 Wells Branch Pkwy,Austin,78728,30.43987952749,-97.69714368711,prior
"2909 W Anderson Ln, Austin, TX, 78757",2909 W Anderson Ln,Austin,78757,30.359600649061,-97.738222076329,prior
"1605 E Wells Branch Pkwy, Pflugerville, TX, 78660",1605 E Wells Branch Pkwy,Pflugerville,78660,30.424561394403,-97.626309799389,prior
"1700 S Lamar, Austin, TX, 78704",1700 S Lamar,Austin,78704,30.25120648986,-97.765223133145,prior
"7709 N FM 620 Rd, Austin, TX, 78726",7709 N FM 620 Rd,Austin,78726,30.410526097408,-97.850512754002,prior
"1301 W Pflugerville Pkwy, Pflugerville, TX, 78660",1301 W Pflugerville Pkwy,Pflugerville,78660,30.472293774112,-97.641476517667,prior
"2823 E Martin Luther King Jr Blvd, Austin, TX, 78702",2823 E Martin Luther King Jr Blvd,Austin,78702,30.28141907922,-97.711025269119,prior
"13001 Spanish Oaks Club Dr, Bee Cave, TX, 78738",13001 Spanish Oaks Club Dr,Bee Cave,78738,30.300811579492,-97.944044630569,prior
"2108 S Lamar Blvd, Austin, TX, 78704",2108 S Lamar Blvd,Austin,78704,30.24807553454,-97.77139228425,prior
"2600 Brockton Dr, Austin, TX, 78758",2600 Brockton Dr,Austin,78758,30.392258291471,-97.718671047027,prior
"5000 Hudson Bend Rd, Austin, TX, 78734",5000 Hudson Bend Rd,Austin,78734,30.413296837711,-97.927601334553,prior
"1700 W Anderson Ln, Austin, TX, 78757",1700 W Anderson Ln,Austin,78757,30.352590614179,-97.72325592832,prior
"1816 S Lamar Blvd, Austin, TX, 78704",1816 S Lamar Blvd,Austin,78704,30.250498413076,-97.765998407815,prior
"6800 Burnet Rd, Austin, TX, 78757",6800 Burnet Rd,Austin,78757,30.343837497101,-97.738409267067,prior
"8100 FM 2244 Rd, Austin, TX, 78746",8100 FM 2244 Rd,Austin,78746,30.312715303043,-97.851024998713,prior
"2110 S Congress Ave, Austin, TX, 78704",2110 S Congress Ave,Austin,78704,30.242778028708,-97.752276894143,prior
"1204 Regal Row, Austin, TX, 78748",1204 Regal Row,Austin,78748,30.147018408974,-97.831460030856,prior
"7413 Burnet Rd, Austin, TX, 78757",7413 Burnet Rd,Austin,78757,30.349650657544,-97.734779451925,prior
"6222 N Lamar Blvd, Austin, TX, 78752",6222 N Lamar Blvd,Austin,78752,30.330532117976,-97.723517539244,prior
"5210 Manor Rd, Austin, TX, 78723",5210 Manor Rd,Austin,78723,30.299254588824,-97.686505016281,prior
"5505 W Parmer Ln, Austin, TX, 78727",5505 W Parmer Ln,Austin,78727,30.435792658005,-97.734127747421,prior
"15200 FM 1825, Pflugerville, TX, 78660",15200 FM 1825,Pflugerville,78660,30.444300249158,-97.664487309602,prior
"3338 Paisano Trl, Austin, TX, 78745",3338 Paisano Trl,Austin,78745,30.207805140452,-97.830184819141,prior
"5455 N Interstate 35, Austin, TX, 78723",5455 N Interstate 35,Austin,78723,30.313293878108,-97.707989775513,prior
"901 Neches St, Austin, TX, 78701",901 Neches St,Austin,78701,30.269633180866,-97.737123645816,prior
"6900 W Parmer Ln, Austin, TX, 78729",6900 W Parmer Ln,Austin,78729,30.449496759017,-97.746226867701,prior
"98 San Jacinto Blvd, Austin, TX, 78701",98 San Jacinto Blvd,Austin,78701,30.262654167287,-97.742185346942,prior
"12911 Beltex Rd, Manor, TX, 78653",12911 Beltex Rd,Manor,78653,30.346821935542,-97.514037834191,prior
"2018 W Stassney Ln, Austin, TX, 78745",2018 W Stassney Ln,Austin,78745,30.215812131428,-97.798072328563,prior
"15112 FM 1825, Pflugerville, TX, 78660",15112 FM 1825,Pflugerville,78660,30.443071222904,-97.665313997855,prior
"11930 E US 290 Highway, Manor, TX, 78653",11930 E US 290 Highway,Manor,78653,30.350880860277,-97.496983867304,prior
"610 E Stassney Ln, Austin, TX, 78745",610 E Stassney Ln,Austin,78745,30.201674418755,-97.769954480684,prior
"3230 Travis Country Cir, Austin, TX, 78735",3230 Travis Country Cir,Austin,78735,30.255348028421,-97.844806528262,prior
"5325 Airport Blvd, Austin, TX, 78751",5325 Airport Blvd,Austin,78751,30.314267125881,-97.714884849125,prior
"18600 Limestone Commercial Dr, Pflugerville, TX, 78660",18600 Limestone Commercial Dr,Pflugerville,78660,30.465149516207,-97.598050526396,prior
"1706 E William Cannon Dr, Austin, TX, 78744",1706 E William Cannon Dr,Austin,78744,30.189058944162,-97.766912732522,prior
"5119 Burnet Rd, Austin, TX, 78756",5119 Burnet Rd,Austin,78756,30.322804360791,-97.73934822465,prior
"12301 N Lamar Blvd, Austin, TX, 78753",12301 N Lamar Blvd,Austin,78753,30.401840796537,-97.679094861985,prior
"807 E 4th St, Austin, TX, 78702",807 E 4th St,Austin,78702,30.26371605085,-97.73476195505,prior
"100 E North Loop Blvd, Austin, TX, 78751",100 E North Loop Blvd,Austin,78751,30.31774865205,-97.722074150109,prior
"19200 Colorado Sand Dr, Pflugerville, TX, 78660",19200 Colorado Sand Dr,Pflugerville,78660,30.466918104337,-97.591552309006,prior
"4108 S I-35, Austin, TX, 78745",4108 S I-35,Austin,78745,30.214959848295,-97.753108261094,prior
"6503 S I-35, Austin, TX, 78744",6503 S I-35,Austin,78744,30.191174885162,-97.769251175786,prior
"9428 Parkfield Dr, Austin, TX, 78758",9428 Parkfield Dr,Austin,78758,30.367967517901,-97.70596364337,prior
"21815 W Sh 71, Spicewood, TX, 78669",21815 W Sh 71,Spicewood,78669,30.363351130269,-98.069674995158,prior
"903 W 12th St, Austin, TX, 78703",903 W 12th St,Austin,78703,30.276468055621,-97.750272838345,prior
"4207 Medical Pkwy, Austin, TX, 78756",4207 Medical Pkwy,Austin,78756,30.311473277417,-97.742461708783,prior
"11400 Burnet Rd, Austin, TX, 78758",11400 Burnet Rd,Austin,78758,30.392834928297,-97.721296540547,prior
"8833 Burnet Rd, Austin, TX, 78757",8833 Burnet Rd,Austin,78757,30.371145285956,-97.726769922243,prior
"330 W Ben White Blvd, Austin, TX, 78704",330 W Ben White Blvd,Austin,78704,30.225595589447,-97.766728913262,prior
"21024 W Sh 71, Spicewood, TX, 78669",21024 W Sh 71,Spicewood,78669,30.351242680169,-98.062966246574,prior
"11301 Lakeline Blvd Ste 200 #, Austin, TX, 78717",11301 Lakeline Blvd Ste 200 #,Austin,78717,30.480094872636,-97.795520483857,prior
"1000 W Lynn St, Austin, TX, 78703",1000 W Lynn St,Austin,78703,30.279177265486,-97.759923321303,prior
"900 Rutland Dr, Austin, TX, 78758",900 Rutland Dr,Austin,78758,30.365488116274,-97.697186530125,prior
"3801 N Lamar Blvd, Austin, TX, 78756",3801 N Lamar Blvd,Austin,78756,30.3065848107,-97.742112993774,prior
"1548 FM 685, Pflugerville, TX, 78660",1548 FM 685,Pflugerville,78660,30.451490000811,-97.604654361459,prior
"1705 S Quinlan Park Rd, Austin, TX, 78732",1705 S Quinlan Park Rd,Austin,78732,30.327455329954,-97.926936739652,prior
"9600 N Lamar Blvd, Austin, TX, 78753",9600 N Lamar Blvd,Austin,78753,30.365658285616,-97.695624255256,prior
"9001 Cameron Rd Ste 203 #, Austin, TX, 78754",9001 Cameron Rd Ste 203 #,Austin,78754,30.346766938254,-97.677078017301,prior
"9408 Dessau Rd, Austin, TX, 78754",9408 Dessau Rd,Austin,78754,30.351020913567,-97.675976563222,prior
"13101 Harold Green Dr, Austin, TX, 78725",13101 Harold Green Dr,Austin,78725,30.22777806774,-97.612232880628,prior
"10520 N Lamar Blvd, Austin, TX, 78758",10520 N Lamar Blvd,Austin,78758,30.374207639953,-97.690805553991,prior
"13700 N FM 973 Rd, Manor, TX, 78653",13700 N FM 973 Rd,Manor,78653,30.359734880631,-97.53258881857,prior
"3208 Guadalupe St, Austin, TX, 78705",3208 Guadalupe St,Austin,78705,30.299214012742,-97.740421951719,prior
"9405 Brodie Ln, Austin, TX, 78748",9405 Brodie Ln,Austin,78748,30.190613091209,-97.845134837708,prior
"11139 N I-35 Service Rd, Austin, TX, 78753",11139 N I-35 Service Rd,Austin,78753,30.375360216998,-97.676569443155,prior
"2700 Guadalupe St, Austin, TX, 78705",2700 Guadalupe St,Austin,78705,30.292204279347,-97.741246144612,prior
"12009 Buckingham Gate Rd, Austin, TX, 78748",12009 Buckingham Gate Rd,Austin,78748,30.153778225105,-97.853320014628,prior
"2414 Guadalupe St, Austin, TX, 78705",2414 Guadalupe St,Austin,78705,30.287915989134,-97.741599167376,prior
"15812 Windermere Dr Ste 200 #, Pflugerville, TX, 78660",15812 Windermere Dr Ste 200 #,Pflugerville,78660,30.446197939669,-97.648370288107,prior
"603 W 29th St, Austin, TX, 78705",603 W 29th St,Austin,78705,30.295410527429,-97.742927915225,prior
"14058 Bee Cave Pkwy, Bee Cave, TX, 78738",14058 Bee Cave Pkwy,Bee Cave,78738,30.311742222391,-97.963820079683,prior
"2002 Guadalupe St, Austin, TX, 78705",2002 Guadalupe St,Austin,78705,30.282727800833,-97.742050771381,prior
"2020 Denton Dr, Austin, TX, 78758",2020 Denton Dr,Austin,78758,30.385299519999,-97.712901222513,prior
"15701 W Sh 71, Austin, TX, 78738",15701 W Sh 71,Austin,78738,30.31752086907,-97.987784540476,prior
"306 E 53rd St, Austin, TX, 78751",306 E 53rd St,Austin,78751,30.317271708683,-97.720146702446,prior
"408 E Rundberg Ln, Austin, TX, 78753",408 E Rundberg Ln,Austin,78753,30.359786517229,-97.69106121317,prior
"5434 Burnet Rd, Austin, TX, 78756",5434 Burnet Rd,Austin,78756,30.32913152356,-97.739875061689,prior
"10526 W Parmer Ln, Austin, TX, 78717",10526 W Parmer Ln,Austin,78717,30.496736781545,-97.774875691019,prior
"12812 Hill Country Blvd, Bee Cave, TX, 78738",12812 Hill Country Blvd,Bee Cave,78738,30.310030014375,-97.942963809496,prior
"9306 N Lamar Blvd, Austin, TX, 78753",9306 N Lamar Blvd,Austin,78753,30.362594931937,-97.697336702209,prior
"3028 Rogge Ln, Austin, TX, 78723",3028 Rogge Ln,Austin,78723,30.303319909955,-97.678561317812,prior
"8600 Balcones Club Dr, Austin, TX, 78750",8600 Balcones Club Dr,Austin,78750,30.438172817889,-97.781025811656,prior
"12820 Hill Country Blvd, Bee Cave, TX, 78738",12820 Hill Country Blvd,Bee Cave,78738,30.309978382846,-97.942826358016,prior
"2426 Guadalupe St, Austin, TX, 78705",2426 Guadalupe St,Austin,78705,30.288029832962,-97.741589353248,prior
"4800 Burnet Rd Ste 450 #, Austin, TX, 78756",4800 Burnet Rd Ste 450 #,Austin,78756,30.318946389316,-97.739439252661,prior
"13015 Dessau Rd, Austin, TX, 78754",13015 Dessau Rd,Austin,78754,30.400109696195,-97.640531591817,prior
"9405 N Interstate 35, Austin, TX, 78753",9405 N Interstate 35,Austin,78753,30.357998486449,-97.687370437757,prior
"6606 Sitio del Rio Blvd, Austin, TX, 78730",6606 Sitio del Rio Blvd,Austin,78730,30.39065258551,-97.842911416094,prior
"9200 N Lamar Blvd, Austin, TX, 78753",9200 N Lamar Blvd,Austin,78753,30.362109362128,-97.697606333536,prior
"12401 Tillgang Pass, Manor, TX, 78653",12401 Tillgang Pass,Manor,78653,30.348001430146,-97.563710968931,prior
"2315 Lake Austin Blvd, Austin, TX, 78703",2315 Lake Austin Blvd,Austin,78703,30.277947916956,-97.772427130137,prior
"9705 Menchaca Rd, Austin, TX, 78748",9705 Menchaca Rd,Austin,78748,30.175194159565,-97.823019454593,prior
"1213 W Lynn St, Austin, TX, 78703",1213 W Lynn St,Austin,78703,30.280723349331,-97.758725424038,prior
"5425 N Interstate 35, Austin, TX, 78723",5425 N Interstate 35,Austin,78723,30.312875274466,-97.708159643671,prior
"1204 W Lynn St, Austin, TX, 78703",1204 W Lynn St,Austin,78703,30.280318044569,-97.759137889266,prior
"109 Burnet St N, Manor, TX, 78653",109 Burnet St N,Manor,78653,30.341024266399,-97.55668329366,prior
"615 W 7th St, Austin, TX, 78701",615 W 7th St,Austin,78701,30.270578675616,-97.748286530629,prior
"620 W 6th St, Austin, TX, 78701",620 W 6th St,Austin,78701,30.269761133943,-97.748665801999,prior
"1110 W Lynn St, Austin, TX, 78703",1110 W Lynn St,Austin,78703,30.279905497457,-97.759422169641,prior
"1601 Waterston Ave, Austin, TX, 78703",1601 Waterston Ave,Austin,78703,30.280679716947,-97.758906153636,prior
"3612 Tudor Blvd, Austin, TX, 78759",3612 Tudor Blvd,Austin,78759,30.384091538174,-97.736859650624,prior
"624 W 34th St, Austin, TX, 78705",624 W 34th St,Austin,78705,30.300595810322,-97.740045425513,prior
"8110 Springdale Rd, Austin, TX, 78724",8110 Springdale Rd,Austin,78724,30.325328416886,-97.657137988604,prior
"4517 Triangle Ave, Austin, TX, 78751",4517 Triangle Ave,Austin,78751,30.312486669316,-97.735044685717,prior
"6401 N Hampton Dr, Austin, TX, 78723",6401 N Hampton Dr,Austin,78723,30.313897280928,-97.68145053028,prior
"12200 Bee Cave Pkwy, Bee Cave, TX, 78738",12200 Bee Cave Pkwy,Bee Cave,78738,30.306674102717,-97.931264168328,prior
"910 Caldwell St, Manor, TX, 78653",910 Caldwell St,Manor,78653,30.347951817056,-97.557055702619,prior
"1906 Guadalupe St, Austin, TX, 78705",1906 Guadalupe St,Austin,78705,30.281816397041,-97.741993882628,prior
"2214 E 7th St, Austin, TX, 78702",2214 E 7th St,Austin,78702,30.261504270915,-97.717233753932,prior
"2800 Guadalupe St, Austin, TX, 78705",2800 Guadalupe St,Austin,78705,30.293330939671,-97.741857427674,prior
"1914 Guadalupe St, Austin, TX, 78705",1914 Guadalupe St,Austin,78705,30.281879015174,-97.742022060783,prior
"1910 Guadalupe St, Austin, TX, 78705",1910 Guadalupe St,Austin,78705,30.281847706107,-97.742007971706,prior
"14001 Shadowglen Blvd, Manor, TX, 78653",14001 Shadowglen Blvd,Manor,78653,30.350817410812,-97.54671731632,prior
"116 E Parsons St, Manor, TX, 78653",116 E Parsons St,Manor,78653,30.3409806526,-97.557495333572,prior
"915 N Lamar Blvd, Austin, TX, 78703",915 N Lamar Blvd,Austin,78703,30.274120067566,-97.752622417128,prior
"917 N Lamar Blvd, Austin, TX, 78703",917 N Lamar Blvd,Austin,78703,30.274139571597,-97.752613326266,prior
"10721 Research Blvd, Austin, TX, 78759",10721 Research Blvd,Austin,78759,30.399078518956,-97.745559729821,prior
"1517 FM 685, Pflugerville, TX, 78660",1517 FM 685,Pflugerville,78660,30.451041434708,-97.60477766177,prior
"5107 S I-35, Austin, TX, 78744",5107 S I-35,Austin,78744,30.204345169243,-97.758670752143,prior
"8040 Mesa Dr, Austin, TX, 78731",8040 Mesa Dr,Austin,78731,30.370489266108,-97.757805323768,prior
"5420 Airport Blvd, Austin, TX, 78751",5420 Airport Blvd,Austin,78751,30.316072609232,-97.714183158784,prior
"12000 Manchaca Rd Ste A, Austin, TX, 78748",12000 Manchaca Rd Ste A,Austin,78748,30.141918977216,-97.833020140328,prior
"214 W 4th St, Austin, TX, 78701",214 W 4th St,Austin,78701,30.266682827813,-97.744986800915,prior
"609 Clayton Ln, Austin, TX, 78752",609 Clayton Ln,Austin,78752,30.32397500955,-97.714396376306,prior
"4220 W William Cannon Dr, Austin, TX, 78749",4220 W William Cannon Dr,Austin,78749,30.221723986,-97.837784412398,prior
"2217 Forbes Dr, Austin, TX, 78754",2217 Forbes Dr,Austin,78754,30.335616752215,-97.673602954749,prior
"701 Masterson Pass, Austin, TX, 78753",701 Masterson Pass,Austin,78753,30.370622013588,-97.691323930254,prior
"9308 N Lamar Blvd, Austin, TX, 78753",9308 N Lamar Blvd,Austin,78753,30.362604093632,-97.697331614825,prior
"7110 Cameron Rd, Austin, TX, 78752",7110 Cameron Rd,Austin,78752,30.325571362321,-97.692772264338,prior
"2501 E 7th St, Austin, TX, 78702",2501 E 7th St,Austin,78702,30.260845154848,-97.713661863162,prior
"5914 Lost Horizon Dr, Austin, TX, 78759",5914 Lost Horizon Dr,Austin,78759,30.401709742534,-97.763076895821,prior
"317 E 6th St, Austin, TX, 78701",317 E 6th St,Austin,78701,30.267270894391,-97.740185655091,prior
"11613 FM 620 N, Austin, TX, 78750",11613 FM 620 N,Austin,78750,30.455763941326,-97.825460673493,prior
"603 Brazos St, Austin, TX, 78701",603 Brazos St,Austin,78701,30.267732399669,-97.74136512333,prior
"313 E 6th St, Austin, TX, 78701",313 E 6th St,Austin,78701,30.267282531185,-97.740222989798,prior
"2609 W Pecan St, Pflugerville, TX, 78660",2609 W Pecan St,Pflugerville,78660,30.434059710664,-97.608739082389,prior
"1618 E Riverside Dr, Austin, TX, 78741",1618 E Riverside Dr,Austin,78741,30.245634366606,-97.730938541815,prior
"14417 W SH 71, Bee Cave, TX, 78738",14417 W SH 71,Bee Cave,78738,30.310058484268,-97.96607056918,prior
"15119 N I-35 Service Rd, Austin, TX, 78660",15119 N I-35 Service Rd,Austin,78660,30.446120763435,-97.666935637945,prior
"9909 FM 969 Rd, Austin, TX, 78724",9909 FM 969 Rd,Austin,78724,30.267933303744,-97.626321399815,prior
"316 E 6th St, Austin, TX, 78701",316 E 6th St,Austin,78701,30.26737868145,-97.740140617109,prior
"301 E 6th St, Austin, TX, 78701",301 E 6th St,Austin,78701,30.267317441567,-97.740334993921,prior
"5307 E Riverside Dr, Austin, TX, 78741",5307 E Riverside Dr,Austin,78741,30.227200970539,-97.708613867438,prior
"18101 W Sh 71, Austin, TX, 78738",18101 W Sh 71,Austin,78738,30.33032552599,-98.023310076428,prior
"501 E 53rd St, Austin, TX, 78751",501 E 53rd St,Austin,78751,30.316344713546,-97.718502206753,prior
"1201 Barbara Jordan Blvd Ste 500 #, Austin, TX, 78723",1201 Barbara Jordan Blvd Ste 500 #,Austin,78723,30.30669407244,-97.709237661311,prior
"1713 Old East Riverside Dr, Austin, TX, 78741",1713 Old East Riverside Dr,Austin,78741,30.244174271146,-97.730816743901,prior
"10114 Jollyville Rd, Austin, TX, 78759",10114 Jollyville Rd,Austin,78759,30.395320246373,-97.749961821377,prior
"311 E 6th St, Austin, TX, 78701",311 E 6th St,Austin,78701,30.267288349582,-97.740241657152,prior
"9706 Anderson Mill Rd, Austin, TX, 78750",9706 Anderson Mill Rd,Austin,78750,30.448565250373,-97.791452182237,prior
"6306 Menchaca Rd, Austin, TX, 78745",6306 Menchaca Rd,Austin,78745,30.209679023358,-97.804223811804,prior
"7107 E Riverside Dr, Austin, TX, 78741",7107 E Riverside Dr,Austin,78741,30.221614643384,-97.696216076445,prior
"411 W Martin Luther King Jr Blvd, Austin, TX, 78701",411 W Martin Luther King Jr Blvd,Austin,78701,30.281717724242,-97.742038792636,prior
"715 W 6th St, Austin, TX, 78701",715 W 6th St,Austin,78701,30.269958042793,-97.749743053348,prior
"5200 Brodie Ln, Sunset Valley, TX, 78745",5200 Brodie Ln,Sunset Valley,78745,30.231826695537,-97.818978691302,prior
"2500 E Riverside Dr, Austin, TX, 78741",2500 E Riverside Dr,Austin,78741,30.239161882455,-97.726100668599,prior
"501 W 15th St, Austin, TX, 78701",501 W 15th St,Austin,78701,30.278226650603,-97.744121856164,prior
"801 W 6th St, Austin, TX, 78703",801 W 6th St,Austin,78703,30.270266943169,-97.750672130418,prior
"500 W Martin Luther King Jr Blvd, Austin, TX, 78701",500 W Martin Luther King Jr Blvd,Austin,78701,30.282125999722,-97.743101458677,prior
"2320 E Riverside Dr, Austin, TX, 78741",2320 E Riverside Dr,Austin,78741,30.239673890501,-97.726443275077,prior
"817 W FM 1626 Rd, Austin, TX, 78652",817 W FM 1626 Rd,Austin,78652,30.140523516733,-97.828733172252,prior
"12429 Scofield Farms Dr, Austin, TX, 78758",12429 Scofield Farms Dr,Austin,78758,30.409246117944,-97.687577860319,prior
"5313 Manor Rd, Austin, TX, 78723",5313 Manor Rd,Austin,78723,30.300530172589,-97.685489813367,prior
"3201 N Lamar Blvd, Austin, TX, 78705",3201 N Lamar Blvd,Austin,78705,30.30151414914,-97.745365169624,prior
"10625 Bonaventure Dr, Austin, TX, 78730",10625 Bonaventure Dr,Austin,78730,30.390937895929,-97.846305215657,prior
"601 W Martin Luther King Jr Blvd, Austin, TX, 78701",601 W Martin Luther King Jr Blvd,Austin,78701,30.282207206874,-97.743826270493,prior
"101 Red River St, Austin, TX, 78701",101 Red River St,Austin,78701,30.261828258459,-97.738712456435,prior
"3303 N Lamar Blvd, Austin, TX, 78705",3303 N Lamar Blvd,Austin,78705,30.302082238235,-97.745008796548,prior
"16419 FM 969, Manor, TX, 78653",16419 FM 969,Manor,78653,30.25109589789,-97.558801097136,prior
"11815 FM 620 N, Austin, TX, 78750",11815 FM 620 N,Austin,78750,30.458666725408,-97.822423143469,prior
"517 W Martin Luther King Jr Blvd, Austin, TX, 78701",517 W Martin Luther King Jr Blvd,Austin,78701,30.28206454811,-97.743316263021,prior
"4800 Burnet Rd Ste 410 #, Austin, TX, 78756",4800 Burnet Rd Ste 410 #,Austin,78756,30.318946389316,-97.739439252661,prior
"1213 W 5th St, Austin, TX, 78703",1213 W 5th St,Austin,78703,30.271669535526,-97.758376163421,prior
"300 Medical Pkwy, Lakeway, TX, 78738",300 Medical Pkwy,Lakeway,78738,30.331314887718,-97.970690482147,prior
"7300 Hart Ln, Austin, TX, 78731",7300 Hart Ln,Austin,78731,30.356993377371,-97.755017359382,prior
"4800 Burnet Rd, Austin, TX, 78756",4800 Burnet Rd,Austin,78756,30.318946389316,-97.739439252661,prior
"7310 E Riverside Dr, Austin, TX, 78741",7310 E Riverside Dr,Austin,78741,30.220650295651,-97.694049475013,prior
"6220 E Riverside Dr, Austin, TX, 78741",6220 E Riverside Dr,Austin,78741,30.225558565072,-97.704585941423,prior
"3404 S FM 973 Rd, Austin, TX, 78617",3404 S FM 973 Rd,Austin,78617,30.201091967455,-97.640397438022,prior
"3925 Market St, Bee Cave, TX, 78738",3925 Market St,Bee Cave,78738,30.308439806922,-97.936613340049007,prior
"1309 W 45th St, Austin, TX, 78756",1309 W 45th St,Austin,78756,30.314916086062,-97.740722746569,prior
"10901 Lakeline Mall Dr, Austin, TX, 78717",10901 Lakeline Mall Dr,Austin,78717,30.475234561205,-97.793926667614,prior
"1710 Montopolis Dr, Austin, TX, 78741",1710 Montopolis Dr,Austin,78741,30.227194613157,-97.702074906962,prior
"4500 S Pleasant Valley Rd, Austin, TX, 78744",4500 S Pleasant Valley Rd,Austin,78744,30.203613056889,-97.742299154887,prior
"1703 S 1st St, Austin, TX, 78704",1703 S 1st St,Austin,78704,30.248370510764,-97.755440615178,prior
"7930 Burnet Rd, Austin, TX, 78757",7930 Burnet Rd,Austin,78757,30.356793450585,-97.730765942941,prior
"2400 E Cesar Chavez St, Austin, TX, 78702",2400 E Cesar Chavez St,Austin,78702,30.254742730166,-97.717613679023,prior
"14001 FM 969 Rd, Austin, TX, 78725",14001 FM 969 Rd,Austin,78725,30.249186053371,-97.587118728845,prior
"13207 Wright Rd, Creedmoor, TX, 78610",13207 Wright Rd,Creedmoor,78610,30.087402714893,-97.750103012625,prior
"3115 S 1st St, Austin, TX, 78704",3115 S 1st St,Austin,78704,30.233490500777,-97.764988199766,prior
"3504 E 4th St, Austin, TX, 78702",3504 E 4th St,Austin,78702,30.253314472679,-97.704367642393,prior
"422 Guadalupe St, Austin, TX, 78701",422 Guadalupe St,Austin,78701,30.267435054155,-97.746941562691,prior
"502 W William Cannon Dr, Austin, TX, 78745",502 W William Cannon Dr,Austin,78745,30.196339579638,-97.785893736497,prior
"2401 Lake Austin Blvd, Austin, TX, 78703",2401 Lake Austin Blvd,Austin,78703,30.27809489403,-97.772620945577,prior
"2304 Lake Austin Blvd, Austin, TX, 78703",2304 Lake Austin Blvd,Austin,78703,30.277770552405,-97.771891630559,prior
"1607 San Jacinto Blvd, Austin, TX, 78701",1607 San Jacinto Blvd,Austin,78701,30.27727686044,-97.736651380615,prior
"1700 W Parmer Ln Ste 100 #, Austin, TX, 78727",1700 W Parmer Ln Ste 100 #,Austin,78727,30.412386910339,-97.688543195804,prior
"1901 E Ben White Blvd, Austin, TX, 78741",1901 E Ben White Blvd,Austin,78741,30.21551759232,-97.74915370078,prior
"1203 Springdale Rd, Austin, TX, 78721",1203 Springdale Rd,Austin,78721,30.279023147449,-97.686920936242,prior
"1618 1/2 E 6th St, Austin, TX, 78702",1618 1/2 E 6th St,Austin,78702,30.262981848688,-97.726095450182,prior
"2713 E 2nd St, Austin, TX, 78702",2713 E 2nd St,Austin,78702,30.254253015537,-97.713528126901,prior
"12514 W Sh 71, Bee Cave, TX, 78738",12514 W Sh 71,Bee Cave,78738,30.305276160673,-97.936418509694,prior
"6010 E Riverside Dr, Austin, TX, 78741",6010 E Riverside Dr,Austin,78741,30.226538583709,-97.706609347472,prior
"1729 E Riverside Dr, Austin, TX, 78741",1729 E Riverside Dr,Austin,78741,30.243789139992,-97.729895200705,prior
"2032 S Lamar Blvd, Austin, TX, 78704",2032 S Lamar Blvd,Austin,78704,30.248869630017,-97.768750682213,prior
"3810 N Quinlan Park Rd, Austin, TX, 78732",3810 N Quinlan Park Rd,Austin,78732,30.37459375315,-97.885616176283,prior
"12501 Longhorn Pkwy, Austin, TX, 78732",12501 Longhorn Pkwy,Austin,78732,30.352254972463,-97.910118967566,prior
"406 E 6th St, Austin, TX, 78701",406 E 6th St,Austin,78701,30.267089215407,-97.739193614214,prior
"12001 Longhorn Pkwy, Austin, TX, 78732",12001 Longhorn Pkwy,Austin,78732,30.350082314284,-97.91131953379,prior
"6006 Cameron Rd, Austin, TX, 78723",6006 Cameron Rd,Austin,78723,30.317411636138,-97.699574872018,prior
"411 E 6th St, Austin, TX, 78701",411 E 6th St,Austin,78701,30.266969260058,-97.739193189104,prior
"404 E 6th St, Austin, TX, 78701",404 E 6th St,Austin,78701,30.267094408252,-97.739213249659,prior
"407 E 6th St, Austin, TX, 78701",407 E 6th St,Austin,78701,30.26697964575,-97.739232459993,prior
"1801 E Riverside Dr, Austin, TX, 78741",1801 E Riverside Dr,Austin,78741,30.243147812191,-97.729349945357,prior
"1005 W Pecan St, Pflugerville, TX, 78660",1005 W Pecan St,Pflugerville,78660,30.443602604784,-97.628931918451,prior
"3318 Harmon Ave, Austin, TX, 78705",3318 Harmon Ave,Austin,78705,30.291501800845,-97.723335100425,prior
"2026 S Lamar Blvd, Austin, TX, 78704",2026 S Lamar Blvd,Austin,78704,30.248930543706,-97.768567506035,prior
"15500 W SH 71, Bee Cave, TX, 78738",15500 W SH 71,Bee Cave,78738,30.317350181927,-97.984868765903,prior
"19500 N Heatherwilde Blvd, Pflugerville, TX, 78660",19500 N Heatherwilde Blvd,Pflugerville,78660,30.487257927498,-97.61132156151,prior
"2034 S Lamar Blvd, Austin, TX, 78704",2034 S Lamar Blvd,Austin,78704,30.248849325454,-97.768811740939,prior
"6550 Comanche Trl, Austin, TX, 78732",6550 Comanche Trl,Austin,78732,30.405142442031,-97.87336265621,prior
"12901 Hill Country Blvd, Bee Cave, TX, 78738",12901 Hill Country Blvd,Bee Cave,78738,30.30936989934,-97.941539164296,prior
"242 W 2nd St, Austin, TX, 78701",242 W 2nd St,Austin,78701,30.26487367451,-97.745957973003,prior
"1815 E Parmer Ln, Austin, TX, 78754",1815 E Parmer Ln,Austin,78754,30.386107244271,-97.64728872775,prior
"1300 E Anderson Ln,, Austin, TX, 78752","1300 E Anderson Ln,",Austin,78752,30.334408030543,-97.689391104866,prior
"3569 Far West Blvd, Austin, TX, 78731",3569 Far West Blvd,Austin,78731,30.353736935139,-97.754101322966,prior
"11624 Anderson Mill Rd, Austin, TX, 78750",11624 Anderson Mill Rd,Austin,78750,30.454735708368,-97.824378259227,prior
"13014 Pond Springs Rd, Austin, TX, 78729",13014 Pond Springs Rd,Austin,78729,30.441012241155,-97.773290812454,prior
"1701 E Riverside Dr, Austin, TX, 78741",1701 E Riverside Dr,Austin,78741,30.244118733881,-97.730133787749,prior
"12320 Dessau Rd, Austin, TX, 78754",12320 Dessau Rd,Austin,78754,30.387770620313,-97.648304300589,prior
"710 Kay Ln, Pflugerville, TX, 78660",710 Kay Ln,Pflugerville,78660,30.44736101312,-97.607437076643,prior
"8000 Cross Park Dr, Austin, TX, 78754",8000 Cross Park Dr,Austin,78754,30.328112311179,-97.666055560255,prior
"9306 Great Hills Trl, Austin, TX, 78759",9306 Great Hills Trl,Austin,78759,30.392285996175,-97.756810273431,prior
"13006 W Sh 71, Bee Cave, TX, 78738",13006 W Sh 71,Bee Cave,78738,30.308499747091,-97.945086077465,prior
"12921 Hill Country Blvd, Bee Cave, TX, 78738",12921 Hill Country Blvd,Bee Cave,78738,30.309498978163,-97.941882792995,prior
"815 W 47th St, Austin, TX, 78751",815 W 47th St,Austin,78751,30.315343610879,-97.733550216688,prior
"1920 E Riverside Dr, Austin, TX, 78741",1920 E Riverside Dr,Austin,78741,30.242017119415,-97.728283299534,prior
"1120 S Lamar Blvd, Austin, TX, 78704",1120 S Lamar Blvd,Austin,78704,30.255405876126,-97.761945157797,prior
"9401 N Interstate 35, Austin, TX, 78753",9401 N Interstate 35,Austin,78753,30.357974814621,-97.687383964517,prior
"2230 Guadalupe St, Austin, TX, 78705",2230 Guadalupe St,Austin,78705,30.285594739416,-97.741826167386,prior
"1547 FM 685, Pflugerville, TX, 78660",1547 FM 685,Pflugerville,78660,30.451411987555,-97.60455175454,prior
"2806 Real St, Austin, TX, 78722",2806 Real St,Austin,78722,30.282524612561,-97.711581228477,prior
"1604 W Pecan St, Pflugerville, TX, 78660",1604 W Pecan St,Pflugerville,78660,30.446476464796,-97.634665967877993,prior
"1100 W Live Oak St, Austin, TX, 78704",1100 W Live Oak St,Austin,78704,30.246793484702,-97.764537335999,prior
"1717 W 10th St, Austin, TX, 78703",1717 W 10th St,Austin,78703,30.280741236322,-97.763545156464,prior
"944 E 51st St, Austin, TX, 78751",944 E 51st St,Austin,78751,30.311042065171,-97.712940334996,prior
"2606 Guadalupe St, Austin, TX, 78705",2606 Guadalupe St,Austin,78705,30.290966183098,-97.741305716409,prior
"2410 E Riverside Dr #, Austin, TX, 78741",2410 E Riverside Dr #,Austin,78741,30.239423903483,-97.726251615471,prior
"5101 N Lamar Blvd, Austin, TX, 78751",5101 N Lamar Blvd,Austin,78751,30.31871669983,-97.730727942564,prior
"4507 E Martin Luther King Jr Blvd, Austin, TX, 78721",4507 E Martin Luther King Jr Blvd,Austin,78721,30.285507658027,-97.684419848158,prior
"2724 Philomena St, Austin, TX, 78723",2724 Philomena St,Austin,78723,30.298878982533,-97.695275121441,prior
"400 W 2nd St, Austin, TX, 78701",400 W 2nd St,Austin,78701,30.265357267965,-97.747715807856,prior
"1015 Norwood Park Blvd, Austin, TX, 78753",1015 Norwood Park Blvd,Austin,78753,30.339170351618,-97.692986090291,prior
"1701 Briarcliff Blvd, Austin, TX, 78723",1701 Briarcliff Blvd,Austin,78723,30.314014156667,-97.692476935721,prior
"5900 W Slaughter Ln, Austin, TX, 78749",5900 W Slaughter Ln,Austin,78749,30.200942762572,-97.879263105383,prior
"5900 W Slaughter Ln Ste 550 #, Austin, TX, 78749",5900 W Slaughter Ln Ste 550 #,Austin,78749,30.200942762572,-97.879263105383,prior
"2805 Bee Caves Rd, Rollingwood, TX, 78746",2805 Bee Caves Rd,Rollingwood,78746,30.271124081023,-97.788979547333,prior
"7200 N Interstate 35, Austin, TX, 78752",7200 N Interstate 35,Austin,78752,30.333033981805,-97.704556918543,prior
"7401 Burnet Rd, Austin, TX, 78757",7401 Burnet Rd,Austin,78757,30.349533235256,-97.734845626353,prior
"3637 Far West Blvd, Austin, TX, 78731",3637 Far West Blvd,Austin,78731,30.354535536753,-97.755752894389,prior
"3900 Far West Blvd, Austin, TX, 78731",3900 Far West Blvd,Austin,78731,30.357242526053,-97.761095946071,prior
"1321 Rutland Dr, Austin, TX, 78758",1321 Rutland Dr,Austin,78758,30.36959211259,-97.706369192371,prior
"1548 E Parmer Ln, Austin, TX, 78753",1548 E Parmer Ln,Austin,78753,30.39118007602,-97.652554887484,prior
"3825 Lake Austin Blvd, Austin, TX, 78703",3825 Lake Austin Blvd,Austin,78703,30.294951556441,-97.783807045237,prior
"1628 Ohlen Rd, Austin, TX, 78758",1628 Ohlen Rd,Austin,78758,30.363927750225,-97.715557332095,prior
"1109 S Lamar Blvd, Austin, TX, 78704",1109 S Lamar Blvd,Austin,78704,30.255415702746,-97.761790339601,prior
"510 S Congress Ave, Austin, TX, 78704",510 S Congress Ave,Austin,78704,30.256539029913,-97.74717592511,prior
"5425 Burnet Rd, Austin, TX, 78756",5425 Burnet Rd,Austin,78756,30.329120947786,-97.739741027174,prior
"2620 Lake Austin Blvd, Austin, TX, 78703",2620 Lake Austin Blvd,Austin,78703,30.281166195283,-97.775291050686,prior
"801 S Lamar Blvd, Austin, TX, 78704",801 S Lamar Blvd,Austin,78704,30.257572677565,-97.760059033195,prior
"5343 Burnet Rd, Austin, TX, 78756",5343 Burnet Rd,Austin,78756,30.327472758385,-97.739651709072,prior
"6231 E Stassney Ln, Austin, TX, 78744",6231 E Stassney Ln,Austin,78744,30.199503282951,-97.723018358703,prior
"801 Red River St, Austin, TX, 78701",801 Red River St,Austin,78701,30.268365468707,-97.736404439891,prior
"2316 S 1st St, Austin, TX, 78704",2316 S 1st St,Austin,78704,30.243060592431,-97.758660599006,prior
"2828 Guadalupe St, Austin, TX, 78705",2828 Guadalupe St,Austin,78705,30.294761404078,-97.74259627492,prior
"12000 Manchaca Rd Bldg 2, Austin, TX, 78748",12000 Manchaca Rd Bldg 2,Austin,78748,30.141918977216,-97.833020140328,prior
"512 W 29th St, Austin, TX, 78705",512 W 29th St,Austin,78705,30.295094092247,-97.741992659197,prior
"3201 Steck Ave, Austin, TX, 78757",3201 Steck Ave,Austin,78757,30.365439290995,-97.736765396018,prior
"2825 Guadalupe St, Austin, TX, 78705",2825 Guadalupe St,Austin,78705,30.294784061212,-97.742464253195,prior
"1710 Richcreek Rd, Austin, TX, 78757",1710 Richcreek Rd,Austin,78757,30.347159673988,-97.727160799157,prior
"7793 Burnet Rd, Austin, TX, 78757",7793 Burnet Rd,Austin,78757,30.354724579323,-97.731672363423,prior
"5405 S Pleasant Valley Rd, Austin, TX, 78744",5405 S Pleasant Valley Rd,Austin,78744,30.193816994528,-97.744536890384,prior
"525 E 6th St, Austin, TX, 78701",525 E 6th St,Austin,78701,30.266640231528,-97.737976376897,prior
"11135 N I-35 Service Rd, Austin, TX, 78753",11135 N I-35 Service Rd,Austin,78753,30.375325899807,-97.676600199129,prior
"7025 Village Center Dr, Austin, TX, 78731",7025 Village Center Dr,Austin,78731,30.352407354707,-97.756257995091,prior
"1212 W Parmer Ln, Austin, TX, 78727",1212 W Parmer Ln,Austin,78727,30.40864019885,-97.680444046074,prior
"6105 Techni Center Dr, Austin, TX, 78721",6105 Techni Center Dr,Austin,78721,30.276457251597,-97.669804411994,prior
"3001 Guadalupe St, Austin, TX, 78705",3001 Guadalupe St,Austin,78705,30.296717012847,-97.741873129582,prior
"606 Maiden Ln, Austin, TX, 78705",606 Maiden Ln,Austin,78705,30.301649584687,-97.739036008872,prior
"3009 Guadalupe St, Austin, TX, 78705",3009 Guadalupe St,Austin,78705,30.296804040633,-97.74181708896,prior
"1201 Spyglass Dr, Austin, TX, 78746",1201 Spyglass Dr,Austin,78746,30.262485237519,-97.785470341925,prior
"2938 Guadalupe St, Austin, TX, 78705",2938 Guadalupe St,Austin,78705,30.296590338535,-97.742115936703,prior
"1727 Grand Avenue Pkwy, Pflugerville, TX, 78660",1727 Grand Avenue Pkwy,Pflugerville,78660,30.455719487384,-97.660544935969,prior
"4206 Duval St, Austin, TX, 78751",4206 Duval St,Austin,78751,30.303986560355,-97.726606319785,prior
"4230 Duval St, Austin, TX, 78751",4230 Duval St,Austin,78751,30.304160528115,-97.726501339235,prior
"2004 S 1st St, Austin, TX, 78704",2004 S 1st St,Austin,78704,30.245584324909,-97.757051744125,prior
"13908 W SH 71, Bee Cave, TX, 78738",13908 W SH 71,Bee Cave,78738,30.30881877457,-97.959488187522,prior
"8105 Mesa Dr, Austin, TX, 78759",8105 Mesa Dr,Austin,78759,30.371657402173,-97.757112158919,prior
"11003 Harris Branch Pkwy, Austin, TX, 78754",11003 Harris Branch Pkwy,Austin,78754,30.342437786572,-97.613112638852,prior
"7711 Burnet Rd, Austin, TX, 78757",7711 Burnet Rd,Austin,78757,30.353682498121,-97.732290341842,prior
"6425 Burnet Rd, Austin, TX, 78757",6425 Burnet Rd,Austin,78757,30.339021193188,-97.739057918777,prior
"408 E 43rd St, Austin, TX, 78751",408 E 43rd St,Austin,78751,30.305071005109,-97.726869700062,prior
"6607 S I-35, Austin, TX, 78744",6607 S I-35,Austin,78744,30.189770701841,-97.770386938747,prior
"13908 W Sh 71, Bee Cave, TX, 78738",13908 W Sh 71,Bee Cave,78738,30.30881877457,-97.959488187522,prior
"5621 Airport Blvd, Austin, TX, 78751",5621 Airport Blvd,Austin,78751,30.319329019525,-97.712412817426,prior
"9900 W Parmer Ln #, Austin, TX, 78717",9900 W Parmer Ln #,Austin,78717,30.485983185238,-97.770409490345,prior
"2930 Alvin Devane Blvd, Austin, TX, 78741",2930 Alvin Devane Blvd,Austin,78741,30.21746567746,-97.719737593139,prior
"6700 Burnet Rd, Austin, TX, 78757",6700 Burnet Rd,Austin,78757,30.342909322139,-97.738598306449,prior
"2610 Lake Austin Blvd, Austin, TX, 78703",2610 Lake Austin Blvd,Austin,78703,30.280960486532,-97.775146549774007,prior
"2911 San Jacinto Blvd, Austin, TX, 78705",2911 San Jacinto Blvd,Austin,78705,30.292122856145,-97.735561451412,prior
"6501 S Congress Ave Ste 211, Austin, TX, 78745",6501 S Congress Ave Ste 211,Austin,78745,30.196312407314,-97.777365131455,prior
"8000 Burnet Rd, Austin, TX, 78757",8000 Burnet Rd,Austin,78757,30.35822278624,-97.730365649518,prior
"8728 N Lamar Blvd, Austin, TX, 78753",8728 N Lamar Blvd,Austin,78753,30.356315333735,-97.701703586452,prior
"1515 W 35th St, Austin, TX, 78703",1515 W 35th St,Austin,78703,30.306579636814998,-97.75007113388,prior
"2900 Duval St, Austin, TX, 78705",2900 Duval St,Austin,78705,30.291172871227,-97.734579628828,prior
"2402 Lake Austin Blvd, Austin, TX, 78703",2402 Lake Austin Blvd,Austin,78703,30.278189252149,-97.772544442946,prior
"5808 Burleson Rd, Austin, TX, 78744",5808 Burleson Rd,Austin,78744,30.207983202455,-97.721546503187,prior
"2308 Lake Austin Blvd, Austin, TX, 78703",2308 Lake Austin Blvd,Austin,78703,30.277779150105,-97.771906533235,prior
"110 E 9th St, Austin, TX, 78701",110 E 9th St,Austin,78701,30.270856058567,-97.741549256852,prior
"5706 Reicher Dr, Austin, TX, 78723",5706 Reicher Dr,Austin,78723,30.302897115481,-97.677508422281,prior
"823 Congress Ave, Austin, TX, 78701",823 Congress Ave,Austin,78701,30.270128447033,-97.741957718348,prior
"7108 Woodrow Ave, Austin, TX, 78757",7108 Woodrow Ave,Austin,78757,30.342330598635,-97.72539494511,prior
"7100 Woodrow Ave, Austin, TX, 78757",7100 Woodrow Ave,Austin,78757,30.342275929689,-97.725427536214,prior
"8665 W Sh 71, Austin, TX, 78736",8665 W Sh 71,Austin,78736,30.250429493067,-97.895513536204,prior
"6903 Airport Blvd, Austin, TX, 78752",6903 Airport Blvd,Austin,78752,30.335305753496,-97.717492387206,prior
"8766 Research Blvd, Austin, TX, 78758",8766 Research Blvd,Austin,78758,30.365871907748,-97.718636316464,prior
"12701 Hill Country Blvd, Bee Cave, TX, 78738",12701 Hill Country Blvd,Bee Cave,78738,30.308176277179,-97.938434310033,prior
"7327 Burnet Rd, Austin, TX, 78757",7327 Burnet Rd,Austin,78757,30.348582014822,-97.735482871894,prior
"5901 N Interstate 35, Austin, TX, 78723",5901 N Interstate 35,Austin,78723,30.319464747761,-97.706673971817,prior
"4134 Felter Ln, Austin, TX, 78744",4134 Felter Ln,Austin,78744,30.196880035271,-97.705477635655,prior
"11410 Century Oaks Terrace, Austin, TX, 78758",11410 Century Oaks Terrace,Austin,78758,30.400721238789,-97.72669608029,prior
"14057 Bee Cave Pkwy, Bee Cave, TX, 78738",14057 Bee Cave Pkwy,Bee Cave,78738,30.311755738976,-97.963637670633,prior
"13420 Galleria Cir, Austin, TX, 78738",13420 Galleria Cir,Austin,78738,30.310280133392,-97.940618065767,prior
"11300 Pollyanna Ave, Austin, TX, 78753",11300 Pollyanna Ave,Austin,78753,30.377230888463,-97.676788075301,prior
"4214 N Capital of Texas Highway, Austin, TX, 78746",4214 N Capital of Texas Highway,Austin,78746,30.340728622138,-97.802993645064,prior
"1011 Reinli St, Austin, TX, 78723",1011 Reinli St,Austin,78723,30.317974751457,-97.706206744701,prior
"7050 Village Center Dr, Austin, TX, 78731",7050 Village Center Dr,Austin,78731,30.353100421439,-97.755956985717,prior
"3636 Bee Caves Rd, West Lake Hills, TX, 78746",3636 Bee Caves Rd,West Lake Hills,78746,30.278606850216,-97.80599857465,prior
"5011 Duval St, Austin, TX, 78751",5011 Duval St,Austin,78751,30.313274168374,-97.720468871539,prior
"11812 Millwright Pkwy, Austin, TX, 78750",11812 Millwright Pkwy,Austin,78750,30.447961692705,-97.803984258315,prior
"310 W 2nd St, Austin, TX, 78701",310 W 2nd St,Austin,78701,30.265094309399,-97.746727058887,prior
"4420 N Lamar Blvd, Austin, TX, 78756",4420 N Lamar Blvd,Austin,78756,30.31243175785,-97.738377601043,prior
"8310 N Capital of Texas Highway #, Austin, TX, 78731",8310 N Capital of Texas Highway #,Austin,78731,30.383397832626,-97.77020973657,prior
"6601 S Congress Ave, Austin, TX, 78745",6601 S Congress Ave,Austin,78745,30.195027388579,-97.77792864381,prior
"10550 W Parmer Ln, Austin, TX, 78717",10550 W Parmer Ln,Austin,78717,30.497175293906,-97.77510470726,prior
"10600 W Parmer Ln, Austin, TX, 78717",10600 W Parmer Ln,Austin,78717,30.498124588159,-97.775663177133,prior
"11300 N Lamar Blvd, Austin, TX, 78758",11300 N Lamar Blvd,Austin,78758,30.382010190851,-97.686406071131,prior
"10412 FM 969 Rd, Austin, TX, 78724",10412 FM 969 Rd,Austin,78724,30.263643329229,-97.622243539004,prior
"4119 Guadalupe St, Austin, TX, 78751",4119 Guadalupe St,Austin,78751,30.306695017101,-97.735529503438,prior
"10711 Research Blvd, Austin, TX, 78759",10711 Research Blvd,Austin,78759,30.398962996925,-97.745571643036,prior
"8300 N FM 620 Rd #, Austin, TX, 78726",8300 N FM 620 Rd #,Austin,78726,30.419367628872,-97.84612927133,prior
"9301 Hog Eye Rd, Austin, TX, 78724",9301 Hog Eye Rd,Austin,78724,30.282845438193,-97.624114493695,prior
"7408 Cameron Rd, Austin, TX, 78752",7408 Cameron Rd,Austin,78752,30.329255749586,-97.690401378438,prior
"4729 Burnet Rd, Austin, TX, 78756",4729 Burnet Rd,Austin,78756,30.318685440181,-97.739437166752,prior
"2716 W William Cannon Dr, Austin, TX, 78745",2716 W William Cannon Dr,Austin,78745,30.207449222461,-97.815637719613,prior
"4636 Burnet Rd, Austin, TX, 78756",4636 Burnet Rd,Austin,78756,30.317220058893,-97.740504414172,prior
"1940 W William Cannon Dr, Austin, TX, 78745",1940 W William Cannon Dr,Austin,78745,30.202743034226,-97.805352815608,prior
"118 E Parsons St, Manor, TX, 78653",118 E Parsons St,Manor,78653,30.340977435384,-97.557476593288,prior
"2307 Hancock Dr, Austin, TX, 78756",2307 Hancock Dr,Austin,78756,30.324271524207,-97.742906044343,prior
"7701 Cameron Rd, Austin, TX, 78752",7701 Cameron Rd,Austin,78752,30.331790218408,-97.686703180669,prior
"4516 Burnet Rd, Austin, TX, 78756",4516 Burnet Rd,Austin,78756,30.315669306254,-97.74147501285,prior
"1345 Philomena St, Austin, TX, 78723",1345 Philomena St,Austin,78723,30.302153732753,-97.707926150788,prior
"4805 Burnet Rd, Austin, TX, 78756",4805 Burnet Rd,Austin,78756,30.318915175434,-97.739309356288,prior
"13712 FM 969 Rd, Austin, TX, 78724",13712 FM 969 Rd,Austin,78724,30.25038358588,-97.589889480926,prior
"4801 Burnet Rd, Austin, TX, 78756",4801 Burnet Rd,Austin,78756,30.318903084105,-97.739316083154,prior
"2410 Howard Ln, Austin, TX, 78728",2410 Howard Ln,Austin,78728,30.436334086683,-97.689583114028,prior
"8900 N Lamar Blvd, Austin, TX, 78753",8900 N Lamar Blvd,Austin,78753,30.357980988655,-97.699952817788,prior
"6600 Woodrow Ave, Austin, TX, 78757",6600 Woodrow Ave,Austin,78757,30.337461601014,-97.728498488311,prior
"1130 Airport Blvd, Austin, TX, 78702",1130 Airport Blvd,Austin,78702,30.268031907426,-97.69631788566,prior
"820 W 12th St, Austin, TX, 78701",820 W 12th St,Austin,78701,30.276158415743,-97.748763959834,prior
"5701 W Slaughter Ln, Austin, TX, 78749",5701 W Slaughter Ln,Austin,78749,30.200877506269,-97.866963140361,prior
"7551 Metro Center Dr, Austin, TX, 78744",7551 Metro Center Dr,Austin,78744,30.212383837417,-97.694436743684,prior
"3500 Guadalupe St, Austin, TX, 78705",3500 Guadalupe St,Austin,78705,30.301291081896,-97.739152503668,prior
"1128 W 6th St, Austin, TX, 78703",1128 W 6th St,Austin,78703,30.27232257838,-97.755802773397,prior
"2110 W Slaughter Ln, Austin, TX, 78748",2110 W Slaughter Ln,Austin,78748,30.17380649938,-97.8256886983,prior
"1901 E William Cannon Dr, Austin, TX, 78744",1901 E William Cannon Dr,Austin,78744,30.187957338101,-97.764394099018,prior
"9901 Brodie Ln, Austin, TX, 78748",9901 Brodie Ln,Austin,78748,30.184804366965,-97.848854010546,prior
"2515 Leon St, Austin, TX, 78705",2515 Leon St,Austin,78705,30.290079655038,-97.749097779056,prior
"1025 W Stassney Ln, Austin, TX, 78745",1025 W Stassney Ln,Austin,78745,30.199693531571,-97.766064948078,prior
"3001 S 1st St, Austin, TX, 78704",3001 S 1st St,Austin,78704,30.234365436771,-97.76447247997,prior
"2602 W Pecan St, Pflugerville, TX, 78660",2602 W Pecan St,Pflugerville,78660,30.446396279502,-97.645940950452,prior
"12550 Metric Blvd, Austin, TX, 78727",12550 Metric Blvd,Austin,78727,30.414891413915,-97.689264019943,prior
"201 E Parsons St, Manor, TX, 78653",201 E Parsons St,Manor,78653,30.340938438878,-97.556570589366,prior
"7110 FM 2244 Rd, Austin, TX, 78746",7110 FM 2244 Rd,Austin,78746,30.303201351336,-97.840006308737,prior
"9320 N Lamar Blvd, Austin, TX, 78753",9320 N Lamar Blvd,Austin,78753,30.362659063799,-97.697301090524,prior
"606 Trinity St, Austin, TX, 78701",606 Trinity St,Austin,78701,30.267190710448,-97.739354577783,prior
"11800 n Lamar Blvd, Austin, TX, 78758",11800 n Lamar Blvd,Austin,78758,30.387742159002,-97.683630876565,prior
"3200 Jones Rd, Sunset Valley, TX, 78745",3200 Jones Rd,Sunset Valley,78745,30.227979012725,-97.80865225813,prior
"2002 Manor Rd, Austin, TX, 78722",2002 Manor Rd,Austin,78722,30.284148641107,-97.720421292204,prior
"2604 Guadalupe St, Austin, TX, 78705",2604 Guadalupe St,Austin,78705,30.290945126668,-97.74130748515,prior
"9121 N Interstate 35, Austin, TX, 78753",9121 N Interstate 35,Austin,78753,30.352088460122,-97.691460824424,prior
"620 W 29th St, Austin, TX, 78705",620 W 29th St,Austin,78705,30.295593283508,-97.743046554986,prior
"4601 N Lamar Blvd, Austin, TX, 78751",4601 N Lamar Blvd,Austin,78751,30.315124237335,-97.736037556448,prior
"3630 S Congress Ave, Austin, TX, 78704",3630 S Congress Ave,Austin,78704,30.227136030281,-97.761718401114,prior
"2005 University Ave, Austin, TX, 78705",2005 University Ave,Austin,78705,30.28254559227,-97.739597070413,prior
"2001 University Ave, Austin, TX, 78705",2001 University Ave,Austin,78705,30.282512862402,-97.739633073269,prior
"1203 E 11th St, Austin, TX, 78702",1203 E 11th St,Austin,78702,30.268563874938,-97.72771323285,prior
"2501 Leon St, Austin, TX, 78705",2501 Leon St,Austin,78705,30.289627934531,-97.7491410552,prior
"12400 W Sh 71, Bee Cave, TX, 78738",12400 W Sh 71,Bee Cave,78738,30.302823714631,-97.932338528334,prior
"314 E 6th St, Austin, TX, 78701",314 E 6th St,Austin,78701,30.267384499847,-97.740159284463,prior
"408 Brazos St, Austin, TX, 78701",408 Brazos St,Austin,78701,30.26634557858,-97.742043878032,prior
"1414 Shore District Dr, Austin, TX, 78741",1414 Shore District Dr,Austin,78741,30.24372471106,-97.72797663767,prior
"301 E 8th St, Austin, TX, 78701",301 E 8th St,Austin,78701,30.269163573062,-97.739652814173,prior
"9435 N Interstate 35, Austin, TX, 78753",9435 N Interstate 35,Austin,78753,30.358176025165,-97.687268987057,prior
"4401 Freidrich Ln, Austin, TX, 78744",4401 Freidrich Ln,Austin,78744,30.20936532306,-97.749949893306,prior
"616 W William Cannon Dr, Austin, TX, 78745",616 W William Cannon Dr,Austin,78745,30.196854305814,-97.786927029935,prior
"7717 Southwest Pkwy, Austin, TX, 78735",7717 Southwest Pkwy,Austin,78735,30.256719826505,-97.87428416834,prior
"3303 FM 620 N, Austin, TX, 78734",3303 FM 620 N,Austin,78734,30.393963112298,-97.934388083826,prior
"3305 FM 620 N, Austin, TX, 78734",3305 FM 620 N,Austin,78734,30.393983440732,-97.934370316455,prior
"7101 W Sh 71, Austin, TX, 78736",7101 W Sh 71,Austin,78736,30.236157263952,-97.877667622332,prior
"6707 Cameron Rd, Austin, TX, 78752",6707 Cameron Rd,Austin,78752,30.322465109712,-97.694367578066,prior
"616 Nueces St, Austin, TX, 78701",616 Nueces St,Austin,78701,30.269840630667,-97.74841565077,prior
"1905 W Slaughter Ln, Austin, TX, 78748",1905 W Slaughter Ln,Austin,78748,30.173601970125,-97.82268007621,prior
"9001 Cameron Rd, Austin, TX, 78754",9001 Cameron Rd,Austin,78754,30.346766938254,-97.677078017301,prior
"3227 E 5th St, Austin, TX, 78702",3227 E 5th St,Austin,78702,30.25507088889,-97.706759034296,prior
"4505 E Martin Luther King Jr Blvd, Austin, TX, 78721",4505 E Martin Luther King Jr Blvd,Austin,78721,30.285501480245,-97.684457687081,prior
"300 E 4th St, Austin, TX, 78701",300 E 4th St,Austin,78701,30.265565285465,-97.740980211239,prior
"2315 Nueces St, Austin, TX, 78705",2315 Nueces St,Austin,78705,30.286824388906,-97.74369010753,prior
"8708 S Congress Ave, Austin, TX, 78745",8708 S Congress Ave,Austin,78745,30.169968977509,-97.787271726873,prior
"6500 FM 2244 Rd, Austin, TX, 78746",6500 FM 2244 Rd,Austin,78746,30.296749058211,-97.834773273783,prior
"2401 Pearl St, Austin, TX, 78705",2401 Pearl St,Austin,78705,30.288133691163,-97.746706320676,prior
"525 W Ben White Blvd, Austin, TX, 78704",525 W Ben White Blvd,Austin,78704,30.22594099872,-97.769413060315,prior
"3909 Guadalupe St, Austin, TX, 78751",3909 Guadalupe St,Austin,78751,30.30417566131,-97.73714898077,prior
"3502 Burleson Rd, Austin, TX, 78741",3502 Burleson Rd,Austin,78741,30.216518608737,-97.734396051251,prior
"7801 N Lamar Blvd, Austin, TX, 78752",7801 N Lamar Blvd,Austin,78752,30.345180121387,-97.713744177719,prior
"6628 S Congress Ave, Austin, TX, 78745",6628 S Congress Ave,Austin,78745,30.193666361521,-97.77866710277,prior
"2414 Pearl St, Austin, TX, 78705",2414 Pearl St,Austin,78705,30.288324407304,-97.74681962209,prior
"309 W Slaughter Ln, Austin, TX, 78748",309 W Slaughter Ln,Austin,78748,30.167556162864,-97.793427093089,prior
"6611 S Mopac Expy, Austin, TX, 78749",6611 S Mopac Expy,Austin,78749,30.221635070367,-97.834817650478,prior
"2222 Rio Grande St, Austin, TX, 78705",2222 Rio Grande St,Austin,78705,30.286282409166,-97.744894063113,prior
"5001 E Ben White Blvd, Austin, TX, 78741",5001 E Ben White Blvd,Austin,78741,30.21379337131,-97.728192059231,prior
"2008 Teri Rd, Austin, TX, 78744",2008 Teri Rd,Austin,78744,30.202221443178,-97.752322474949,prior
"400 Colorado St, Austin, TX, 78701",400 Colorado St,Austin,78701,30.266643982582,-97.744854462885,prior
"208 W 4th St, Austin, TX, 78701",208 W 4th St,Austin,78701,30.266666321868,-97.744929758322,prior
"6600 FM 969 Rd, Austin, TX, 78724",6600 FM 969 Rd,Austin,78724,30.284419432192,-97.657776372811,prior
"315 Lavaca St, Austin, TX, 78701",315 Lavaca St,Austin,78701,30.266088005843,-97.746111427406,prior
"6903 Brodie Ln, Austin, TX, 78745",6903 Brodie Ln,Austin,78745,30.215256953041,-97.829326667081,prior
"1421 S Congress Ave, Austin, TX, 78704",1421 S Congress Ave,Austin,78704,30.249588856388,-97.749611038024,prior
"302 W Murray Ave, Manor, TX, 78653",302 W Murray Ave,Manor,78653,30.347961855794,-97.558307482481,prior
"1415 S Congress Ave, Austin, TX, 78704",1415 S Congress Ave,Austin,78704,30.249637301141,-97.749592386793,prior
"508 West Ave, Austin, TX, 78701",508 West Ave,Austin,78701,30.269451792642,-97.750970388845,prior
"6911 FM 620 N, Austin, TX, 78732",6911 FM 620 N,Austin,78732,30.40128426608,-97.855273082774,prior
"107 Bella Montagna Cir, Lakeway, TX, 78734",107 Bella Montagna Cir,Lakeway,78734,30.360626403418,-97.958785284637,prior
"11406 Rustic Rock Dr, Austin, TX, 78750",11406 Rustic Rock Dr,Austin,78750,30.430812029612,-97.781516519505,prior
"1900 Guadalupe St, Austin, TX, 78705",1900 Guadalupe St,Austin,78705,30.281769433441,-97.741972749012,prior
"606 W 15th St, Austin, TX, 78701",606 W 15th St,Austin,78701,30.278665743664,-97.745229085835,prior
"908 Congress Ave, Austin, TX, 78701",908 Congress Ave,Austin,78701,30.270994847545,-97.74177905507,prior
"3911 Menchaca Rd, Austin, TX, 78704",3911 Menchaca Rd,Austin,78704,30.234520701788,-97.785252544214,prior
"105 E Stassney Ln, Austin, TX, 78745",105 E Stassney Ln,Austin,78745,30.204783797283,-97.774728565546,prior
"2105 San Antonio St, Austin, TX, 78705",2105 San Antonio St,Austin,78705,30.284001437998,-97.742940287343,prior
"9320 Alice Mae Ln, Austin, TX, 78748",9320 Alice Mae Ln,Austin,78748,30.167120407986,-97.793318263391,prior
"4220 W William Cannon Dr Ste 140 #, Austin, TX, 78749",4220 W William Cannon Dr Ste 140 #,Austin,78749,30.221723986,-97.837784412398,prior
"2421 San Antonio St, Austin, TX, 78705",2421 San Antonio St,Austin,78705,30.288477108005,-97.742228804836,prior
"7701 Metropolis Dr, Austin, TX, 78744",7701 Metropolis Dr,Austin,78744,30.206981427636,-97.694420497254,prior
"9325 Alice Mae Ln, Austin, TX, 78748",9325 Alice Mae Ln,Austin,78748,30.166222405215,-97.793724717736,prior
"642 Calles St, Austin, TX, 78702",642 Calles St,Austin,78702,30.260172946367,-97.711907736742,prior
"1020 Grove Blvd Ste A Rm 1154.2, Austin, TX, 78741",1020 Grove Blvd Ste A Rm 1154.2,Austin,78741,30.236106331005,-97.703757840233,prior
"4901 S 1st St, Austin, TX, 78745",4901 S 1st St,Austin,78745,30.214706126706,-97.77677176696,prior
"4215 Duval St, Austin, TX, 78751",4215 Duval St,Austin,78751,30.303919116463,-97.726497358335,prior
"8419 Bowling Green Dr, Austin, TX, 78757",8419 Bowling Green Dr,Austin,78757,30.364523720553,-97.727492819494,prior
"112 Academy Dr, Austin, TX, 78704",112 Academy Dr,Austin,78704,30.251989128529,-97.747955168159,prior
"2201 E Ben White Blvd, Austin, TX, 78741",2201 E Ben White Blvd,Austin,78741,30.215608560036,-97.741818740426,prior
"7415 Southwest Pkwy, Austin, TX, 78735",7415 Southwest Pkwy,Austin,78735,30.255070561356,-97.866407976453,prior
"5327 Cameron Rd, Austin, TX, 78723",5327 Cameron Rd,Austin,78723,30.311338303231,-97.707013869417,prior
"1701 E Cesar Chavez St, Austin, TX, 78702",1701 E Cesar Chavez St,Austin,78702,30.257758272281,-97.726599525589,prior
"3204 Guadalupe St, Austin, TX, 78705",3204 Guadalupe St,Austin,78705,30.299190515369,-97.740437616635,prior
"307 W 5th St, Austin, TX, 78701",307 W 5th St,Austin,78701,30.267774471839,-97.745687536731,prior
"10728 Burnet Rd, Austin, TX, 78758",10728 Burnet Rd,Austin,78758,30.391336485881,-97.721767479645,prior
"700 Lavaca St, Austin, TX, 78701",700 Lavaca St,Austin,78701,30.269731431674,-97.744889426273,prior
"6507 Jester Blvd Ste 501 #, Austin, TX, 78750",6507 Jester Blvd Ste 501 #,Austin,78750,30.369611132521,-97.801918618606,prior
"109 Ralph Ablanedo Dr, Austin, TX, 78748",109 Ralph Ablanedo Dr,Austin,78748,30.173001128837,-97.785568743595,prior
"2901 Manor Rd, Austin, TX, 78722",2901 Manor Rd,Austin,78722,30.286017728189,-97.707710326764,prior
"613 W 6th St, Austin, TX, 78701",613 W 6th St,Austin,78701,30.269629619627,-97.748628274054,prior
"4409 Gaines Ranch Loop, Austin, TX, 78735",4409 Gaines Ranch Loop,Austin,78735,30.241431741213,-97.815785071744,prior
"6200 W William Cannon Dr, Austin, TX, 78749",6200 W William Cannon Dr,Austin,78749,30.230100608374,-97.864449686155,prior
"10106 Menchaca Rd, Austin, TX, 78748",10106 Menchaca Rd,Austin,78748,30.170691830226,-97.8248769298,prior
"8205 Brodie Ln, Austin, TX, 78745",8205 Brodie Ln,Austin,78745,30.201839677638,-97.837956403491,prior
"606 W Slaughter Ln, Austin, TX, 78748",606 W Slaughter Ln,Austin,78748,30.172755571727,-97.799610751732,prior
"2001 E Riverside Dr, Austin, TX, 78741",2001 E Riverside Dr,Austin,78741,30.241060688958,-97.727816704293,prior
"1917 Lohmans Crossing Rd, Lakeway, TX, 78734",1917 Lohmans Crossing Rd,Lakeway,78734,30.346867740569,-97.976959404441,prior
"110 W Pflugerville Pkwy, Pflugerville, TX, 78660",110 W Pflugerville Pkwy,Pflugerville,78660,30.464669950864,-97.626131721072,prior
"1915 Lohmans Crossing Rd, Lakeway, TX, 78734",1915 Lohmans Crossing Rd,Lakeway,78734,30.347129958426,-97.977008272299,prior
"4415 S I-35, Austin, TX, 78744",4415 S I-35,Austin,78744,30.207396287168,-97.756322467801,prior
"5207 Brodie Ln, Sunset Valley, TX, 78745",5207 Brodie Ln,Sunset Valley,78745,30.231668937269,-97.818778652112,prior
"4111 S 1st St, Austin, TX, 78745",4111 S 1st St,Austin,78745,30.224896033144,-97.770404006698,prior
"5601 Brodie Ln, Sunset Valley, TX, 78745",5601 Brodie Ln,Sunset Valley,78745,30.227572370435,-97.821492221998,prior
"2500 Pearl St, Austin, TX, 78705",2500 Pearl St,Austin,78705,30.289519040416,-97.746697105018,prior
"1510 E Cesar Chavez St, Austin, TX, 78702",1510 E Cesar Chavez St,Austin,78702,30.258872283534,-97.729505819695,prior
"321 W Ben White Blvd, Austin, TX, 78704",321 W Ben White Blvd,Austin,78704,30.223323691117,-97.765594724258,prior
"709 E Ben White Blvd, Austin, TX, 78704",709 E Ben White Blvd,Austin,78704,30.217740601803,-97.755340466343,prior
"6615 Menchaca Rd, Austin, TX, 78745",6615 Menchaca Rd,Austin,78745,30.20679767192,-97.805918416144,prior
"9901 Brodie Ln Ste 170 #, Austin, TX, 78748",9901 Brodie Ln Ste 170 #,Austin,78748,30.184804366965,-97.848854010546,prior
"2317 Shoal Creek Blvd, Austin, TX, 78705",2317 Shoal Creek Blvd,Austin,78705,30.287456527979,-97.751682057567,prior
"6430 S I-35, Austin, TX, 78745",6430 S I-35,Austin,78745,30.192390142208,-97.76957854575,prior
"10300 Springdale Rd, Austin, TX, 78754",10300 Springdale Rd,Austin,78754,30.347184315999,-97.646396885281,prior
"2000 Guadalupe St, Austin, TX, 78705",2000 Guadalupe St,Austin,78705,30.282706624445,-97.742052343067,prior
"11500 Menchaca Rd, Austin, TX, 78748",11500 Menchaca Rd,Austin,78748,30.153212651928,-97.833329106231,prior
"2500 McHale Ct, Austin, TX, 78758",2500 McHale Ct,Austin,78758,30.384978347631,-97.721988575517,prior
"8105 Brodie Ln, Austin, TX, 78745",8105 Brodie Ln,Austin,78745,30.202491065726,-97.837556329204,prior
"208 E 6th St, Austin, TX, 78701",208 E 6th St,Austin,78701,30.267695876322,-97.741294102579,prior
"1209 E 11th St, Austin, TX, 78702",1209 E 11th St,Austin,78702,30.268312700975,-97.726886458783,prior
"9400 Arboretum Blvd, Austin, TX, 78759",9400 Arboretum Blvd,Austin,78759,30.388853290258,-97.75182238698,prior
"800 E William Cannon Dr, Austin, TX, 78745",800 E William Cannon Dr,Austin,78745,30.191288254566,-97.772449214883,prior
"6109 W William Cannon Dr, Austin, TX, 78749",6109 W William Cannon Dr,Austin,78749,30.229184899646,-97.863809396866,prior
"3200 W Slaughter Ln, Austin, TX, 78748",3200 W Slaughter Ln,Austin,78748,30.180849193618,-97.844032000044,prior
"907 W 24th St, Austin, TX, 78705",907 W 24th St,Austin,78705,30.288064821643,-97.747305700056,prior
"15436 FM 1825, Pflugerville, TX, 78660",15436 FM 1825,Pflugerville,78660,30.448412729997,-97.661974332016,prior
"7202 Dee St, Austin, TX, 78745",7202 Dee St,Austin,78745,30.194163867226,-97.795315190224,prior
"2222 Rio Grande St Ste 116 #, Austin, TX, 78705",2222 Rio Grande St Ste 116 #,Austin,78705,30.286282409166,-97.744894063113,prior
"2608 Gonzales St, Austin, TX, 78702",2608 Gonzales St,Austin,78702,30.261481508621,-97.712251143271,prior
"1610 S Congress Ave, Austin, TX, 78704",1610 S Congress Ave,Austin,78704,30.247823045225,-97.750386295585,prior
"628 E Oltorf St, Austin, TX, 78704",628 E Oltorf St,Austin,78704,30.236878654637,-97.749335626767,prior
"6400 Brodie Ln, Austin, TX, 78745",6400 Brodie Ln,Austin,78745,30.219820076207,-97.826815019186,prior
"11920 Alterra Pkwy, Austin, TX, 78758",11920 Alterra Pkwy,Austin,78758,30.404990915327,-97.719091189397,prior
"2400 Webberville Rd, Austin, TX, 78702",2400 Webberville Rd,Austin,78702,30.262806005343,-97.714786461685,prior
"5410 S 1st St, Austin, TX, 78745",5410 S 1st St,Austin,78745,30.210506136172,-97.779901902334,prior
"5301 E Stassney Ln, Austin, TX, 78744",5301 E Stassney Ln,Austin,78744,30.192732624932,-97.73818783605,prior
"719 W William Cannon Dr, Austin, TX, 78745",719 W William Cannon Dr,Austin,78745,30.19716558207,-97.788221604735,prior
"5303 Nuckols Crossing Rd, Austin, TX, 78744",5303 Nuckols Crossing Rd,Austin,78744,30.193071363403,-97.73889734345,prior
"18820 Hilltop Commercial Dr, Pflugerville, TX, 78660",18820 Hilltop Commercial Dr,Pflugerville,78660,30.47018188922,-97.598125772042,prior
"6317 FM 2244 Rd Ste 330, Austin, TX, 78746",6317 FM 2244 Rd Ste 330,Austin,78746,30.296659074141,-97.833518207197,prior
"2204 Woodland Ave, Austin, TX, 78741",2204 Woodland Ave,Austin,78741,30.235964816278,-97.728361932502,prior
"713 Congress Ave, Austin, TX, 78701",713 Congress Ave,Austin,78701,30.269103392404,-97.742349043496,prior
"16410 Stewart Rd, Lakeway, TX, 78734",16410 Stewart Rd,Lakeway,78734,30.380325386165,-97.959019964551,prior
"512 W Stassney Ln, Austin, TX, 78745",512 W Stassney Ln,Austin,78745,30.207734565009,-97.779788632035,prior
"808 Nile St, Austin, TX, 78702",808 Nile St,Austin,78702,30.266287733,-97.710460696485,prior
"4600 Teri Rd, Austin, TX, 78744",4600 Teri Rd,Austin,78744,30.19701217226,-97.744034898469,prior
"2101 Wickersham Ln, Austin, TX, 78741",2101 Wickersham Ln,Austin,78741,30.231433945681,-97.720688513125,prior
"19024 N Heatherwilde Blvd, Pflugerville, TX, 78660",19024 N Heatherwilde Blvd,Pflugerville,78660,30.481397195413,-97.615227665177,prior
"3808 S Congress Ave, Austin, TX, 78704",3808 S Congress Ave,Austin,78704,30.225538030468,-97.762504306406,prior
"613 Congress Ave, Austin, TX, 78701",613 Congress Ave,Austin,78701,30.268199228555,-97.742693344396,prior
"2512 E 12th St, Austin, TX, 78702",2512 E 12th St,Austin,78702,30.274782089601,-97.713813337328,prior
"1220 Barton Hills Dr, Austin, TX, 78704",1220 Barton Hills Dr,Austin,78704,30.261673434427,-97.773994569226,prior
"719 Congress Ave, Austin, TX, 78701",719 Congress Ave,Austin,78701,30.269154040441,-97.74232956348,prior
"2210 University Club Dr, Austin, TX, 78732",2210 University Club Dr,Austin,78732,30.356596647780002,-97.891551760154,prior
"7032 Wood Hollow Dr, Austin, TX, 78731",7032 Wood Hollow Dr,Austin,78731,30.352771496673,-97.753645272196,prior
"6210 W William Cannon Dr, Austin, TX, 78749",6210 W William Cannon Dr,Austin,78749,30.23024305217,-97.864530859734,prior
"5002 Nuckols Crossing Rd, Austin, TX, 78744",5002 Nuckols Crossing Rd,Austin,78744,30.195320261622,-97.737638607641,prior
"2223 Burton Dr, Austin, TX, 78741",2223 Burton Dr,Austin,78741,30.231662814571,-97.733282914643,prior
"114 Linden St, Austin, TX, 78702",114 Linden St,Austin,78702,30.252504703883,-97.710790618265,prior
"1941 Webberville Rd, Austin, TX, 78721",1941 Webberville Rd,Austin,78721,30.283432483206,-97.673166428761,prior
"12503 Lamplight Village Ave, Austin, TX, 78727",12503 Lamplight Village Ave,Austin,78727,30.416094234513,-97.695645335186,prior
"3501 E 7th St, Austin, TX, 78702",3501 E 7th St,Austin,78702,30.25691560687,-97.703132831742,prior
"2905 Pearce Rd, Austin, TX, 78730",2905 Pearce Rd,Austin,78730,30.333408470185,-97.823892590859,prior
"404 Colorado St, Austin, TX, 78701",404 Colorado St,Austin,78701,30.266676636376,-97.744842177298,prior
"5303 Burnet Rd, Austin, TX, 78756",5303 Burnet Rd,Austin,78756,30.32598914568,-97.739558552072,prior
"515 E 6th St, Austin, TX, 78701",515 E 6th St,Austin,78701,30.26666774144,-97.738071447898,prior
"415 E 6th St, Austin, TX, 78701",415 E 6th St,Austin,78701,30.266958874366,-97.739153918215,prior
"507 San Jacinto Blvd, Austin, TX, 78701",507 San Jacinto Blvd,Austin,78701,30.266525242969,-97.740631721364,prior
"1628 E Cesar Chavez St, Austin, TX, 78702",1628 E Cesar Chavez St,Austin,78702,30.258365807598,-97.72803542561,prior
"8509 Burleson Rd, Austin, TX, 78719",8509 Burleson Rd,Austin,78719,30.181134611247,-97.68567182485,prior
"708 E 6th St, Austin, TX, 78701",708 E 6th St,Austin,78701,30.266120848168,-97.735663453725,prior
"2801 Via Fortuna, Austin, TX, 78746",2801 Via Fortuna,Austin,78746,30.25137117349,-97.80093461486,prior
"6301 E Riverside Dr, Austin, TX, 78741",6301 E Riverside Dr,Austin,78741,30.224799421518,-97.703431456933,prior
"600 E Ben White Blvd, Austin, TX, 78704",600 E Ben White Blvd,Austin,78704,30.219650760042,-97.756532004583,prior
"305 E Rundberg Ln, Austin, TX, 78753",305 E Rundberg Ln,Austin,78753,30.359987284609,-97.691910102,prior
"710 W 6th St, Austin, TX, 78701",710 W 6th St,Austin,78701,30.270052410571,-97.749657343067,prior
"2215 E Cesar Chavez St, Austin, TX, 78702",2215 E Cesar Chavez St,Austin,78702,30.255647504731,-97.720476333279,prior
"4400 E Ben White Blvd, Austin, TX, 78741",4400 E Ben White Blvd,Austin,78741,30.215202735008,-97.731771784813,prior
"4002 N Lamar Blvd, Austin, TX, 78756",4002 N Lamar Blvd,Austin,78756,30.307961094312,-97.741405340575,prior
"705 Tillery St, Austin, TX, 78702",705 Tillery St,Austin,78702,30.260613126612,-97.704623620465,prior
"1320 E Oltorf St, Austin, TX, 78704",1320 E Oltorf St,Austin,78704,30.234463499747,-97.743276809462,prior
"700 W 6th St, Austin, TX, 78701",700 W 6th St,Austin,78701,30.270020773411,-97.749561620397,prior
"12195 Metric Blvd, Austin, TX, 78758",12195 Metric Blvd,Austin,78758,30.406013504979,-97.697525038927,prior
"1801 S Capital of Texas Highway, Austin, TX, 78746",1801 S Capital of Texas Highway,Austin,78746,30.271080922499,-97.817594159308,prior
"6319 El Mirando St, Austin, TX, 78741",6319 El Mirando St,Austin,78741,30.240137373675,-97.693343419322,prior
"1621 W 5th St, Austin, TX, 78703",1621 W 5th St,Austin,78703,30.273923074963,-97.763700423842,prior
"3503 Hyridge Dr, Austin, TX, 78759",3503 Hyridge Dr,Austin,78759,30.374153378554,-97.740683904921,prior
"1747 E Oltorf St, Austin, TX, 78741",1747 E Oltorf St,Austin,78741,30.232645840118,-97.737846719721,prior
"600 Congress Ave, Austin, TX, 78701",600 Congress Ave,Austin,78701,30.268138089752,-97.742856218692,prior
"1503 Morgan Ln, Austin, TX, 78704",1503 Morgan Ln,Austin,78704,30.229420360695,-97.781002461911,prior
"7720 W Sh 71, Austin, TX, 78735",7720 W Sh 71,Austin,78735,30.242413067018,-97.882419036691,prior
"1723 E Oltorf St, Austin, TX, 78741",1723 E Oltorf St,Austin,78741,30.232798126193,-97.738233707718,prior
"5310 S Pleasant Valley Rd, Austin, TX, 78744",5310 S Pleasant Valley Rd,Austin,78744,30.194893865504,-97.744862561015,prior
"8900 S Congress Ave Bldg 2, Austin, TX, 78745",8900 S Congress Ave Bldg 2,Austin,78745,30.169101766338,-97.788206354828,prior
"5002 Burleson Rd, Austin, TX, 78744",5002 Burleson Rd,Austin,78744,30.211487728472,-97.72890940841,prior
"2238 E Ben White Blvd, Austin, TX, 78741",2238 E Ben White Blvd,Austin,78741,30.216385162574,-97.740064598512,prior
"2000 E 12th St, Austin, TX, 78702",2000 E 12th St,Austin,78702,30.273983738714,-97.718827280169,prior
"7114 N Interstate 35, Austin, TX, 78752",7114 N Interstate 35,Austin,78752,30.332414770718,-97.704919254014,prior
"4311 Springdale Rd, Austin, TX, 78723",4311 Springdale Rd,Austin,78723,30.285991797469,-97.682464773786,prior
"323 E 6th St, Austin, TX, 78701",323 E 6th St,Austin,78701,30.2672534392,-97.74012965303,prior
"1700 E Cesar Chavez St, Austin, TX, 78702",1700 E Cesar Chavez St,Austin,78702,30.257864618051,-97.72655011278,prior
"21103 W Sh 71, Austin, TX, 78738",21103 W Sh 71,Austin,78738,30.352114149477,-98.063904234601,prior
"2828 Rio Grande St, Austin, TX, 78705",2828 Rio Grande St,Austin,78705,30.295497544634,-97.744017523812,prior
"4537 S I-35, Austin, TX, 78744",4537 S I-35,Austin,78744,30.2060985808,-97.757272558282,prior
"12015 Park Thirty Five Cir, Austin, TX, 78753",12015 Park Thirty Five Cir,Austin,78753,30.391068637225,-97.674214289684,prior
"2601 E 7th St, Austin, TX, 78702",2601 E 7th St,Austin,78702,30.260708845868,-97.712675753202,prior
"217 E 6th St, Austin, TX, 78701",217 E 6th St,Austin,78701,30.267565634714,-97.741255430026,prior
"401 E 6th St, Austin, TX, 78701",401 E 6th St,Austin,78701,30.266995224288,-97.739291366327,prior
"1221 W Lynn St, Austin, TX, 78703",1221 W Lynn St,Austin,78703,30.280756775144,-97.758703467865,prior
"3704 N Interstate 35, Austin, TX, 78705",3704 N Interstate 35,Austin,78705,30.293881397145,-97.720519662497,prior
"1300 E 7th St, Austin, TX, 78702",1300 E 7th St,Austin,78702,30.264976363315,-97.728796497648,prior
"718 Red River St, Austin, TX, 78701",718 Red River St,Austin,78701,30.267621478967,-97.736806190208,prior
"5800 S Congress Ave, Austin, TX, 78745",5800 S Congress Ave,Austin,78745,30.203210753385,-97.775444016362,prior
"612 Brazos St, Austin, TX, 78701",612 Brazos St,Austin,78701,30.267851068672,-97.741460187126,prior
"4327 S 1st St, Austin, TX, 78745",4327 S 1st St,Austin,78745,30.22250417798,-97.77189246185,prior
"900 W 10th St, Austin, TX, 78703",900 W 10th St,Austin,78703,30.274836939613,-97.751602416482,prior
"6801 S I-35, Austin, TX, 78744",6801 S I-35,Austin,78744,30.188412627772,-97.771386515041,prior
"213 Dunlap St, Austin, TX, 78704",213 Dunlap St,Austin,78704,30.224850070036,-97.764444816591,prior
"2823 Hancock Dr, Austin, TX, 78731",2823 Hancock Dr,Austin,78731,30.32805934965,-97.750149942672,prior
"8801 S Congress Ave, Austin, TX, 78745",8801 S Congress Ave,Austin,78745,30.164860249272,-97.787850397045,prior
"5501 W Parmer Ln, Austin, TX, 78727",5501 W Parmer Ln,Austin,78727,30.435691100539,-97.733984799943,prior
"7551 Metro Center Dr Ste 200 #, Austin, TX, 78744",7551 Metro Center Dr Ste 200 #,Austin,78744,30.212383837417,-97.694436743684,prior
"5800 W Slaughter Ln, Austin, TX, 78749",5800 W Slaughter Ln,Austin,78749,30.20100227468,-97.870926758676,prior
"322 Medical Pkwy, Lakeway, TX, 78738",322 Medical Pkwy,Lakeway,78738,30.331118865308,-97.970350193434,prior
"12545 Riata Vista Cir, Austin, TX, 78727",12545 Riata Vista Cir,Austin,78727,30.430524101454,-97.735236650348,prior
"2304 S 1st St, Austin, TX, 78704",2304 S 1st St,Austin,78704,30.243220962649,-97.758560909406,prior
"12365 Riata Trace Pkwy, Austin, TX, 78727",12365 Riata Trace Pkwy,Austin,78727,30.427899223577,-97.743447793461,prior
"3407 Greystone Dr, Austin, TX, 78731",3407 Greystone Dr,Austin,78731,30.35672836324,-97.747159540135,prior
"11005 Burnet Rd, Austin, TX, 78758",11005 Burnet Rd,Austin,78758,30.394498759215,-97.720580225386,prior
"5401 La Crosse Ave, Austin, TX, 78739",5401 La Crosse Ave,Austin,78739,30.191445373616,-97.875848544433,prior
"4906 Burleson Rd, Austin, TX, 78744",4906 Burleson Rd,Austin,78744,30.212145483219,-97.730258521327,prior
"105 Yacht Club Cv, Lakeway, TX, 78734",105 Yacht Club Cv,Lakeway,78734,30.365504781056,-98.008677944337,prior
"1020 Grove Blvd, Austin, TX, 78741",1020 Grove Blvd,Austin,78741,30.236106331005,-97.703757840233,prior
"9801 Menchaca Rd, Austin, TX, 78748",9801 Menchaca Rd,Austin,78748,30.174520624039,-97.823402211593,prior
"19124 Pleasant Bay Dr, Pflugerville, TX, 78660",19124 Pleasant Bay Dr,Pflugerville,78660,30.455393217108,-97.560230155447,prior
"4501 E Martin Luther King Jr Blvd, Austin, TX, 78721",4501 E Martin Luther King Jr Blvd,Austin,78721,30.28548912468,-97.684533364928,prior
"7700 FM 969 Rd, Austin, TX, 78724",7700 FM 969 Rd,Austin,78724,30.280435367707,-97.646746534419,prior
"1700 Guadalupe St, Austin, TX, 78701",1700 Guadalupe St,Austin,78701,30.279809691347,-97.742332778441,prior
"5406 Balcones Dr, Austin, TX, 78731",5406 Balcones Dr,Austin,78731,30.335697358069,-97.758629551706,prior
"10900 E US 290 Highway, Manor, TX, 78653",10900 E US 290 Highway,Manor,78653,30.348515864268,-97.560908831524,prior
"901 Tillery St, Austin, TX, 78702",901 Tillery St,Austin,78702,30.262527151421,-97.703730881012,prior
"422 E 6th St, Austin, TX, 78701",422 E 6th St,Austin,78701,30.267047672639,-97.739036530657,prior
"91 Red River St, Austin, TX, 78701",91 Red River St,Austin,78701,30.260794768184,-97.739078706325,prior
"504 W 24th St, Austin, TX, 78705",504 W 24th St,Austin,78705,30.287833594966,-97.742714245917,prior
"3001 Whitis Ave, Austin, TX, 78705",3001 Whitis Ave,Austin,78705,30.29524290198,-97.739263784857,prior
"2612 E Cesar Chavez St #, Austin, TX, 78702",2612 E Cesar Chavez St #,Austin,78702,30.253894570566,-97.7151815996,prior
"7901 W US 290 Highway, Austin, TX, 78736",7901 W US 290 Highway,Austin,78736,30.229106971075,-97.88784623289,prior
"7714 W Sh 71, Austin, TX, 78735",7714 W Sh 71,Austin,78735,30.242365924462,-97.882371366427,prior
"4143 Governors Row, Austin, TX, 78744",4143 Governors Row,Austin,78744,30.214328336183,-97.74960566709,prior
"2708 E Cesar Chavez St, Austin, TX, 78702",2708 E Cesar Chavez St,Austin,78702,30.253440463064,-97.71395755763,prior
"11506 Century Oaks Ter Ste 124 #, Austin, TX, 78758",11506 Century Oaks Ter Ste 124 #,Austin,78758,30.401874152299,-97.726212983686,prior
"2207 Manor Rd, Austin, TX, 78722",2207 Manor Rd,Austin,78722,30.284278605769,-97.718790712269,prior
"1209 Rosewood Ave, Austin, TX, 78702",1209 Rosewood Ave,Austin,78702,30.268485147873,-97.726210276216,prior
"6721 S Congress Ave, Austin, TX, 78745",6721 S Congress Ave,Austin,78745,30.19253323076,-97.778988272292,prior
"800 Congress Ave, Austin, TX, 78701",800 Congress Ave,Austin,78701,30.269973877751,-97.742154700556,prior
"1611 Airport Commerce Dr, Austin, TX, 78741",1611 Airport Commerce Dr,Austin,78741,30.222024566061,-97.689599905898,prior
"1805 E William Cannon Dr, Austin, TX, 78744",1805 E William Cannon Dr,Austin,78744,30.188344042852,-97.765487386495,prior
"5200 Davis Ln, Austin, TX, 78749",5200 Davis Ln,Austin,78749,30.208473042802,-97.861597171993,prior
"2101 W Ben White Blvd, Austin, TX, 78704",2101 W Ben White Blvd,Austin,78704,30.230332825125,-97.790108799765,prior
"2506 E Ben White Blvd, Austin, TX, 78741",2506 E Ben White Blvd,Austin,78741,30.216001311254,-97.737081112209,prior
"1000 E 11th St, Austin, TX, 78702",1000 E 11th St,Austin,78702,30.269563066228,-97.730099856227,prior
"3103 Lakeway Blvd, Lakeway, TX, 78734",3103 Lakeway Blvd,Lakeway,78734,30.351397883652,-97.994125568671,prior
"2300 Lohmans Spur Rd, Lakeway, TX, 78734",2300 Lohmans Spur Rd,Lakeway,78734,30.341597665618,-97.972122608732,prior
"6515 S I-35, Austin, TX, 78744",6515 S I-35,Austin,78744,30.191105461829,-97.769307582246,prior
"7415 Southwest Pkwy Bldg 8, Austin, TX, 78735",7415 Southwest Pkwy Bldg 8,Austin,78735,30.255070561356,-97.866407976453,prior
"12201 Pearce Ln, Del Valle, TX, 78617",12201 Pearce Ln,Del Valle,78617,30.172920414617,-97.630685920036,prior
"1075 Springdale Rd, Austin, TX, 78721",1075 Springdale Rd,Austin,78721,30.272195934327,-97.691212406982,prior
"5001 S I-35, Austin, TX, 78744",5001 S I-35,Austin,78744,30.205345756269,-97.75783828062,prior
"2900 Bee Caves Rd, Rollingwood, TX, 78746",2900 Bee Caves Rd,Rollingwood,78746,30.270752788627,-97.791199165235,prior
"16328 N I-35, Austin, TX, 78728",16328 N I-35,Austin,78728,30.470108458693,-97.671606813258,prior
"2944 E 12th St, Austin, TX, 78702",2944 E 12th St,Austin,78702,30.275987978376,-97.70631460484,prior
"7501 E Ben White Blvd, Austin, TX, 78741",7501 E Ben White Blvd,Austin,78741,30.216817465225,-97.694211293112,prior
"8023 Mesa Dr, Austin, TX, 78731",8023 Mesa Dr,Austin,78731,30.369924913383,-97.758026301547,prior
"903 S Capital of Texas Highway, West Lake Hills, TX, 78746",903 S Capital of Texas Highway,West Lake Hills,78746,30.289489744562,-97.82777622366,prior
"5973 Hi Line Rd, Austin, TX, 78734",5973 Hi Line Rd,Austin,78734,30.430951529901,-97.940285624865,prior
"9911 Brodie Ln Ste 850 #, Austin, TX, 78748",9911 Brodie Ln Ste 850 #,Austin,78748,30.184686931625,-97.848928334245,prior
"3701 Guadalupe St, Austin, TX, 78705",3701 Guadalupe St,Austin,78705,30.302007545879,-97.738538158082,prior
"4018 N Lamar Blvd, Austin, TX, 78756",4018 N Lamar Blvd,Austin,78756,30.308116643333,-97.74130562966,prior
"501 Comal St, Austin, TX, 78702",501 Comal St,Austin,78702,30.262184390919,-97.726878496915,prior
"419 E 6th St, Austin, TX, 78701",419 E 6th St,Austin,78701,30.266948488674,-97.739114647325,prior
"301 San Jacinto Blvd, Austin, TX, 78701",301 San Jacinto Blvd,Austin,78701,30.264618498062,-97.741352663598,prior
"11401 Century Oaks Ter Ste 103 #, Austin, TX, 78758",11401 Century Oaks Ter Ste 103 #,Austin,78758,30.400564690062,-97.726633685008,prior
"1300 E Anderson Ln Apt 1010, Austin, TX, 78752",1300 E Anderson Ln Apt 1010,Austin,78752,30.334408030543,-97.689391104866,prior
"3108 Manor Rd, Austin, TX, 78723",3108 Manor Rd,Austin,78723,30.28656961022,-97.704930047432,prior
"2433 S Pleasant Valley Rd, Austin, TX, 78741",2433 S Pleasant Valley Rd,Austin,78741,30.228900505384,-97.726699542141,prior
"13000 FM 812 Rd, Del Valle, TX, 78617",13000 FM 812 Rd,Del Valle,78617,30.130738460488,-97.644478469605,prior
"609 W Slaughter Ln, Austin, TX, 78748",609 W Slaughter Ln,Austin,78748,30.172564828702,-97.799785525362,prior
"2805 Manor Rd, Austin, TX, 78722",2805 Manor Rd,Austin,78722,30.285353258811,-97.712015552557,prior
"2030 E Oltorf St Ste 103 #, Austin, TX, 78741",2030 E Oltorf St Ste 103 #,Austin,78741,30.230887280826,-97.733278502644,prior
"3421 W William Cannon Dr Ste 115 #, Austin, TX, 78745",3421 W William Cannon Dr Ste 115 #,Austin,78745,30.213071789602,-97.82908762087,prior
"5521 Balcones Dr, Austin, TX, 78731",5521 Balcones Dr,Austin,78731,30.336514352626,-97.757685750854,prior
"2611 Manor Rd, Austin, TX, 78722",2611 Manor Rd,Austin,78722,30.284860139309,-97.715252028617,prior
"3005 S Lamar Blvd Ste 116 #, Austin, TX, 78704",3005 S Lamar Blvd Ste 116 #,Austin,78704,30.242370772106,-97.783976801361,prior
"9225 W Parmer Ln, Austin, TX, 78717",9225 W Parmer Ln,Austin,78717,30.478052416806,-97.76557201596,prior
"11410 Century Oaks Ter Ste 112 #, Austin, TX, 78758",11410 Century Oaks Ter Ste 112 #,Austin,78758,30.400721238789,-97.72669608029,prior
"9710 n Lamar Blvd, Austin, TX, 78758",9710 n Lamar Blvd,Austin,78758,30.366590553134,-97.695097540908,prior
"6507 Circle S Rd, Austin, TX, 78745",6507 Circle S Rd,Austin,78745,30.194099522716,-97.777200974232,prior
"1917 Manor Rd, Austin, TX, 78722",1917 Manor Rd,Austin,78722,30.28378678466,-97.721936817828,prior
"1234 S Lamar Blvd, Austin, TX, 78704",1234 S Lamar Blvd,Austin,78704,30.254138414996,-97.762735397117,prior
"307 E Braker Ln, Austin, TX, 78753",307 E Braker Ln,Austin,78753,30.378232700213,-97.679616372679,prior
"807 W 6th St, Austin, TX, 78703",807 W 6th St,Austin,78703,30.270366398871,-97.75094839621,prior
"9225 W Parmer Ln Ste 108 #, Austin, TX, 78717",9225 W Parmer Ln Ste 108 #,Austin,78717,30.478052416806,-97.76557201596,prior
"5424 Steiner Ranch Blvd, Austin, TX, 78732",5424 Steiner Ranch Blvd,Austin,78732,30.38669062576,-97.870804630991,prior
"1300 S Lamar Blvd, Austin, TX, 78704",1300 S Lamar Blvd,Austin,78704,30.25376613277,-97.762975829399,prior
"603 W Stassney Ln, Austin, TX, 78745",603 W Stassney Ln,Austin,78745,30.201553676489,-97.770191483744,prior
"4710 E 5th St, Austin, TX, 78702",4710 E 5th St,Austin,78702,30.252917754963,-97.700291814461,prior
"8711 Burnet Rd, Austin, TX, 78757",8711 Burnet Rd,Austin,78757,30.369422590976,-97.727239424011,prior
"9012 Research Blvd, Austin, TX, 78758",9012 Research Blvd,Austin,78758,30.372599618862,-97.726029181423,prior
"8422 S Congress Ave, Austin, TX, 78745",8422 S Congress Ave,Austin,78745,30.173873008294,-97.785066549833,prior
"8534 S Congress Ave, Austin, TX, 78745",8534 S Congress Ave,Austin,78745,30.170698467767,-97.786380671632,prior
"303 W 15th St, Austin, TX, 78701",303 W 15th St,Austin,78701,30.27761026613,-97.74201652972,prior
"4613 Tannehill Ln, Austin, TX, 78721",4613 Tannehill Ln,Austin,78721,30.283868510119,-97.671640940227,prior
"3709 Promontory Point Dr Ste 201 #, Austin, TX, 78744",3709 Promontory Point Dr Ste 201 #,Austin,78744,30.210074553181,-97.727116814441,prior
"2300 Guadalupe St, Austin, TX, 78705",2300 Guadalupe St,Austin,78705,30.286551214971,-97.741744185141,prior
"8578 Research Blvd, Austin, TX, 78758",8578 Research Blvd,Austin,78758,30.361370989022,-97.717258217371,prior
"8656 Spicewood Springs Rd, Austin, TX, 78759",8656 Spicewood Springs Rd,Austin,78759,30.433670828548,-97.771208544241,prior
"5400 Jimmy Clay Dr, Austin, TX, 78744",5400 Jimmy Clay Dr,Austin,78744,30.18930795603,-97.732740853471,prior
"6501 S Congress Ave Ste 203 #, Austin, TX, 78745",6501 S Congress Ave Ste 203 #,Austin,78745,30.196312407314,-97.777365131455,prior
"2115 Holly St, Austin, TX, 78702",2115 Holly St,Austin,78702,30.252478872853,-97.723486696429,prior
"8909 Burnet Rd, Austin, TX, 78757",8909 Burnet Rd,Austin,78757,30.371891262339,-97.726566213281,prior
"1917 E 7th St, Austin, TX, 78702",1917 E 7th St,Austin,78702,30.262452506363,-97.721856309658,prior
"5020 E 7th St, Austin, TX, 78702",5020 E 7th St,Austin,78702,30.253839977799,-97.69821405578,prior
"917 Springdale Rd, Austin, TX, 78702",917 Springdale Rd,Austin,78702,30.260782586981,-97.698557662334,prior
"7501 W US 290 Highway, Austin, TX, 78736",7501 W US 290 Highway,Austin,78736,30.229777728989,-97.881015727416,prior
"2300 E Cesar Chavez St, Austin, TX, 78702",2300 E Cesar Chavez St,Austin,78702,30.255308867462,-97.719264740704,prior
"422 Congress Ave, Austin, TX, 78701",422 Congress Ave,Austin,78701,30.266463054347,-97.743476562927,prior
"3100 Kramer Ln, Austin, TX, 78758",3100 Kramer Ln,Austin,78758,30.396853409194,-97.724863415222,prior
"7010 W SH 71, Austin, TX, 78735",7010 W SH 71,Austin,78735,30.234829208943,-97.875892873756,prior
"501 Neches St, Austin, TX, 78701",501 Neches St,Austin,78701,30.265880180864,-97.738505148359,prior
"2406 W Parmer Ln, Austin, TX, 78727",2406 W Parmer Ln,Austin,78727,30.418428131967,-97.700965525476,prior
"711 1/2 Red River St, Austin, TX, 78701",711 1/2 Red River St,Austin,78701,30.267521213827,-97.736702968196,prior
"8225 W Sh 71, Austin, TX, 78735",8225 W Sh 71,Austin,78735,30.246500735386,-97.887547652872,prior
"2121 E Oltorf St, Austin, TX, 78741",2121 E Oltorf St,Austin,78741,30.230339357286,-97.732419406056,prior
"1611 Dungan Ln, Austin, TX, 78754",1611 Dungan Ln,Austin,78754,30.351250391894,-97.673068324014,prior
"4602 Tanney St, Austin, TX, 78721",4602 Tanney St,Austin,78721,30.273093346777,-97.690386939228,prior
"120 W 5th St, Austin, TX, 78701",120 W 5th St,Austin,78701,30.267259165457,-97.743451922872,prior
"409 E 6th St, Austin, TX, 78701",409 E 6th St,Austin,78701,30.266974452904,-97.739212824549,prior
"9705 Reservoir Ct, Austin, TX, 78754",9705 Reservoir Ct,Austin,78754,30.331881981025,-97.625076356136,prior
"11506 Century Oaks Ter Ste 128 #, Austin, TX, 78758",11506 Century Oaks Ter Ste 128 #,Austin,78758,30.401874152299,-97.726212983686,prior
"2505 W Pecan St, Pflugerville, TX, 78660",2505 W Pecan St,Pflugerville,78660,30.445877961214,-97.649090562456,prior
"11601 Rock Rose Ave, Austin, TX, 78758",11601 Rock Rose Ave,Austin,78758,30.401194862909,-97.722576576223,prior
"3400 Esperanza Xing, Austin, TX, 78758",3400 Esperanza Xing,Austin,78758,30.400613232304,-97.726752921978,prior
"2305 E 7th St, Austin, TX, 78702",2305 E 7th St,Austin,78702,30.261265311496,-97.716348901588,prior
"70 Rainey St, Austin, TX, 78701",70 Rainey St,Austin,78701,30.258696702559,-97.738890799591,prior
"3306 Oak Springs Dr, Austin, TX, 78721",3306 Oak Springs Dr,Austin,78721,30.273643785219,-97.697775891291,prior
"11118 S 1st St, Austin, TX, 78748",11118 S 1st St,Austin,78748,30.145074360272,-97.804343752138,prior
"8134 Mesa Dr, Austin, TX, 78759",8134 Mesa Dr,Austin,78759,30.372129346337,-97.757019057252,prior
"1605 E Oltorf St, Austin, TX, 78741",1605 E Oltorf St,Austin,78741,30.233226143002,-97.739362786354,prior
"3710 Crawford St, Austin, TX, 78731",3710 Crawford St,Austin,78731,30.307346260164,-97.749424421551,prior
"509 Hearn St, Austin, TX, 78703",509 Hearn St,Austin,78703,30.278646463047,-97.772994893134,prior
"9708 Menchaca Rd, Austin, TX, 78748",9708 Menchaca Rd,Austin,78748,30.17530300504,-97.823105027011,prior
"1805 Airport Blvd, Austin, TX, 78702",1805 Airport Blvd,Austin,78702,30.281283576734,-97.703042346735,prior
"1703 Guadalupe St, Austin, TX, 78701",1703 Guadalupe St,Austin,78701,30.279793928804,-97.742199949954,prior
"3505 Wells Branch Pkwy, Austin, TX, 78728",3505 Wells Branch Pkwy,Austin,78728,30.43993432057,-97.697414473073,prior
"10000 Logistics Ln, Austin, TX, 78719",10000 Logistics Ln,Austin,78719,30.192784092173,-97.670243607163,prior
"2832 E Martin Luther King Jr Blvd, Austin, TX, 78702",2832 E Martin Luther King Jr Blvd,Austin,78702,30.281539233667,-97.710997230606,prior
"2013 Kelly Ln, Pflugerville, TX, 78660",2013 Kelly Ln,Pflugerville,78660,30.469408897971,-97.58861923419,prior
"900 Red River St, Austin, TX, 78701",900 Red River St,Austin,78701,30.269371858444998,-97.736194412081,prior
"8516 Anderson Mill Rd, Austin, TX, 78729",8516 Anderson Mill Rd,Austin,78729,30.456175766631,-97.76708582903,prior
"520 W Slaughter Ln, Austin, TX, 78748",520 W Slaughter Ln,Austin,78748,30.171787814508,-97.798450690134,prior
"2409 E 7th St, Austin, TX, 78702",2409 E 7th St,Austin,78702,30.261032235224,-97.714911305533,prior
"7705 Metro Center Dr, Austin, TX, 78744",7705 Metro Center Dr,Austin,78744,30.215554818699,-97.692224610949,prior
"510 Lakeway Dr, Lakeway, TX, 78734",510 Lakeway Dr,Lakeway,78734,30.366271985112,-97.993295875775,prior
"408 N Pleasant Valley Rd, Austin, TX, 78702",408 N Pleasant Valley Rd,Austin,78702,30.255848653852,-97.711513333123,prior
"2007 Kramer Ln, Austin, TX, 78758",2007 Kramer Ln,Austin,78758,30.388056294494,-97.709104920502,prior
"155 W Slaughter Ln, Austin, TX, 78748",155 W Slaughter Ln,Austin,78748,30.167073668058,-97.791082545571,prior
"2433 Ridgepoint Dr, Austin, TX, 78754",2433 Ridgepoint Dr,Austin,78754,30.328993068823,-97.674103755616,prior
"3225 Amy Donovan Plz, Austin, TX, 78758",3225 Amy Donovan Plz,Austin,78758,30.396696418359,-97.727967192828,prior
"1148 Airport BLVD, Austin, TX, 78702",1148 Airport BLVD,Austin,78702,30.274140232453,-97.69825807695,prior
"11800 N Lamar Blvd, Austin, TX, 78753",11800 N Lamar Blvd,Austin,78753,30.387742159002,-97.683630876565,prior
"2901 Enfield Rd, Austin, TX, 78703",2901 Enfield Rd,Austin,78703,30.292366544486,-97.775904693169,prior
"717 E Ben White Blvd, Austin, TX, 78704",717 E Ben White Blvd,Austin,78704,30.217636478716,-97.755231776469,prior
"8700 N Lamar Blvd, Austin, TX, 78753",8700 N Lamar Blvd,Austin,78753,30.355581599439,-97.702680871238,prior
"509 W Slaughter Ln, Austin, TX, 78748",509 W Slaughter Ln,Austin,78748,30.171420476344,-97.798441372532,prior
"6400 S 1st St, Austin, TX, 78745",6400 S 1st St,Austin,78745,30.200625477698,-97.785703044418,prior
"1821 FM 685, Pflugerville, TX, 78660",1821 FM 685,Pflugerville,78660,30.454843595599,-97.602593064429,prior
"6310 E Ben White Blvd, Austin, TX, 78741",6310 E Ben White Blvd,Austin,78741,30.212760377299,-97.71084513338,prior
"2610 Manor Rd, Austin, TX, 78722",2610 Manor Rd,Austin,78722,30.285054298776,-97.714780212702,prior
"9052 Galewood Dr, Austin, TX, 78758",9052 Galewood Dr,Austin,78758,30.367959431752,-97.714791761467,prior
"34 Robert T Martinez Jr St, Austin, TX, 78702",34 Robert T Martinez Jr St,Austin,78702,30.250295099202,-97.72328920996,prior
"3212 E Cesar Chavez St, Austin, TX, 78702",3212 E Cesar Chavez St,Austin,78702,30.25176937416,-97.708289377714,prior
"2100 E 3rd St, Austin, TX, 78702",2100 E 3rd St,Austin,78702,30.257901725601,-97.720786173237,prior
"11601 Domain Dr, Austin, TX, 78758",11601 Domain Dr,Austin,78758,30.400950213528,-97.724733897947,prior
"4606 Burleson Rd, Austin, TX, 78744",4606 Burleson Rd,Austin,78744,30.213629091512,-97.733420453017,prior
"3906 S Congress Ave, Austin, TX, 78704",3906 S Congress Ave,Austin,78704,30.224221426936,-97.763227755381,prior
"4001 W William Cannon Dr, Austin, TX, 78749",4001 W William Cannon Dr,Austin,78749,30.216872136875,-97.834320237354,prior
"425 Woodward St, Austin, TX, 78704",425 Woodward St,Austin,78704,30.227550713429,-97.755926435705,prior
"714 Red River St, Austin, TX, 78701",714 Red River St,Austin,78701,30.267588114654,-97.736818013485,prior
"24912 Singleton Bend East Rd, Marble Falls, TX, 78654",24912 Singleton Bend East Rd,Marble Falls,78654,30.481093425738,-98.048719219148,prior
"617 Red River St, Austin, TX, 78701",617 Red River St,Austin,78701,30.266641743839,-97.737050559365,prior
"11410 Menchaca Rd, Austin, TX, 78748",11410 Menchaca Rd,Austin,78748,30.154519594988,-97.833348668949,prior
"9600 Menchaca Rd, Austin, TX, 78748",9600 Menchaca Rd,Austin,78748,30.17630188142,-97.822511763449,prior
"2208 E 2nd St, Austin, TX, 78702",2208 E 2nd St,Austin,78702,30.256639158556,-97.720087458875,prior
"602 E 7th St, Austin, TX, 78701",602 E 7th St,Austin,78701,30.267432236722,-97.736713820342,prior
"4207 River Place Blvd, Austin, TX, 78730",4207 River Place Blvd,Austin,78730,30.36934836046,-97.861336833404,prior
"1700 S Lamar Blvd Ste 316 #, Austin, TX, 78704",1700 S Lamar Blvd Ste 316 #,Austin,78704,30.25120648986,-97.765223133145,prior
"301 W 5th St, Austin, TX, 78701",301 W 5th St,Austin,78701,30.267758400752,-97.745628609424,prior
"11200 Menchaca Rd, Austin, TX, 78748",11200 Menchaca Rd,Austin,78748,30.158694513333,-97.833370622338,prior
"1305 W Oltorf St, Austin, TX, 78704",1305 W Oltorf St,Austin,78704,30.245362765692,-97.768433221897,prior
"4816 Chesney Ridge Dr, Austin, TX, 78749",4816 Chesney Ridge Dr,Austin,78749,30.197556269275,-97.863307835088,prior
"10808 Domain Dr, Austin, TX, 78758",10808 Domain Dr,Austin,78758,30.393803755329,-97.726350586085,prior
"6123 FM 969 Rd, Austin, TX, 78724",6123 FM 969 Rd,Austin,78724,30.28522208371,-97.663208075253,prior
"10727 Domain Dr, Austin, TX, 78758",10727 Domain Dr,Austin,78758,30.392858510014,-97.725339214261,prior
"4601 Chesney Ridge Dr, Austin, TX, 78749",4601 Chesney Ridge Dr,Austin,78749,30.196041346385,-97.860902051791,prior
"9315 McNeil Rd, Austin, TX, 78758",9315 McNeil Rd,Austin,78758,30.377040964065,-97.724544618579,prior
"88 1/2 Rainey St, Austin, TX, 78701",88 1/2 Rainey St,Austin,78701,30.260073103003,-97.738370520177,prior
"1403 S Lamar Blvd, Austin, TX, 78704",1403 S Lamar Blvd,Austin,78704,30.253122021898,-97.763296846147,prior
"9505 Burnet Rd, Austin, TX, 78758",9505 Burnet Rd,Austin,78758,30.37863089684,-97.725116961262,prior
"7712 E Riverside Dr, Austin, TX, 78744",7712 E Riverside Dr,Austin,78744,30.216726875806,-97.689782842579,prior
"1619 E Cesar Chavez St, Austin, TX, 78702",1619 E Cesar Chavez St,Austin,78702,30.258324600688,-97.728278129579,prior
"2401 San Gabriel St, Austin, TX, 78705",2401 San Gabriel St,Austin,78705,30.288213691532,-97.747758370002,prior
"7625 E Ben White Blvd, Austin, TX, 78741",7625 E Ben White Blvd,Austin,78741,30.217389930306,-97.692395413378,prior
"1206 E 9th St, Austin, TX, 78702",1206 E 9th St,Austin,78702,30.26685124142,-97.728248634583,prior
"4604 Teri Rd, Austin, TX, 78744",4604 Teri Rd,Austin,78744,30.196596673304,-97.743356937297,prior
"6501 S Congress Ave Ste 105 #, Austin, TX, 78745",6501 S Congress Ave Ste 105 #,Austin,78745,30.196312407314,-97.777365131455,prior
"817 W 5th St, Austin, TX, 78703",817 W 5th St,Austin,78703,30.269528564059,-97.752381317004,prior
"2307 Manor Rd, Austin, TX, 78722",2307 Manor Rd,Austin,78722,30.284416157224,-97.718044425471,prior
"8314 W Sh 71, Austin, TX, 78735",8314 W Sh 71,Austin,78735,30.247263840676,-97.888828618031,prior
"305 W Slaughter Ln, Austin, TX, 78748",305 W Slaughter Ln,Austin,78748,30.167504048811,-97.793307230786,prior
"5717 Krause Ln, Bee Cave, TX, 78738",5717 Krause Ln,Bee Cave,78738,30.285677184417,-97.944462152685,prior
"2700 Esperanza Xing, Austin, TX, 78758",2700 Esperanza Xing,Austin,78758,30.397320651349,-97.717150423085,prior
"13436 Pond Springs Rd, Austin, TX, 78729",13436 Pond Springs Rd,Austin,78729,30.450932663565,-97.786105955673,prior
"2402 San Gabriel St, Austin, TX, 78705",2402 San Gabriel St,Austin,78705,30.288249573724,-97.747887402955,prior
"11900 N Lamar Blvd, Austin, TX, 78758",11900 N Lamar Blvd,Austin,78758,30.389432531526,-97.68293973392,prior
"12112 Boardwalk Dr, Austin, TX, 78729",12112 Boardwalk Dr,Austin,78729,30.4432351708,-97.783959606074,prior
"1300 E Anderson Ln Apt 1404, Austin, TX, 78752",1300 E Anderson Ln Apt 1404,Austin,78752,30.334408030543,-97.689391104866,prior
"1300 E Anderson Ln Apt 1317, Austin, TX, 78752",1300 E Anderson Ln Apt 1317,Austin,78752,30.334408030543,-97.689391104866,prior
"2510 Onion Creek Pkwy, Austin, TX, 78747",2510 Onion Creek Pkwy,Austin,78747,30.136316147817,-97.78988710299,prior
"12007 Research Blvd Service Rd, Austin, TX, 78727",12007 Research Blvd Service Rd,Austin,78727,30.425876752091,-97.75158789845,prior
"2310 Manor Rd, Austin, TX, 78722",2310 Manor Rd,Austin,78722,30.284534561345,-97.718029910303,prior
"10400 Menchaca Rd, Austin, TX, 78748",10400 Menchaca Rd,Austin,78748,30.166898410921,-97.827052147138,prior
"2407 Canterbury St, Austin, TX, 78702",2407 Canterbury St,Austin,78702,30.252799683277,-97.718459904564,prior
"707 E Cesar Chavez St, Austin, TX, 78701",707 E Cesar Chavez St,Austin,78701,30.26167975526,-97.73863159898,prior
"2400 Patterson Industrial Dr, Pflugerville, TX, 78660",2400 Patterson Industrial Dr,Pflugerville,78660,30.402467206059,-97.628552563103,prior
"4300 Westbank Dr, West Lake Hills, TX, 78746",4300 Westbank Dr,West Lake Hills,78746,30.276801698301,-97.81765387972,prior
"2001 Wells Branch Pkwy, Austin, TX, 78728",2001 Wells Branch Pkwy,Austin,78728,30.435191549975,-97.68196045418,prior
"2101 Frate Barker Rd, Austin, TX, 78748",2101 Frate Barker Rd,Austin,78748,30.149483509262,-97.842335721821,prior
"4514 Bob Wire Rd, Spicewood, TX, 78669",4514 Bob Wire Rd,Spicewood,78669,30.35812045011,-98.05535414301,prior
"2401 E Cesar Chavez St, Austin, TX, 78702",2401 E Cesar Chavez St,Austin,78702,30.254635757268,-97.717661241993,prior
"5493 Brodie Ln, Sunset Valley, TX, 78745",5493 Brodie Ln,Sunset Valley,78745,30.22956720007,-97.820132950239,prior
"3614 Bill Price Rd, Del Valle, TX, 78617",3614 Bill Price Rd,Del Valle,78617,30.196036891668,-97.645481910074,prior
"3809 W 35th St, Austin, TX, 78703",3809 W 35th St,Austin,78703,30.31304425824,-97.771749686821,prior
"4900 Bee Creek Rd, Spicewood, TX, 78669",4900 Bee Creek Rd,Spicewood,78669,30.337895675613,-98.026234664685,prior
"7500 Rialto Blvd, Austin, TX, 78735",7500 Rialto Blvd,Austin,78735,30.251163778572,-97.868662322577,prior
"3328 W Slaughter Ln, Austin, TX, 78748",3328 W Slaughter Ln,Austin,78748,30.182364360466,-97.847067668126,prior
"811 W Live Oak St, Austin, TX, 78704",811 W Live Oak St,Austin,78704,30.245764859263,-97.762010004283,prior
"3706 Goodwin Ave, Austin, TX, 78721",3706 Goodwin Ave,Austin,78721,30.268036090199,-97.695901500937,prior
"1500 Spyglass Dr, Austin, TX, 78746",1500 Spyglass Dr,Austin,78746,30.258509117268,-97.786963731534,prior
"2402 Guadalupe St, Austin, TX, 78705",2402 Guadalupe St,Austin,78705,30.287802145306,-97.741608981504,prior
"101 Lakeway Dr, Lakeway, TX, 78734",101 Lakeway Dr,Lakeway,78734,30.373630661394,-97.98761963513,prior
"6003 Mojave Dr, Austin, TX, 78745",6003 Mojave Dr,Austin,78745,30.208179900023,-97.791309189399,prior
"4402 S Congress Ave, Austin, TX, 78745",4402 S Congress Ave,Austin,78745,30.217439151149,-97.76740669563,prior
"1806 Nueces St, Austin, TX, 78701",1806 Nueces St,Austin,78701,30.281351701041,-97.744149034503,prior
"10903 Pecan Park Blvd, Austin, TX, 78750",10903 Pecan Park Blvd,Austin,78750,30.464773069726,-97.803523418903,prior
"608 S Lamar Blvd, Austin, TX, 78704",608 S Lamar Blvd,Austin,78704,30.259647006032,-97.758973344117,prior
"900 E 7th St, Austin, TX, 78702",900 E 7th St,Austin,78702,30.266399579948,-97.73309015092,prior
"4408 Long Champ Dr, Austin, TX, 78746",4408 Long Champ Dr,Austin,78746,30.341677917047,-97.798169355313,prior
"10721 Domain Dr, Austin, TX, 78758",10721 Domain Dr,Austin,78758,30.392768646758,-97.725341460847,prior
"16920 Joe Barbee Dr, Round Rock, TX, 78664",16920 Joe Barbee Dr,Round Rock,78664,30.470877024583,-97.664206949957,prior
"2612 Lost Creek Blvd, Austin, TX, 78746",2612 Lost Creek Blvd,Austin,78746,30.273521189328,-97.845279529379,prior
"6705 W Us 290 Highway, Austin, TX, 78735",6705 W Us 290 Highway,Austin,78735,30.233844747437,-97.865957327316,prior
"7101 W Sh 71 Ste E1 & E2, Austin, TX, 78736",7101 W Sh 71 Ste E1 & E2,Austin,78736,30.236157263952,-97.877667622332,prior
"9225 W Parmer Ln Ste 101 #, Austin, TX, 78717",9225 W Parmer Ln Ste 101 #,Austin,78717,30.478052416806,-97.76557201596,prior
"11001 Austin Ln, Austin, TX, 78758",11001 Austin Ln,Austin,78758,30.395891723967,-97.725228628094,prior
"9429 N Interstate 35, Austin, TX, 78753",9429 N Interstate 35,Austin,78753,30.358140517422,-97.687289277197,prior
"405 E 7th St, Austin, TX, 78701",405 E 7th St,Austin,78701,30.26791900377,-97.738870269157,prior
"2101 E Cesar Chavez St, Austin, TX, 78702",2101 E Cesar Chavez St,Austin,78702,30.256129418242,-97.721982134163,prior
"615 Red River St, Austin, TX, 78701",615 Red River St,Austin,78701,30.266625034162,-97.737057291905,prior
"611 E 7th St, Austin, TX, 78701",611 E 7th St,Austin,78701,30.267302968809,-97.73668024128,prior
"611 Red River St, Austin, TX, 78701",611 Red River St,Austin,78701,30.26659161481,-97.737070756985,prior
"604 E 7th St, Austin, TX, 78701",604 E 7th St,Austin,78701,30.267427245162,-97.736695464288,prior
"1300 Lavaca St, Austin, TX, 78701",1300 Lavaca St,Austin,78701,30.275804893724,-97.742633852007,prior
"12555 Harris Branch Pkwy, Manor, TX, 78653",12555 Harris Branch Pkwy,Manor,78653,30.372995404779,-97.611466318593,prior
"606 E 7th St, Austin, TX, 78701",606 E 7th St,Austin,78701,30.267422253603,-97.736677108233,prior
"120 E North Loop Blvd, Austin, TX, 78751",120 E North Loop Blvd,Austin,78751,30.317761137122,-97.721928478759,prior
"3700 Lake Austin Blvd, Austin, TX, 78703",3700 Lake Austin Blvd,Austin,78703,30.2931000543,-97.783505580519,prior
"1101 W Lynn St, Austin, TX, 78703",1101 W Lynn St,Austin,78703,30.279713545417,-97.759403749734,prior
"3921 W Parmer Ln, Austin, TX, 78727",3921 W Parmer Ln,Austin,78727,30.424773403957,-97.714049254525,prior
"404 Atlanta St, Austin, TX, 78703",404 Atlanta St,Austin,78703,30.276224429819,-97.771205056934,prior
"7900 FM 1826, Austin, TX, 78737",7900 FM 1826,Austin,78737,30.228316224931,-97.888744063503,prior
"201 Brazos St, Austin, TX, 78701",201 Brazos St,Austin,78701,30.263980206803,-97.742779571623,prior
"8200 S Sh 45 W, Austin, TX, 78739",8200 S Sh 45 W,Austin,78739,30.193081406172,-97.923762978714,prior
"5919 La Crosse Ave, Austin, TX, 78739",5919 La Crosse Ave,Austin,78739,30.192265388905,-97.881924871708,prior
"2100 E Riverside Dr, Austin, TX, 78741",2100 E Riverside Dr,Austin,78741,30.240258300768,-97.72694853927,prior
"1909 E William Cannon Dr, Austin, TX, 78744",1909 E William Cannon Dr,Austin,78744,30.187923746404,-97.764291361095,prior
"100 Clubhouse Dr, Lakeway, TX, 78734",100 Clubhouse Dr,Lakeway,78734,30.35886949774,-97.967377923924,prior
"5200 E William Cannon Dr Ste 101 #, Austin, TX, 78744",5200 E William Cannon Dr Ste 101 #,Austin,78744,30.180472524905,-97.748756259728,prior
"2310 S Lamar Blvd, Austin, TX, 78704",2310 S Lamar Blvd,Austin,78704,30.247374695558,-97.77517274531,prior
"1012 W 6th St, Austin, TX, 78703",1012 W 6th St,Austin,78703,30.271659632023,-97.754105664473,prior
"1400 Barton Springs Rd, Austin, TX, 78704",1400 Barton Springs Rd,Austin,78704,30.261248074494,-97.759189486105,prior
"2113 Manor Rd, Austin, TX, 78722",2113 Manor Rd,Austin,78722,30.284153153892,-97.719690703324,prior
"9501 Menchaca Rd, Austin, TX, 78748",9501 Menchaca Rd,Austin,78748,30.177727628422,-97.821446590001,prior
"2313 Teri Rd, Austin, TX, 78744",2313 Teri Rd,Austin,78744,30.199833086425,-97.748645513099,prior
"1704 E 5th St, Austin, TX, 78702",1704 E 5th St,Austin,78702,30.261468399106,-97.72482726467,prior
"8916 Brodie Ln, Austin, TX, 78748",8916 Brodie Ln,Austin,78748,30.195167336557,-97.842546756711,prior
"501 E 6th St, Austin, TX, 78701",501 E 6th St,Austin,78701,30.266706255316,-97.738204547299,prior
"615 E 6th St, Austin, TX, 78701",615 E 6th St,Austin,78701,30.266363239409,-97.737012516711,prior
"1919 S Pleasant Valley Rd, Austin, TX, 78741",1919 S Pleasant Valley Rd,Austin,78741,30.234543476089,-97.722079906572,prior
"700 E 6th St, Austin, TX, 78701",700 E 6th St,Austin,78701,30.266214404397,-97.736044401307,prior
"6607 S Pleasant Valley Rd, Austin, TX, 78744",6607 S Pleasant Valley Rd,Austin,78744,30.179385342292,-97.746806323649,prior
"309 E 6th St, Austin, TX, 78701",309 E 6th St,Austin,78701,30.267294167979,-97.740260324506,prior
"503 E 6th St, Austin, TX, 78701",503 E 6th St,Austin,78701,30.266700753334,-97.738185533099,prior
"413 E 6th St, Austin, TX, 78701",413 E 6th St,Austin,78701,30.266964067212,-97.739173553659,prior
"113 E Pecan St, Pflugerville, TX, 78660",113 E Pecan St,Pflugerville,78660,30.43980447779,-97.620795326256,prior
"8624 W Sh 71, Austin, TX, 78735",8624 W Sh 71,Austin,78735,30.249653297127,-97.893638953924,prior
"416 E 6th St, Austin, TX, 78701",416 E 6th St,Austin,78701,30.267063251177,-97.739095436991,prior
"421 E 6th St, Austin, TX, 78701",421 E 6th St,Austin,78701,30.266943295828,-97.73909501188,prior
"414 E 6th St, Austin, TX, 78701",414 E 6th St,Austin,78701,30.267068444023,-97.739115072436,prior
"2201 Manor Rd, Austin, TX, 78722",2201 Manor Rd,Austin,78722,30.284231691143,-97.719028413073,prior
"1747 Rutland Dr, Austin, TX, 78758",1747 Rutland Dr,Austin,78758,30.377294367663,-97.710182150353,prior
"5618 Manor Rd, Austin, TX, 78723",5618 Manor Rd,Austin,78723,30.304200762127,-97.681823884756,prior
"2601 W Braker Ln, Austin, TX, 78758",2601 W Braker Ln,Austin,78758,30.390145737288,-97.717224272716,prior
"600 E 3rd St, Austin, TX, 78701",600 E 3rd St,Austin,78701,30.263703214575,-97.738118783976,prior
"3842 S Congress Ave, Austin, TX, 78704",3842 S Congress Ave,Austin,78704,30.225002034204,-97.76279091336,prior
"219 E 6th St, Austin, TX, 78701",219 E 6th St,Austin,78701,30.267560447083,-97.741235976414,prior
"2009 S 1st St, Austin, TX, 78704",2009 S 1st St,Austin,78704,30.245508267755,-97.7569485947,prior
"8106 Brodie Ln, Austin, TX, 78745",8106 Brodie Ln,Austin,78745,30.201952243868,-97.838221228423,prior
"3424 Greystone Dr, Austin, TX, 78731",3424 Greystone Dr,Austin,78731,30.357039760991,-97.747353654889,prior
"3431 W William Cannon Dr, Austin, TX, 78745",3431 W William Cannon Dr,Austin,78745,30.213140892545,-97.829245448555,prior
"9914 Woodland Village Dr, Austin, TX, 78750",9914 Woodland Village Dr,Austin,78750,30.455359867965,-97.792956321271,prior
"6501 W William Cannon Dr, Austin, TX, 78735",6501 W William Cannon Dr,Austin,78735,30.236993299368,-97.864924154328,prior
"4216 S Congress Ave, Austin, TX, 78745",4216 S Congress Ave,Austin,78745,30.22033395987,-97.765610842176,prior
"8706 FM 812, Austin, TX, 78719",8706 FM 812,Austin,78719,30.163625955978,-97.691575510628,prior
"9341 W Sh 71, Austin, TX, 78736",9341 W Sh 71,Austin,78736,30.259496879716,-97.90673174162,prior
"12101 Moore Rd, Austin, TX, 78719",12101 Moore Rd,Austin,78719,30.119747728041,-97.663708530283,prior
"7826 W US 290 Highway, Austin, TX, 78736",7826 W US 290 Highway,Austin,78736,30.229315476073,-97.882730617809,prior
"120 E 7th St, Austin, TX, 78701",120 E 7th St,Austin,78701,30.268937193795,-97.742136667476,prior
"9909 Menchaca Rd, Austin, TX, 78748",9909 Menchaca Rd,Austin,78748,30.173474948906,-97.823822218,prior
"8000 Shoal Creek Blvd, Austin, TX, 78757",8000 Shoal Creek Blvd,Austin,78757,30.36324663261,-97.740001970469,prior
"4213 Spicewood Springs Rd, Austin, TX, 78731",4213 Spicewood Springs Rd,Austin,78731,30.370746972744,-97.755777905083,prior
"718 Congress Ave, Austin, TX, 78701",718 Congress Ave,Austin,78701,30.269190164561,-97.74245547812,prior
"2804 N Interstate 35, Austin, TX, 78705",2804 N Interstate 35,Austin,78705,30.287530780387,-97.724632966741,prior
"11913 Rancho Alto Rd, Austin, TX, 78748",11913 Rancho Alto Rd,Austin,78748,30.149335535769,-97.842510208253,prior
"4118 S I-35, Austin, TX, 78745",4118 S I-35,Austin,78745,30.214790096071,-97.753210571223,prior
"8010 Brodie Ln, Austin, TX, 78745",8010 Brodie Ln,Austin,78745,30.202991180241,-97.837587790473,prior
"1001 E 3rd St, Austin, TX, 78702",1001 E 3rd St,Austin,78702,30.262294802003,-97.733748616106,prior
"3926 Ed Bluestein Blvd, Austin, TX, 78721",3926 Ed Bluestein Blvd,Austin,78721,30.274570824384,-97.668496482289,prior
"11630 Four Iron Dr, Austin, TX, 78750",11630 Four Iron Dr,Austin,78750,30.43239722514,-97.778458669517,prior
"6400 S Congress Ave, Austin, TX, 78745",6400 S Congress Ave,Austin,78745,30.196995529452,-97.777207351592,prior
"6000 Mountain Shadows Dr, Austin, TX, 78735",6000 Mountain Shadows Dr,Austin,78735,30.25665564485,-97.893225512176,prior
"7622 W Sh 71, Austin, TX, 78735",7622 W Sh 71,Austin,78735,30.240676946386,-97.880838551734,prior
"2021 Cheddar Loop, Austin, TX, 78728",2021 Cheddar Loop,Austin,78728,30.446283004893,-97.669162016929,prior
"717 E 7th St, Austin, TX, 78701",717 E 7th St,Austin,78701,30.266991091922,-97.73551485555,prior
"1614 E 7th St, Austin, TX, 78702",1614 E 7th St,Austin,78702,30.263614790092,-97.725028704991,prior
"915 W Oltorf St, Austin, TX, 78704",915 W Oltorf St,Austin,78704,30.243352506231,-97.763397470277,prior
"5807 Wellington Dr, Austin, TX, 78723",5807 Wellington Dr,Austin,78723,30.31088413744,-97.687939888777,prior
"614 E Oltorf St, Austin, TX, 78704",614 E Oltorf St,Austin,78704,30.236900268065,-97.749432549462,prior
"1936 E Oltorf St, Austin, TX, 78741",1936 E Oltorf St,Austin,78741,30.231099589982,-97.73464633696,prior
"110 W Slaughter Ln, Austin, TX, 78748",110 W Slaughter Ln,Austin,78748,30.167265677141,-97.788482828405,prior
"211 W 4th St, Austin, TX, 78701",211 W 4th St,Austin,78701,30.266563168198,-97.744990920611,prior
"2039 Airport Blvd, Austin, TX, 78722",2039 Airport Blvd,Austin,78722,30.284111626912,-97.704910232851,prior
"314 Congress Ave, Austin, TX, 78701",314 Congress Ave,Austin,78701,30.265450736426,-97.743854833885,prior
"1727 E Riverside Dr, Austin, TX, 78741",1727 E Riverside Dr,Austin,78741,30.243806880033,-97.729908153749,prior
"1007 S Congress Ave, Austin, TX, 78704",1007 S Congress Ave,Austin,78704,30.254569005126,-97.747761764551,prior
"1601 N I-35 Service Rd, Austin, TX, 78702",1601 N I-35 Service Rd,Austin,78702,30.276093283604,-97.730368211023,prior
"318 Colorado St, Austin, TX, 78701",318 Colorado St,Austin,78701,30.265844418246,-97.745138561923,prior
"3827 Promontory Point Dr, Austin, TX, 78744",3827 Promontory Point Dr,Austin,78744,30.209426079034,-97.728956468657,prior
"4323 S I-35, Austin, TX, 78744",4323 S I-35,Austin,78744,30.208415836957,-97.755680338593,prior
"6812 FM 620 N, Austin, TX, 78732",6812 FM 620 N,Austin,78732,30.400345764005,-97.85594688643,prior
"1706 S Congress Ave, Austin, TX, 78704",1706 S Congress Ave,Austin,78704,30.246936526165,-97.750727679042,prior
"701 N Interstate 35, Austin, TX, 78702",701 N Interstate 35,Austin,78702,30.266616395423,-97.733783605803,prior
"207 E 53rd St, Austin, TX, 78751",207 E 53rd St,Austin,78751,30.317608158717,-97.721113425285,prior
"500 Canyon Ridge Dr #, Austin, TX, 78753",500 Canyon Ridge Dr #,Austin,78753,30.40320422205,-97.67457615132,prior
"525 W Slaughter Ln, Austin, TX, 78748",525 W Slaughter Ln,Austin,78748,30.17159097053,-97.798640057256,prior
"11600 Menchaca Rd, Austin, TX, 78748",11600 Menchaca Rd,Austin,78748,30.15176095763,-97.833300658155,prior
"2515 E Cesar Chavez St, Austin, TX, 78702",2515 E Cesar Chavez St,Austin,78702,30.254258080527,-97.716539756845,prior
"6900 Brodie Ln, Austin, TX, 78745",6900 Brodie Ln,Austin,78745,30.214612341096,-97.83003283709,prior
"601 N Interstate 35, Austin, TX, 78702",601 N Interstate 35,Austin,78702,30.265664836582,-97.734122549103,prior
"1500 Red River St, Austin, TX, 78701",1500 Red River St,Austin,78701,30.275646620958,-97.734795647807,prior
"4535 E Sh 71, Austin, TX, 78617",4535 E Sh 71,Austin,78617,30.186780304848,-97.606331766185,prior
"1 World of Tennis Sq, Lakeway, TX, 78738",1 World of Tennis Sq,Lakeway,78738,30.351745022174,-97.997545533298,prior
"1943 Medical Dr, Lakeway, TX, 78734",1943 Medical Dr,Lakeway,78734,30.345332032838,-97.969233292251,prior
"3008 W Slaughter Ln, Austin, TX, 78748",3008 W Slaughter Ln,Austin,78748,30.179261917637,-97.840760301043,prior
"2038 W Stassney Ln, Austin, TX, 78745",2038 W Stassney Ln,Austin,78745,30.21612592481,-97.798553941756,prior
"4912 Monterey Oaks Blvd, Austin, TX, 78749",4912 Monterey Oaks Blvd,Austin,78749,30.234572011986,-97.84009040922,prior
"403 E 15th St, Austin, TX, 78701",403 E 15th St,Austin,78701,30.275907518159,-97.735959788436,prior
"8656 W Sh 71, Austin, TX, 78735",8656 W Sh 71,Austin,78735,30.249900381426,-97.894135234279,prior
"205 S Commons Ford Rd, Austin, TX, 78733",205 S Commons Ford Rd,Austin,78733,30.33000286799,-97.88395106624,prior
"9001 Brodie Ln #, Austin, TX, 78748",9001 Brodie Ln #,Austin,78748,30.194161846863,-97.842869004852,prior
"408 W 2nd St, Austin, TX, 78701",408 W 2nd St,Austin,78701,30.265379287255,-97.74779222773,prior
"4315 Caldwell Ln, Del Valle, TX, 78617",4315 Caldwell Ln,Del Valle,78617,30.188104072739,-97.556084269536,prior
"616 W Stassney Ln, Austin, TX, 78745",616 W Stassney Ln,Austin,78745,30.208187049368,-97.780666451563,prior
"2701 Nueces St, Austin, TX, 78705",2701 Nueces St,Austin,78705,30.292094366792,-97.742679479616,prior
"7501 N Capital of Texas Highway, Austin, TX, 78731",7501 N Capital of Texas Highway,Austin,78731,30.373763982833,-97.782912720919,prior
"2512 S 1st St, Austin, TX, 78704",2512 S 1st St,Austin,78704,30.240764183002,-97.760545979628,prior
"201 Lee Barton Dr, Austin, TX, 78704",201 Lee Barton Dr,Austin,78704,30.263032432822,-97.756777739293,prior
"7007 Village Center Dr, Austin, TX, 78731",7007 Village Center Dr,Austin,78731,30.352106338529,-97.756752045652,prior
"4140 Governors Row, Austin, TX, 78744",4140 Governors Row,Austin,78744,30.214420869952,-97.749698039675,prior
"2100 W Pecan St, Pflugerville, TX, 78660",2100 W Pecan St,Pflugerville,78660,30.446021290389,-97.648335936927,prior
"505 W 22nd St, Austin, TX, 78705",505 W 22nd St,Austin,78705,30.285036669119,-97.743009209532,prior
"7622 N Interstate 35, Austin, TX, 78752",7622 N Interstate 35,Austin,78752,30.337804172507,-97.701686827712,prior
"1925 Airport Blvd, Austin, TX, 78722",1925 Airport Blvd,Austin,78722,30.282791740224,-97.704019705846,prior
"1040 E Wells Branch Pkwy, Pflugerville, TX, 78660",1040 E Wells Branch Pkwy,Pflugerville,78660,30.429293143337,-97.635952098397,prior
"3210 E Martin Luther King Jr Blvd, Austin, TX, 78721",3210 E Martin Luther King Jr Blvd,Austin,78721,30.28267198267,-97.703674385957,prior
"1630 E 6th St, Austin, TX, 78702",1630 E 6th St,Austin,78702,30.262901037101,-97.725858195695,prior
"4612 Burleson Rd, Austin, TX, 78744",4612 Burleson Rd,Austin,78744,30.213557817104,-97.733269478079,prior
"11715 Bee Cave Rd, Bee Cave, TX, 78738",11715 Bee Cave Rd,Bee Cave,78738,30.308905275596,-97.918841832197,prior
"817 Airport Blvd, Austin, TX, 78702",817 Airport Blvd,Austin,78702,30.255923281115,-97.692845925567,prior
"2043 S Lamar Blvd, Austin, TX, 78704",2043 S Lamar Blvd,Austin,78704,30.248713378072,-97.768851311534,prior
"1901 S Lamar Blvd, Austin, TX, 78704",1901 S Lamar Blvd,Austin,78704,30.249786477845,-97.76665819039,prior
"1814 E Martin Luther King Jr Blvd, Austin, TX, 78702",1814 E Martin Luther King Jr Blvd,Austin,78702,30.279734393535,-97.722027203487,prior
"13912 FM 812 Rd, Del Valle, TX, 78617",13912 FM 812 Rd,Del Valle,78617,30.121136983173,-97.63568260312,prior
"1152 Webberville Rd, Austin, TX, 78721",1152 Webberville Rd,Austin,78721,30.277039862222,-97.687082998242,prior
"13602 FM 812 Rd, Del Valle, TX, 78617",13602 FM 812 Rd,Del Valle,78617,30.123834726779,-97.638884674907,prior
"5810 Steiner Ranch Blvd, Austin, TX, 78732",5810 Steiner Ranch Blvd,Austin,78732,30.391513939582,-97.870855426839,prior
"401 Jack Nicklaus Dr, Austin, TX, 78738",401 Jack Nicklaus Dr,Austin,78738,30.33877651154,-97.982712525712,prior
"2024 S Lamar Blvd, Austin, TX, 78704",2024 S Lamar Blvd,Austin,78704,30.248950848269,-97.768506447309,prior
"101 E Boyce St, Manor, TX, 78653",101 E Boyce St,Manor,78653,30.341999920114,-97.557407194448,prior
"4401 E Saint Elmo Rd, Austin, TX, 78744",4401 E Saint Elmo Rd,Austin,78744,30.206769845845,-97.740416783166,prior
"1300 E Anderson Ln Apt 1004, Austin, TX, 78752",1300 E Anderson Ln Apt 1004,Austin,78752,30.334408030543,-97.689391104866,prior
"4220 W William Cannon Dr Ste 150 #, Austin, TX, 78749",4220 W William Cannon Dr Ste 150 #,Austin,78749,30.221723986,-97.837784412398,prior
"7806 S 1st St, Austin, TX, 78745",7806 S 1st St,Austin,78745,30.184447316565,-97.792328203351,prior
"3012 Gonzales St, Austin, TX, 78702",3012 Gonzales St,Austin,78702,30.259519865217,-97.707369356671,prior
"105 Tillery St, Austin, TX, 78702",105 Tillery St,Austin,78702,30.252117772856,-97.708496639258,prior
"8315 Burnet Rd, Austin, TX, 78757",8315 Burnet Rd,Austin,78757,30.363381540483,-97.728855054428,prior
"48 East Ave, Austin, TX, 78701",48 East Ave,Austin,78701,30.256571435061,-97.738559120657,prior
"2025 E 7th St, Austin, TX, 78702",2025 E 7th St,Austin,78702,30.262098619742,-97.720424964964,prior
"1408 Town Center Dr, Pflugerville, TX, 78660",1408 Town Center Dr,Pflugerville,78660,30.467385995811,-97.601941159115,prior
"1601 E Saint Elmo Rd, Austin, TX, 78744",1601 E Saint Elmo Rd,Austin,78744,30.212719358182,-97.752902270434,prior
"10700 Menchaca Rd, Austin, TX, 78748",10700 Menchaca Rd,Austin,78748,30.164140771621,-97.830094729293,prior
"7709 Beckett Rd, Austin, TX, 78749",7709 Beckett Rd,Austin,78749,30.218323767636,-97.860713484774,prior
"3913 Todd Ln, Austin, TX, 78744",3913 Todd Ln,Austin,78744,30.213150114331,-97.736328502903,prior
"9333 Research Blvd, Austin, TX, 78759",9333 Research Blvd,Austin,78759,30.381815616707,-97.738859800121,prior
"10212 English Oak Dr, Austin, TX, 78748",10212 English Oak Dr,Austin,78748,30.156610561971,-97.801076612054,prior
"3123 Sunland Dr, Austin, TX, 78748",3123 Sunland Dr,Austin,78748,30.158422097974,-97.857516702586,prior
"1105 S Lamar Blvd, Austin, TX, 78704",1105 S Lamar Blvd,Austin,78704,30.255436368888,-97.761778105245,prior
"5001 Hudson Bend Rd, Austin, TX, 78734",5001 Hudson Bend Rd,Austin,78734,30.412196084768,-97.926809766336,prior
"2306 S FM 620 Rd, Lakeway, TX, 78734",2306 S FM 620 Rd,Lakeway,78734,30.388336865733,-97.941656039173,prior
"900 Chicon St, Austin, TX, 78702",900 Chicon St,Austin,78702,30.265078966284,-97.720997653325,prior
"320 E 6th St, Austin, TX, 78701",320 E 6th St,Austin,78701,30.267367044655,-97.740103282402,prior
"603 Sabine St, Austin, TX, 78701",603 Sabine St,Austin,78701,30.266230697286,-97.736037841685,prior
"1106 Clayton Ln, Austin, TX, 78723",1106 Clayton Ln,Austin,78723,30.318453742627,-97.701968828498,prior
"302 E 6th St, Austin, TX, 78701",302 E 6th St,Austin,78701,30.267419410229,-97.740271288585,prior
"6014 Techni Center Dr, Austin, TX, 78721",6014 Techni Center Dr,Austin,78721,30.276753081467,-97.670158665773,prior
"10014 n Lamar Blvd, Austin, TX, 78758",10014 n Lamar Blvd,Austin,78758,30.367825740987,-97.694400770459,prior
"217 W 4th St, Austin, TX, 78701",217 W 4th St,Austin,78701,30.266579674143,-97.745047963204,prior
"412 Congress Ave, Austin, TX, 78701",412 Congress Ave,Austin,78701,30.266381461187,-97.743506049567,prior
"2406 Rosewood Ave, Austin, TX, 78702",2406 Rosewood Ave,Austin,78702,30.271554359399,-97.709955533748,prior
"208 E Wells Branch, Austin, TX, 78660",208 E Wells Branch,Austin,78660,30.431327231126,-97.652001181674,prior
"605 Brazos St, Austin, TX, 78701",605 Brazos St,Austin,78701,30.267749092529,-97.741358883765,prior
"9801 S 1st St, Austin, TX, 78748",9801 S 1st St,Austin,78748,30.163228059032,-97.800669303583,prior
"116 E Pecan St, Pflugerville, TX, 78660",116 E Pecan St,Pflugerville,78660,30.439887951836,-97.620697340302,prior
"3120 Montopolis Dr, Austin, TX, 78744",3120 Montopolis Dr,Austin,78744,30.211430361588,-97.713032964776,prior
"1208 Willow St, Austin, TX, 78702",1208 Willow St,Austin,78702,30.259115508028,-97.732806928392,prior
"305 W 6th St, Austin, TX, 78701",305 W 6th St,Austin,78701,30.268688662294,-97.745325379824,prior
"5900 W Slaughter Ln Ste 490 #, Austin, TX, 78749",5900 W Slaughter Ln Ste 490 #,Austin,78749,30.200942762572,-97.879263105383,prior
"2901 S Lamar Blvd, Austin, TX, 78704",2901 S Lamar Blvd,Austin,78704,30.243567994911,-97.782366968175,prior
"1401 Trinity St, Austin, TX, 78701",1401 Trinity St,Austin,78701,30.274997752567,-97.736291489639,prior
"4201 Westbank Dr, Austin, TX, 78746",4201 Westbank Dr,Austin,78746,30.27582887415,-97.815912185632,prior
"1165 Angelina St, Austin, TX, 78702",1165 Angelina St,Austin,78702,30.269756555756,-97.724414960109,prior
"1154 Angelina St, Austin, TX, 78702",1154 Angelina St,Austin,78702,30.268932770159,-97.724403475385,prior
"10500 Avery Club Dr, Austin, TX, 78717",10500 Avery Club Dr,Austin,78717,30.503164644257,-97.770550078988,prior
"1909 Kelly Ln, Pflugerville, TX, 78660",1909 Kelly Ln,Pflugerville,78660,30.470092246153,-97.589903785337,prior
"213 E 6th St, Austin, TX, 78701",213 E 6th St,Austin,78701,30.267576009976,-97.741294337249,prior
"307 E 6th St, Austin, TX, 78701",307 E 6th St,Austin,78701,30.267299986376,-97.740278991859,prior
"417 Red River St, Austin, TX, 78701",417 Red River St,Austin,78701,30.264794414663,-97.737706188958,prior
"100 Red River St, Austin, TX, 78701",100 Red River St,Austin,78701,30.261851518263,-97.738842364718,prior
"2610 Guadalupe St, Austin, TX, 78705",2610 Guadalupe St,Austin,78705,30.291008295957,-97.741302178927,prior
"8023 Burnet Rd, Austin, TX, 78757",8023 Burnet Rd,Austin,78757,30.358899743335,-97.730059803957,prior
"1300 E Anderson Ln Apt 1106, Austin, TX, 78752",1300 E Anderson Ln Apt 1106,Austin,78752,30.334408030543,-97.689391104866,prior
"2020 E Cesar Chavez St, Austin, TX, 78702",2020 E Cesar Chavez St,Austin,78702,30.256522431259,-97.722741420689,prior
"1811 E Cesar Chavez St, Austin, TX, 78702",1811 E Cesar Chavez St,Austin,78702,30.257391984058,-97.725542925131,prior
"520 W 6th St, Austin, TX, 78701",520 W 6th St,Austin,78701,30.269446273325,-97.747595693152,prior
"11420 Rock Rose Ave, Austin, TX, 78758",11420 Rock Rose Ave,Austin,78758,30.399982136522,-97.72322339729,prior
"512 CONGRESS AVE, Austin, TX, 78701",512 CONGRESS AVE,Austin,78701,30.267295350377,-97.743173456335,prior
"1425 E 12th St, Austin, TX, 78702",1425 E 12th St,Austin,78702,30.27298174198,-97.724659759564,prior
"1504 E 51st St, Austin, TX, 78723",1504 E 51st St,Austin,78723,30.305752502194,-97.702633319538,prior
"100 W North Loop Blvd, Austin, TX, 78751",100 W North Loop Blvd,Austin,78751,30.317778142909,-97.722177767487,prior
"204 W Ben White Blvd, Austin, TX, 78704",204 W Ben White Blvd,Austin,78704,30.223932419057,-97.764275986687,prior
"7801 FM 969 Rd, Austin, TX, 78724",7801 FM 969 Rd,Austin,78724,30.279578018238,-97.644778286621,prior
"1300 E Anderson Ln Apt 1104, Austin, TX, 78752",1300 E Anderson Ln Apt 1104,Austin,78752,30.334408030543,-97.689391104866,prior
"4301 W William Cannon Dr Bldg A, Austin, TX, 78749",4301 W William Cannon Dr Bldg A,Austin,78749,30.221996528106,-97.838676613988,prior
"103 Lakeway Dr, Lakeway, TX, 78734",103 Lakeway Dr,Lakeway,78734,30.373555648202,-97.987814314771,prior
"21814 W Sh 71, Spicewood, TX, 78669",21814 W Sh 71,Spicewood,78669,30.363524809487,-98.069620728747,prior
"300 S Congress Ave, Austin, TX, 78704",300 S Congress Ave,Austin,78704,30.259073773057,-97.746222823792,prior
"7001 Oak Meadow Dr, Austin, TX, 78736",7001 Oak Meadow Dr,Austin,78736,30.23263839549,-97.876701402569,prior
"15707 Oak Grove Blvd, Austin, TX, 78734",15707 Oak Grove Blvd,Austin,78734,30.38130435039,-97.946455273467,prior
"1001 Congress Ave, Austin, TX, 78701",1001 Congress Ave,Austin,78701,30.271838646522,-97.741358425694,prior
"5901 Burnet Rd, Austin, TX, 78757",5901 Burnet Rd,Austin,78757,30.334902927122,-97.739745868368,prior
"201 W 3rd St, Austin, TX, 78701",201 W 3rd St,Austin,78701,30.26556466423,-97.745242918724,prior
"905 E 7th St, Austin, TX, 78702",905 E 7th St,Austin,78702,30.266280316988,-97.73309781436,prior
"1816 S 1st St, Austin, TX, 78704",1816 S 1st St,Austin,78704,30.247294273908,-97.75598721593,prior
"1902 E Martin Luther King Jr Blvd, Austin, TX, 78702",1902 E Martin Luther King Jr Blvd,Austin,78702,30.279872864881,-97.721172782775,prior
"509 W 11th St, Austin, TX, 78701",509 W 11th St,Austin,78701,30.273988964867,-97.745771358321,prior
"5700 Menchaca Rd, Austin, TX, 78745",5700 Menchaca Rd,Austin,78745,30.214090083844,-97.800142178977,prior
"111 W William Cannon Dr, Austin, TX, 78745",111 W William Cannon Dr,Austin,78745,30.193361199086,-97.780043305047,prior
"4824 E Cesar Chavez St, Austin, TX, 78702",4824 E Cesar Chavez St,Austin,78702,30.251658430872,-97.700964606006,prior
"201 E Riverside Dr, Austin, TX, 78704",201 E Riverside Dr,Austin,78704,30.255929046019,-97.745811904512,prior
"4715 E Cesar Chavez St, Austin, TX, 78702",4715 E Cesar Chavez St,Austin,78702,30.251755450202,-97.703165512993,prior
"1601 E 6th St, Austin, TX, 78702",1601 E 6th St,Austin,78702,30.262996464689,-97.726500003499,prior
"515 Pedernales St, Austin, TX, 78702",515 Pedernales St,Austin,78702,30.258274496759,-97.714886271091,prior
"301 Brazos St, Austin, TX, 78701",301 Brazos St,Austin,78701,30.264934638332,-97.742415324251,prior
"3400 W Slaughter Ln, Austin, TX, 78748",3400 W Slaughter Ln,Austin,78748,30.182911089661,-97.848159339658,prior
"502 E 6th St, Austin, TX, 78701",502 E 6th St,Austin,78701,30.266809408658,-97.738143384957,prior
"100 Medical Pkwy, Lakeway, TX, 78738",100 Medical Pkwy,Lakeway,78738,30.334298759095,-97.970485581916,prior
"3501 Mills Ave, Austin, TX, 78731",3501 Mills Ave,Austin,78731,30.305801876492,-97.749169755883,prior
"2125 W Ben White Blvd, Austin, TX, 78704",2125 W Ben White Blvd,Austin,78704,30.230542032388,-97.790554141892,prior
"1201 N I-35 Service Rd, Austin, TX, 78702",1201 N I-35 Service Rd,Austin,78702,30.27189969891,-97.731799275006,prior
"3811 N I-35, Austin, TX, 78722",3811 N I-35,Austin,78722,30.294867872529,-97.719235006921,prior
"14900 Avery Ranch Blvd, Austin, TX, 78717",14900 Avery Ranch Blvd,Austin,78717,30.497568803505,-97.777393764596,prior
"100 W Pecan St, Pflugerville, TX, 78660",100 W Pecan St,Pflugerville,78660,30.44000763842,-97.620939289457,prior
"1906 E 12th St, Austin, TX, 78702",1906 E 12th St,Austin,78702,30.273861274883,-97.719797442924,prior
"607 San Jacinto Blvd, Austin, TX, 78701",607 San Jacinto Blvd,Austin,78701,30.267476820119,-97.740273264368,prior
"809 Vargas Rd, Austin, TX, 78741",809 Vargas Rd,Austin,78741,30.234572912623,-97.693242272913,prior
"9605 Manchaca Rd, Austin, TX, 78748",9605 Manchaca Rd,Austin,78748,30.175890393126,-97.822599005804,prior
"11013 Signal Hill Dr, Austin, TX, 78737",11013 Signal Hill Dr,Austin,78737,30.191616511725,-97.968009708086,prior
"3001 Montopolis Dr, Austin, TX, 78741",3001 Montopolis Dr,Austin,78741,30.213855949359,-97.711137286507,prior
"4801 Plaza on the Lk, Austin, TX, 78746",4801 Plaza on the Lk,Austin,78746,30.347525783648,-97.801699977276,prior
"3701 S Lamar Blvd, Austin, TX, 78704",3701 S Lamar Blvd,Austin,78704,30.239248243889,-97.788301063445,prior
"1200 Paul Teresa Saldana, Austin, TX, 78702",1200 Paul Teresa Saldana,Austin,78702,30.26925884715,-97.703078950457,prior
"8911 N Lamar Blvd, Austin, TX, 78753",8911 N Lamar Blvd,Austin,78753,30.357979951043,-97.699803897217,prior
"1300 E Anderson Ln Apt 1311, Austin, TX, 78752",1300 E Anderson Ln Apt 1311,Austin,78752,30.334408030543,-97.689391104866,prior
"2307 Lake Austin Blvd, Austin, TX, 78703",2307 Lake Austin Blvd,Austin,78703,30.277753506497,-97.772100954707,prior
"2409 Guadalupe St, Austin, TX, 78705",2409 Guadalupe St,Austin,78705,30.287850560574,-97.741471735453,prior
"610 N Interstate 35, Austin, TX, 78701",610 N Interstate 35,Austin,78701,30.266035678064,-97.735015264732,prior
"3201 E Cesar Chavez St, Austin, TX, 78702",3201 E Cesar Chavez St,Austin,78702,30.251663104439,-97.708684199499,prior
"1133 E 11th St, Austin, TX, 78702",1133 E 11th St,Austin,78702,30.268919815064,-97.728641700187,prior
"2538 Elmont Dr, Austin, TX, 78741",2538 Elmont Dr,Austin,78741,30.239518336926,-97.720936649408,prior
"1300 E Anderson Ln Apt 1319, Austin, TX, 78752",1300 E Anderson Ln Apt 1319,Austin,78752,30.334408030543,-97.689391104866,prior
"1014 E 10th St, Austin, TX, 78702",1014 E 10th St,Austin,78702,30.268814769525,-97.730764947706,prior
"720 Brazos St, Austin, TX, 78701",720 Brazos St,Austin,78701,30.268844160887,-97.741093278278,prior
"1156 Hargrave St, Austin, TX, 78702",1156 Hargrave St,Austin,78702,30.272701645887,-97.709514603872,prior
"108 E Main St, Pflugerville, TX, 78660",108 E Main St,Pflugerville,78660,30.440754488156,-97.62028512377,prior
"81 Rainey St, Austin, TX, 78701",81 Rainey St,Austin,78701,30.259425802713,-97.738475642473,prior
"6330 W Us 290 Highway, Austin, TX, 78735",6330 W Us 290 Highway,Austin,78735,30.235508724616,-97.859209817714,prior
"2510 S Congress Ave, Austin, TX, 78704",2510 S Congress Ave,Austin,78704,30.237285069376,-97.754900099862,prior
"79 Rainey St, Austin, TX, 78701",79 Rainey St,Austin,78701,30.25927286933,-97.738533451295993,prior
"3526 E 7th St, Austin, TX, 78702",3526 E 7th St,Austin,78702,30.256772239031,-97.702688678545,prior
"1135 Airport Blvd, Austin, TX, 78702",1135 Airport Blvd,Austin,78702,30.268060757604,-97.696189481805,prior
"3706 Adelphi Ln, Austin, TX, 78727",3706 Adelphi Ln,Austin,78727,30.421110034523,-97.714761438432,prior
"1197 Hargrave St, Austin, TX, 78702",1197 Hargrave St,Austin,78702,30.275222710484,-97.707900740937,prior
"1800 Burton Dr, Austin, TX, 78741",1800 Burton Dr,Austin,78741,30.235946833942,-97.728586829843,prior
"1808 Webberville Rd, Austin, TX, 78721",1808 Webberville Rd,Austin,78721,30.281902911773,-97.677544226067,prior
"5300 Burnet Rd, Austin, TX, 78756",5300 Burnet Rd,Austin,78756,30.326506387704,-97.739723981805,prior
"610 Emerald Wood Dr, Austin, TX, 78745",610 Emerald Wood Dr,Austin,78745,30.21297339561,-97.778720039524,prior
"6434 S Congress Ave, Austin, TX, 78745",6434 S Congress Ave,Austin,78745,30.196489208052,-97.777429385993,prior
"1900 e Parmer Ln, Austin, TX, 78754",1900 e Parmer Ln,Austin,78754,30.386068412705,-97.646454902062,prior
"2211 Webberville Rd, Austin, TX, 78702",2211 Webberville Rd,Austin,78702,30.261850881551,-97.716538736054,prior
"108 E 7th St, Austin, TX, 78701",108 E 7th St,Austin,78701,30.268977173325,-97.742288089914,prior
"2427 Webberville Rd, Austin, TX, 78702",2427 Webberville Rd,Austin,78702,30.262826364899,-97.714452297249,prior
"16107 Wharf CV, Volente, TX, 78641",16107 Wharf CV,Volente,78641,30.441826031246,-97.912582534686,prior
"1614 E 6th St, Austin, TX, 78702",1614 E 6th St,Austin,78702,30.263008785883,-97.726174535011,prior
"220 S Congress Ave, Austin, TX, 78704",220 S Congress Ave,Austin,78704,30.259816950882,-97.745948345138,prior
"1611 W 5th St, Austin, TX, 78703",1611 W 5th St,Austin,78703,30.273813220927,-97.763554953087,prior
"1504 E 6th St, Austin, TX, 78702",1504 E 6th St,Austin,78702,30.263408804142,-97.727420003507,prior
"111 Lavaca St, Austin, TX, 78701",111 Lavaca St,Austin,78701,30.264189391844,-97.746828455112,prior
"1010 E Cesar Chavez St, Austin, TX, 78702",1010 E Cesar Chavez St,Austin,78702,30.260573425558,-97.734439797807,prior
"134 E Riverside Dr, Austin, TX, 78704",134 E Riverside Dr,Austin,78704,30.256768109307,-97.746435165913,prior
"500 E Cesar Chavez St, Austin, TX, 78701",500 E Cesar Chavez St,Austin,78701,30.262433544459,-97.740993870905,prior
"4413 Guadalupe St, Austin, TX, 78751",4413 Guadalupe St,Austin,78751,30.309874680518,-97.733498932727,prior
"900 Barton Springs Rd, Austin, TX, 78704",900 Barton Springs Rd,Austin,78704,30.259662105329,-97.753520749147,prior
"2411 W Braker Ln, Austin, TX, 78758",2411 W Braker Ln,Austin,78758,30.391005486291,-97.721741994425,prior
"704 N Lamar Blvd, Austin, TX, 78703",704 N Lamar Blvd,Austin,78703,30.272419969211,-97.753601841237,prior
"2420 S 1st St, Austin, TX, 78704",2420 S 1st St,Austin,78704,30.241850705966,-97.759860387616,prior
"4801 SOUTHWEST PKWY, Austin, TX, 78735",4801 SOUTHWEST PKWY,Austin,78735,30.239961691589,-97.833375489502,prior
"910 W Anderson Ln, Austin, TX, 78757",910 W Anderson Ln,Austin,78757,30.348767550417,-97.715198380176,prior
"1300 E Anderson Ln Apt 1305, Austin, TX, 78752",1300 E Anderson Ln Apt 1305,Austin,78752,30.334408030543,-97.689391104866,prior
"3213 Red River St, Austin, TX, 78705",3213 Red River St,Austin,78705,30.291184707764,-97.727024137507,prior
"3515 N Lamar Blvd, Austin, TX, 78705",3515 N Lamar Blvd,Austin,78705,30.304238356295,-97.743645300531,prior
"2405 Nueces St, Austin, TX, 78705",2405 Nueces St,Austin,78705,30.287897940379,-97.743073587835,prior
"5000 N Lamar Blvd, Austin, TX, 78751",5000 N Lamar Blvd,Austin,78751,30.318346952797,-97.731151815878,prior
"3707 SPEEDWAY, Austin, TX, 78705",3707 SPEEDWAY,Austin,78705,30.300134362343,-97.733722901953,prior
"800 W 6th St, Austin, TX, 78701",800 W 6th St,Austin,78701,30.270372713716,-97.750621081711,prior
"3317 Northland Dr, Austin, TX, 78731",3317 Northland Dr,Austin,78731,30.336885141122,-97.756260880006,prior
"1820 W Stassney Ln, Austin, TX, 78745",1820 W Stassney Ln,Austin,78745,30.214462574093,-97.795372771451,prior
"2918 E Martin Luther King Jr Blvd, Austin, TX, 78702",2918 E Martin Luther King Jr Blvd,Austin,78702,30.282027419131,-97.707663365932,prior
"5801 N Interstate 35, Austin, TX, 78723",5801 N Interstate 35,Austin,78723,30.318399383004,-97.706808075899,prior
"621 E 7th St, Austin, TX, 78701",621 E 7th St,Austin,78701,30.267278011012,-97.736588461009,prior
"4207 Burnet Rd, Austin, TX, 78756",4207 Burnet Rd,Austin,78756,30.312285874927,-97.743517045918,prior
"2912 S Lamar Blvd, Austin, TX, 78704",2912 S Lamar Blvd,Austin,78704,30.243586850081,-97.782545145874,prior
"4511 Airport Blvd, Austin, TX, 78751",4511 Airport Blvd,Austin,78751,30.303792688445,-97.715905307587,prior
"1112 W Slaughter Ln, Austin, TX, 78748",1112 W Slaughter Ln,Austin,78748,30.174037100957,-97.812167374253,prior
"2003 Airport Blvd, Austin, TX, 78722",2003 Airport Blvd,Austin,78722,30.283375473483,-97.704428571321,prior
"5801 Ainez Dr, Austin, TX, 78744",5801 Ainez Dr,Austin,78744,30.187538240729,-97.739565883279,prior
"1701 W Pecan St, Pflugerville, TX, 78660",1701 W Pecan St,Pflugerville,78660,30.447547867916,-97.637945494287,prior
"2601 Manor Rd, Austin, TX, 78722",2601 Manor Rd,Austin,78722,30.284841202257,-97.715367297649,prior
"12601 Tech Ridge Blvd Ste 700 #, Austin, TX, 78753",12601 Tech Ridge Blvd Ste 700 #,Austin,78753,30.399200486328,-97.660058953891,prior
"901 W 24th St, Austin, TX, 78705",901 W 24th St,Austin,78705,30.288062486517,-97.747275343435,prior
"4404 Brandt Rd, Austin, TX, 78744",4404 Brandt Rd,Austin,78744,30.159084214092,-97.773721815104,prior
"4900 Gonzales St, Austin, TX, 78702",4900 Gonzales St,Austin,78702,30.256132402307,-97.698946588806,prior
"3023 Guadalupe St, Austin, TX, 78705",3023 Guadalupe St,Austin,78705,30.296956339258,-97.741719017871,prior
"9701 Dessau Rd, Austin, TX, 78754",9701 Dessau Rd,Austin,78754,30.354560471898,-97.673464248784,prior
"13820 FM 812 Rd, Del Valle, TX, 78617",13820 FM 812 Rd,Del Valle,78617,30.121517982757,-97.636134087566,prior
"400 E 6th St, Austin, TX, 78701",400 E 6th St,Austin,78701,30.267104793944,-97.739252520549,prior
"5000 Springdale Rd, Austin, TX, 78723",5000 Springdale Rd,Austin,78723,30.292505942927,-97.678488017306,prior
"3505 E 5th St, Austin, TX, 78702",3505 E 5th St,Austin,78702,30.254079336163,-97.703994226634,prior
"1701 Toomey Rd, Austin, TX, 78704",1701 Toomey Rd,Austin,78704,30.264661890031,-97.761272022028,prior
"814 E Rundberg Ln, Austin, TX, 78753",814 E Rundberg Ln,Austin,78753,30.357630812738,-97.686614300853,prior
"1610 San Antonio St, Austin, TX, 78701",1610 San Antonio St,Austin,78701,30.279334123925,-97.743742078613,prior
"4601 N Lamar Blvd Ste 502 #, Austin, TX, 78751",4601 N Lamar Blvd Ste 502 #,Austin,78751,30.315124237335,-97.736037556448,prior
"12800 Hill Country Blvd, Austin, TX, 78738",12800 Hill Country Blvd,Austin,78738,30.310107461668,-97.943169986716,prior
"1030 Norwood Park Blvd Ste 300 #, Austin, TX, 78753",1030 Norwood Park Blvd Ste 300 #,Austin,78753,30.338492757829,-97.692468582217,prior
"624 N Pleasant Valley Rd, Austin, TX, 78702",624 N Pleasant Valley Rd,Austin,78702,30.258629083575,-97.710254710062,prior
"8201 Cross Park Dr Ste B3 #, Austin, TX, 78754",8201 Cross Park Dr Ste B3 #,Austin,78754,30.330059522182,-97.66724251065,prior
"2915 Guadalupe St, Austin, TX, 78705",2915 Guadalupe St,Austin,78705,30.295586950112,-97.742634358964,prior
"1250 S Capital of Texas Highway Bldg 1, West Lake Hills, TX, 78746",1250 S Capital of Texas Highway Bldg 1,West Lake Hills,78746,30.280567514409,-97.822059270719,prior
"629 W Ben White Blvd, Austin, TX, 78704",629 W Ben White Blvd,Austin,78704,30.226349713836,-97.770120005211,prior
"3100 Esperanza Xing, Austin, TX, 78758",3100 Esperanza Xing,Austin,78758,30.398872455664,-97.720715362704,prior
"933 E Rundberg Ln, Austin, TX, 78753",933 E Rundberg Ln,Austin,78753,30.356452983098,-97.685244240134,prior
"4301 Duval St, Austin, TX, 78751",4301 Duval St,Austin,78751,30.304698469289,-97.726023635237,prior
"3211 Red River St, Austin, TX, 78705",3211 Red River St,Austin,78705,30.291170347196,-97.727031071556,prior
"12618 Beltex Rd, Manor, TX, 78653",12618 Beltex Rd,Manor,78653,30.341840541321,-97.517431797678,prior
"220 Foremost Dr, Austin, TX, 78745",220 Foremost Dr,Austin,78745,30.178748449992,-97.780705324869,prior
"2513 Seton Ave, Austin, TX, 78705",2513 Seton Ave,Austin,78705,30.289458387395,-97.743648361314,prior
"4360 S Congress Ave, Austin, TX, 78745",4360 S Congress Ave,Austin,78745,30.217964452842,-97.767095730837,prior
"6419 Airport Blvd, Austin, TX, 78752",6419 Airport Blvd,Austin,78752,30.328972598587,-97.715708359322,prior
"746 W Stassney Ln, Austin, TX, 78745",746 W Stassney Ln,Austin,78745,30.208997391744,-97.782530891651,prior
"6818 West Gate Blvd, Austin, TX, 78745",6818 West Gate Blvd,Austin,78745,30.208517721612,-97.814699452382,prior
"1205 Sheldon Cv, Austin, TX, 78753",1205 Sheldon Cv,Austin,78753,30.344655078603,-97.685317211147,prior
"1519 Coronado Hills Dr, Austin, TX, 78752",1519 Coronado Hills Dr,Austin,78752,30.326833610066,-97.687598749528,prior
"3301 Steck Ave, Austin, TX, 78757",3301 Steck Ave,Austin,78757,30.366324750182,-97.738728569321,prior
"2027 S Lamar Blvd, Austin, TX, 78704",2027 S Lamar Blvd,Austin,78704,30.248809513962,-97.768562217159,prior
"400 S Congress Ave, Austin, TX, 78704",400 S Congress Ave,Austin,78704,30.257103667725,-97.74695684562,prior
"1406 Dale Dr, Austin, TX, 78757",1406 Dale Dr,Austin,78757,30.352985498233,-97.719204315797,prior
"403 E 6th St, Austin, TX, 78701",403 E 6th St,Austin,78701,30.266990031442,-97.739271730883,prior
"906 Congress Ave, Austin, TX, 78701",906 Congress Ave,Austin,78701,30.270977809163,-97.741784734532,prior
"403 E 6th St #, Austin, TX, 78701",403 E 6th St #,Austin,78701,30.266990031442,-97.739271730883,prior
"710 Red River St, Austin, TX, 78701",710 Red River St,Austin,78701,30.267554750342,-97.736829836762,prior
"3100 Rogge Ln, Austin, TX, 78723",3100 Rogge Ln,Austin,78723,30.302423884582,-97.676695436013,prior
"1001 Highlands, Lakeway, TX, 78738",1001 Highlands,Lakeway,78738,30.350039301314,-98.011790603812,prior
"2600 Rio Grande St, Austin, TX, 78705",2600 Rio Grande St,Austin,78705,30.290726633809,-97.744485490235,prior
"7200 Menchaca Rd, Austin, TX, 78745",7200 Menchaca Rd,Austin,78745,30.199941555681,-97.807429834388,prior
"1310 Rr 620, Lakeway, TX, 78734",1310 Rr 620,Lakeway,78734,30.361710331178,-97.981266655591,prior
"1200 Barton Springs Rd, Austin, TX, 78704",1200 Barton Springs Rd,Austin,78704,30.260672548332,-97.757125808207,prior
"6816 West Gate Blvd, Austin, TX, 78745",6816 West Gate Blvd,Austin,78745,30.208546774123,-97.814680858774,prior
"1413 S 1st St, Austin, TX, 78704",1413 S 1st St,Austin,78704,30.2505309531,-97.754614847234,prior
"500 V F W Rd, Austin, TX, 78753",500 V F W Rd,Austin,78753,30.392235897825,-97.669810715258,prior
"2001 E Cesar Chavez St, Austin, TX, 78702",2001 E Cesar Chavez St,Austin,78702,30.256588272369,-97.723287526477,prior
"215 E 6th St, Austin, TX, 78701",215 E 6th St,Austin,78701,30.267570822345,-97.741274883637,prior
"4416 Burnet Rd, Austin, TX, 78756",4416 Burnet Rd,Austin,78756,30.315150405579,-97.741796768205,prior
"1913 W Ben White Blvd, Austin, TX, 78704",1913 W Ben White Blvd,Austin,78704,30.229432881959,-97.788227818552,prior
"2800 W William Cannon Dr, Austin, TX, 78745",2800 W William Cannon Dr,Austin,78745,30.207790858833,-97.816666846281,prior
"20 N I-35 Service Rd, Austin, TX, 78701",20 N I-35 Service Rd,Austin,78701,30.258626624515,-97.73779941165,prior
"1905 S 1st St, Austin, TX, 78704",1905 S 1st St,Austin,78704,30.246456258552,-97.756335693235,prior
"702 Shady Ln, Austin, TX, 78702",702 Shady Ln,Austin,78702,30.253454882862,-97.697584584161,prior
"1903 University Ave, Austin, TX, 78705",1903 University Ave,Austin,78705,30.282482250997,-97.73961395114,prior
"3518 E 7th St, Austin, TX, 78702",3518 E 7th St,Austin,78702,30.256845051605,-97.702801199388,prior
"10503 N Lamar Blvd, Austin, TX, 78753",10503 N Lamar Blvd,Austin,78753,30.373502869991,-97.691054234549,prior
"5500 S Congress Ave, Austin, TX, 78745",5500 S Congress Ave,Austin,78745,30.206158455673,-97.774341335533,prior
"6507 Jester Blvd Ste 109 #, Austin, TX, 78750",6507 Jester Blvd Ste 109 #,Austin,78750,30.369611132521,-97.801918618606,prior
"3708 Southridge Dr, Austin, TX, 78704",3708 Southridge Dr,Austin,78704,30.232675240785,-97.777557812988,prior
"619 N Interstate 35, Austin, TX, 78702",619 N Interstate 35,Austin,78702,30.265819932306,-97.734067680327,prior
"500 Comal St, Austin, TX, 78702",500 Comal St,Austin,78702,30.2622273949,-97.72700147075,prior
"519 W Oltorf St, Austin, TX, 78704",519 W Oltorf St,Austin,78704,30.241452001065,-97.758345243532,prior
"1801 W Parmer Ln, Austin, TX, 78727",1801 W Parmer Ln,Austin,78727,30.413160924776,-97.690776679652,prior
"801 Pace Bend Rd S, Briarcliff, TX, 78669",801 Pace Bend Rd S,Briarcliff,78669,30.407053396574,-98.059283720517,prior
"6505 Burleson Rd, Austin, TX, 78744",6505 Burleson Rd,Austin,78744,30.204274070627,-97.714173820899,prior
"2101 Manor Rd, Austin, TX, 78722",2101 Manor Rd,Austin,78722,30.284071954507,-97.720079826273,prior
"3500 W Slaughter Ln, Austin, TX, 78749",3500 W Slaughter Ln,Austin,78749,30.18368883578,-97.849772535461,prior
"516 E 6th St, Austin, TX, 78701",516 E 6th St,Austin,78701,30.266770894781,-97.738010285556,prior
"8135 Exchange Dr, Austin, TX, 78754",8135 Exchange Dr,Austin,78754,30.331811381782,-97.673711415425,prior
"9618 Menchaca Rd, Austin, TX, 78748",9618 Menchaca Rd,Austin,78748,30.175973029515,-97.822697809745,prior
"94 Rainey St, Austin, TX, 78701",94 Rainey St,Austin,78701,30.260537116253,-97.738194665522,prior
"88 Rainey St, Austin, TX, 78701",88 Rainey St,Austin,78701,30.260073103003,-97.738370520177,prior
"77 Rainey St, Austin, TX, 78701",77 Rainey St,Austin,78701,30.259119935948,-97.73859126012,prior
"1300 E 6th St, Austin, TX, 78702",1300 E 6th St,Austin,78702,30.264076605916,-97.729444626682,prior
"73 Rainey St, Austin, TX, 78701",73 Rainey St,Austin,78701,30.258814069182,-97.738706877767,prior
"75 1/2 Rainey St, Austin, TX, 78701",75 1/2 Rainey St,Austin,78701,30.258967002565,-97.738649068944,prior
"86 Rainey St, Austin, TX, 78701",86 Rainey St,Austin,78701,30.25992016962,-97.738428329001,prior
"1500 E 6th St, Austin, TX, 78702",1500 E 6th St,Austin,78702,30.263420063685,-97.727455873188,prior
"83 Rainey St, Austin, TX, 78701",83 Rainey St,Austin,78701,30.259578736096,-97.738417833649,prior
"609 Davis St, Austin, TX, 78701",609 Davis St,Austin,78701,30.260328698741,-97.739162893817,prior
"948 Payton Gin Rd, Austin, TX, 78758",948 Payton Gin Rd,Austin,78758,30.359263605561,-97.703343449291,prior
"5006 Sunset Trl, Austin, TX, 78745",5006 Sunset Trl,Austin,78745,30.227198481065,-97.805080239258,prior
"1308 E 4th St, Austin, TX, 78702",1308 E 4th St,Austin,78702,30.262263477992,-97.730174929734,prior
"23526 W Sh 71, Travis County, TX, 78669",23526 W Sh 71,Travis County,78669,30.386785807691,-98.086307594505,prior
"9941 Old Lockhart Rd, Austin, TX, 78747",9941 Old Lockhart Rd,Austin,78747,30.144895238196,-97.765636630317,prior
"7105 Berkman Dr, Austin, TX, 78752",7105 Berkman Dr,Austin,78752,30.324052003922,-97.689519279086,prior
"10209 FM 812, Austin, TX, 78719",10209 FM 812,Austin,78719,30.15290404702,-97.670608512112,prior
"1000 E 41st St #, Austin, TX, 78751",1000 E 41st St #,Austin,78751,30.298710536593,-97.720197949461,prior
"1709 Bluebonnet Ln, Austin, TX, 78704",1709 Bluebonnet Ln,Austin,78704,30.254430733223,-97.772224391483,prior
"2324 S Lamar Blvd, Austin, TX, 78704",2324 S Lamar Blvd,Austin,78704,30.2473043996,-97.775565812757,prior
"12712 FM 969 Rd, Austin, TX, 78724",12712 FM 969 Rd,Austin,78724,30.252265412651,-97.600546609247,prior
"1309 Rosewood Ave, Austin, TX, 78702",1309 Rosewood Ave,Austin,78702,30.268635318966,-97.725468562392,prior
"7601 S Congress Ave, Austin, TX, 78745",7601 S Congress Ave,Austin,78745,30.183323103213,-97.781931571086,prior
"2215 Riverview St, Austin, TX, 78702",2215 Riverview St,Austin,78702,30.250160637908,-97.722902777588,prior
"3110 Windsor Rd, Austin, TX, 78703",3110 Windsor Rd,Austin,78703,30.296186387007,-97.767590875548,prior
"3710 Cedar St, Austin, TX, 78705",3710 Cedar St,Austin,78705,30.300712046754,-97.734990832266,prior
"109 E Pecan St, Pflugerville, TX, 78660",109 E Pecan St,Pflugerville,78660,30.439820131343,-97.620826633357,prior
"8906 Brodie Ln, Austin, TX, 78748",8906 Brodie Ln,Austin,78748,30.195261353489,-97.842480331701,prior
"306 Barton Springs Rd, Austin, TX, 78704",306 Barton Springs Rd,Austin,78704,30.258841888449,-97.747710538368,prior
"3105 Hunt Trl, Austin, TX, 78757",3105 Hunt Trl,Austin,78757,30.344569906494,-97.749221151632,prior
"74 Trinity St, Austin, TX, 78701",74 Trinity St,Austin,78701,30.262128486911,-97.741239977881,prior
"7814 S 1st St, Austin, TX, 78745",7814 S 1st St,Austin,78745,30.184404856686,-97.792359970779,prior
"2614 Rio Grande St, Austin, TX, 78705",2614 Rio Grande St,Austin,78705,30.2909164684,-97.744467178208,prior
"708 San Antonio St, Austin, TX, 78701",708 San Antonio St,Austin,78701,30.270391377572,-97.747022457129,prior
"1701 Bluebonnet Ln, Austin, TX, 78704",1701 Bluebonnet Ln,Austin,78704,30.25445650542,-97.772205599255,prior
"2530 Guadalupe St, Austin, TX, 78705",2530 Guadalupe St,Austin,78705,30.289916545715,-97.741410130199,prior
"4200 S I-35, Austin, TX, 78745",4200 S I-35,Austin,78745,30.213326766914,-97.754088851086,prior
"2501 S Lamar Blvd, Austin, TX, 78704",2501 S Lamar Blvd,Austin,78704,30.246552053104,-97.777848358462,prior
"1950 W William Cannon Dr, Austin, TX, 78745",1950 W William Cannon Dr,Austin,78745,30.202820459274,-97.80560110813,prior
"10901 Domain Dr, Austin, TX, 78758",10901 Domain Dr,Austin,78758,30.3949480167,-97.726593602246,prior
"5707 Southwest Pkwy, Austin, TX, 78735",5707 Southwest Pkwy,Austin,78735,30.24588998624,-97.84570934231,prior
"204 E 4th St, Austin, TX, 78701",204 E 4th St,Austin,78701,30.265859418058,-97.742025098293,prior
"3419 W Slaughter Ln, Austin, TX, 78748",3419 W Slaughter Ln,Austin,78748,30.182554596833,-97.848173843689,prior
"5610 N Lamar Blvd, Austin, TX, 78751",5610 N Lamar Blvd,Austin,78751,30.325065566005,-97.726974169877,prior
"206 E 4th St, Austin, TX, 78701",206 E 4th St,Austin,78701,30.265853899378,-97.742005539444,prior
"1005 Congress Ave, Austin, TX, 78701",1005 Congress Ave,Austin,78701,30.271872748518,-97.741346246409,prior
"16107 FM 2769, Volente, TX, 78641",16107 FM 2769,Volente,78641,30.440969999554,-97.91143873825,prior
"201 W 5th St, Austin, TX, 78701",201 W 5th St,Austin,78701,30.267444924383,-97.744554003309,prior
"10211 W Parmer Ln, Austin, TX, 78717",10211 W Parmer Ln,Austin,78717,30.492793241419,-97.773340117871,prior
"3804 Woodbury Dr, Austin, TX, 78704",3804 Woodbury Dr,Austin,78704,30.224782884497,-97.759994045657,prior
"11806 N Lamar Blvd, Austin, TX, 78753",11806 N Lamar Blvd,Austin,78753,30.387838956639,-97.683591245645,prior
"238 W 2nd St, Austin, TX, 78701",238 W 2nd St,Austin,78701,30.264862319419,-97.745919203485,prior
"1523 Tinnin Ford Rd, Austin, TX, 78741",1523 Tinnin Ford Rd,Austin,78741,30.241075407773,-97.726409173363,prior
"10850 Stonelake Blvd, Austin, TX, 78759",10850 Stonelake Blvd,Austin,78759,30.40008604809,-97.735861630014,prior
"1400 S 1st St, Austin, TX, 78704",1400 S 1st St,Austin,78704,30.25061882572,-97.754717067076,prior
"6920 Menchaca Rd, Austin, TX, 78745",6920 Menchaca Rd,Austin,78745,30.202687909234,-97.807004710292,prior
"1410 S 1st St, Austin, TX, 78704",1410 S 1st St,Austin,78704,30.250581011486,-97.754734547242,prior
"10609 Metric Blvd, Austin, TX, 78758",10609 Metric Blvd,Austin,78758,30.384980199845,-97.712507116208,prior
"1822 S Congress Ave, Austin, TX, 78704",1822 S Congress Ave,Austin,78704,30.245869178941,-97.75111774806,prior
"1105 W FM 1626, Manchaca, TX, 78652",1105 W FM 1626,Manchaca,78652,30.140457704273,-97.833139776948,prior
"300 E 6th St, Austin, TX, 78701",300 E 6th St,Austin,78701,30.267425228626,-97.740289955939,prior
"1615 Crozier Ln, Del Valle, TX, 78617",1615 Crozier Ln,Del Valle,78617,30.221758602481,-97.662748572073,prior
"5501 Airport Blvd, Austin, TX, 78751",5501 Airport Blvd,Austin,78751,30.318769733594,-97.712697851496,prior
"1608 W 35th St, Austin, TX, 78703",1608 W 35th St,Austin,78703,30.307488396678,-97.751025302078,prior
"2300 S Lamar Blvd, Austin, TX, 78704",2300 S Lamar Blvd,Austin,78704,30.247452862197,-97.774301186979,prior
"705 Red River St, Austin, TX, 78701",705 Red River St,Austin,78701,30.267471167359,-97.736720703111,prior
"912 Red River St, Austin, TX, 78701",912 Red River St,Austin,78701,30.269472133776,-97.736153523108,prior
"6214 N Lamar Blvd, Austin, TX, 78752",6214 N Lamar Blvd,Austin,78752,30.330485145029,-97.723547784416,prior
"12208 FM 969 Rd, Austin, TX, 78724",12208 FM 969 Rd,Austin,78724,30.254520222747,-97.606231322917,prior
"6900 Escarpment Blvd, Austin, TX, 78749",6900 Escarpment Blvd,Austin,78749,30.229958192046,-97.86475557572,prior
"3010 S Lamar Blvd, Austin, TX, 78704",3010 S Lamar Blvd,Austin,78704,30.243031344423,-97.783294857387,prior
"1600 Wells Branch Pkwy, Austin, TX, 78728",1600 Wells Branch Pkwy,Austin,78728,30.440368016093,-97.669396580288,prior
"1500 S Lamar Blvd, Austin, TX, 78704",1500 S Lamar Blvd,Austin,78704,30.252331364789,-97.764236735271,prior
"2809 S 1st St, Austin, TX, 78704",2809 S 1st St,Austin,78704,30.237380726665,-97.76254540833,prior
"2101 S 1st St, Austin, TX, 78704",2101 S 1st St,Austin,78704,30.245015615687,-97.757257934385,prior
"610 Nueces St, Austin, TX, 78701",610 Nueces St,Austin,78701,30.269789437895,-97.74843515278,prior
"7701 Metropolis Dr Ste 400 #, Austin, TX, 78744",7701 Metropolis Dr Ste 400 #,Austin,78744,30.206981427636,-97.694420497254,prior
"2801 Guadalupe St, Austin, TX, 78705",2801 Guadalupe St,Austin,78705,30.293377378778,-97.741736101313,prior
"533 W Oltorf St, Austin, TX, 78704",533 W Oltorf St,Austin,78704,30.241553534723,-97.758563839492,prior
"539 W Oltorf St, Austin, TX, 78704",539 W Oltorf St,Austin,78704,30.241597049148,-97.758657523474,prior
"2209 S Congress Ave, Austin, TX, 78704",2209 S Congress Ave,Austin,78704,30.240705907659,-97.752707965026,prior
"720 Congress Ave, Austin, TX, 78701",720 Congress Ave,Austin,78701,30.26920704724,-97.742448984781,prior
"700 E William Cannon Dr, Austin, TX, 78745",700 E William Cannon Dr,Austin,78745,30.191557872628,-97.773287340828,prior
"408 Congress Ave, Austin, TX, 78701",408 Congress Ave,Austin,78701,30.266348823923,-97.743517844223,prior
"6002 Burleson Rd, Austin, TX, 78744",6002 Burleson Rd,Austin,78744,30.207040596462,-97.719551509745,prior
"8714 Lime Creek Rd, Volente, TX, 78641",8714 Lime Creek Rd,Volente,78641,30.460776511754,-97.912884082651,prior
"2201 College Ave, Austin, TX, 78704",2201 College Ave,Austin,78704,30.241680362217,-97.752015301179,prior
"1418 Barton Springs Rd, Austin, TX, 78704",1418 Barton Springs Rd,Austin,78704,30.261303547466,-97.759325323746,prior
"3504 Burleson Rd, Austin, TX, 78741",3504 Burleson Rd,Austin,78741,30.216509445482,-97.734401984834,prior
"10463 Sprinkle Rd, Austin, TX, 78754",10463 Sprinkle Rd,Austin,78754,30.352209788116,-97.647536865281,prior
"12213 Tech Ridge Blvd, Austin, TX, 78753",12213 Tech Ridge Blvd,Austin,78753,30.398928545485,-97.669405881735,prior
"1900 E Oltorf St, Austin, TX, 78741",1900 E Oltorf St,Austin,78741,30.231187297263,-97.735124742772,prior
"912 W Mary St, Austin, TX, 78704",912 W Mary St,Austin,78704,30.248001205354,-97.760809496218,prior
"501 W Mary St, Austin, TX, 78704",501 W Mary St,Austin,78704,30.246364942068,-97.755816308661,prior
"10911 Pecan Park Blvd, Austin, TX, 78750",10911 Pecan Park Blvd,Austin,78750,30.464867948037,-97.803562409982,prior
"1600 S 1st St, Austin, TX, 78704",1600 S 1st St,Austin,78704,30.249342934601,-97.75524868475,prior
"904 E Braker Ln, Austin, TX, 78753",904 E Braker Ln,Austin,78753,30.375963477128,-97.673446963908,prior
"2400 Grove Blvd, Austin, TX, 78741",2400 Grove Blvd,Austin,78741,30.22495741186,-97.708860845089,prior
"1303-1/2 Shoal Creek Blvd, Austin, TX, 78701",1303-1/2 Shoal Creek Blvd,Austin,78701,30.277690579089,-97.750206928001,prior
"2000 S Congress Ave, Austin, TX, 78704",2000 S Congress Ave,Austin,78704,30.244206997071,-97.75171352128,prior
"506 West Ave, Austin, TX, 78701",506 West Ave,Austin,78701,30.269433814665,-97.750977089728,prior
"4804 Grover Ave, Austin, TX, 78756",4804 Grover Ave,Austin,78756,30.318257327078,-97.737243067606,prior
"3003 Bee Caves Rd, Rollingwood, TX, 78746",3003 Bee Caves Rd,Rollingwood,78746,30.27145579023,-97.794452162361,prior
"234 W 2nd St, Austin, TX, 78701",234 W 2nd St,Austin,78701,30.264850964328,-97.745880433967,prior
"1900 S 1st St, Austin, TX, 78704",1900 S 1st St,Austin,78704,30.246543100609,-97.756431246468,prior
"401 Deep Eddy Ave, Austin, TX, 78703",401 Deep Eddy Ave,Austin,78703,30.277546894803,-97.772880535307,prior
"101 N LEXINGTON ST, Manor, TX, 78653",101 N LEXINGTON ST,Manor,78653,30.34114148137,-97.557748974116,prior
"1801 W Ben White Blvd, Austin, TX, 78704",1801 W Ben White Blvd,Austin,78704,30.228463398045,-97.786248626007,prior
"507 Pressler St, Austin, TX, 78703",507 Pressler St,Austin,78703,30.272795374718,-97.760717738258,prior
"2927 W Anderson Ln, Austin, TX, 78757",2927 W Anderson Ln,Austin,78757,30.359758319229,-97.738507988362,prior
"340 E 2nd St, Austin, TX, 78701",340 E 2nd St,Austin,78701,30.263563978767,-97.741318330476,prior
"5738 Menchaca Rd, Austin, TX, 78745",5738 Menchaca Rd,Austin,78745,30.213804340819,-97.800736757697,prior
"7171 Southwest Pkwy, Austin, TX, 78735",7171 Southwest Pkwy,Austin,78735,30.252938749717,-97.864034423943,prior
"15201 Burnet Rd, Austin, TX, 78728",15201 Burnet Rd,Austin,78728,30.457138279702,-97.695012852933,prior
"3711 Shoreline Dr, Austin, TX, 78728",3711 Shoreline Dr,Austin,78728,30.457342756444,-97.687304517115,prior
"14219 Littig Rd, Manor, TX, 78653",14219 Littig Rd,Manor,78653,30.333930151856,-97.510646714811,prior
"2206 Blue Meadow Dr, Austin, TX, 78744",2206 Blue Meadow Dr,Austin,78744,30.181736096537,-97.764355213203,prior
"18625 Schultz Ln, Pflugerville, TX, 78660",18625 Schultz Ln,Pflugerville,78660,30.485046452266,-97.632788411049,prior
"1001 E Ben White Blvd, Austin, TX, 78704",1001 E Ben White Blvd,Austin,78704,30.218927883221,-97.757012577849,prior
"2614 Exposition Blvd, Austin, TX, 78703",2614 Exposition Blvd,Austin,78703,30.301578026425,-97.765211044907,prior
"206 S Wild Basin Rd, West Lake Hills, TX, 78746",206 S Wild Basin Rd,West Lake Hills,78746,30.306537102892,-97.831698508382,prior
"3411 Glenview Ave, Austin, TX, 78703",3411 Glenview Ave,Austin,78703,30.306402659252,-97.751795465885,prior
"2001 W Anderson Ln, Austin, TX, 78757",2001 W Anderson Ln,Austin,78757,30.354263473214,-97.727073150799,prior
"2101 Montopolis Dr, Austin, TX, 78741",2101 Montopolis Dr,Austin,78741,30.223765269931,-97.704100783545,prior
"502 Thompson Ln, Austin, TX, 78742",502 Thompson Ln,Austin,78742,30.23895060366,-97.683684682702,prior
"222 E 6th St, Austin, TX, 78701",222 E 6th St,Austin,78701,30.267659562906,-97.741157927297,prior
"4301 Guadalupe St, Austin, TX, 78751",4301 Guadalupe St,Austin,78751,30.30866956083,-97.734259304346,prior
"719 W 6th St, Austin, TX, 78701",719 W 6th St,Austin,78701,30.269970697656,-97.749781342416,prior
"706 W 6th St, Austin, TX, 78701",706 W 6th St,Austin,78701,30.270039755707,-97.749619053999,prior
"1718 S Congress Ave, Austin, TX, 78704",1718 S Congress Ave,Austin,78704,30.246836385022,-97.750764624322,prior
"3001 S Congress Ave, Austin, TX, 78704",3001 S Congress Ave,Austin,78704,30.23336705748,-97.757808218145,prior
"320 E 2nd St, Austin, TX, 78701",320 E 2nd St,Austin,78701,30.263619083157,-97.741511195805,prior
"600 E Parsons St, Manor, TX, 78653",600 E Parsons St,Manor,78653,30.341255570306,-97.551700888261,prior
"4204 Menchaca Rd, Austin, TX, 78704",4204 Menchaca Rd,Austin,78704,30.231471822617,-97.787375676436,prior
"2238 S Lamar Blvd, Austin, TX, 78704",2238 S Lamar Blvd,Austin,78704,30.247563447482,-97.773362345195,prior
"9801 Decker Lake Rd, Austin, TX, 78724",9801 Decker Lake Rd,Austin,78724,30.28425023851,-97.616673961843,prior
"1017 Barton Springs Rd, Austin, TX, 78704",1017 Barton Springs Rd,Austin,78704,30.25997427403,-97.754799165098,prior
"534 E Oltorf St, Austin, TX, 78704",534 E Oltorf St,Austin,78704,30.237023773368,-97.749986393429,prior
"1520 Rutherford Ln, Austin, TX, 78725",1520 Rutherford Ln,Austin,78725,30.337063565446,-97.682580796185,prior
"2110 S Lamar Blvd, Austin, TX, 78704",2110 S Lamar Blvd,Austin,78704,30.248032850586,-97.771529417815,prior
"1520 Rutherford Ln, Austin, TX, 78754",1520 Rutherford Ln,Austin,78754,30.337063565446,-97.682580796185,prior
"808 E 51st St, Austin, TX, 78751",808 E 51st St,Austin,78751,30.312087929851,-97.715239462794,prior
"417 E 6th St, Austin, TX, 78701",417 E 6th St,Austin,78701,30.26695368152,-97.73913428277,prior
"1111 Montopolis Dr, Austin, TX, 78741",1111 Montopolis Dr,Austin,78741,30.23295051919,-97.698347342631,prior
"3005 S Lamar Blvd #, Austin, TX, 78704",3005 S Lamar Blvd #,Austin,78704,30.242370772106,-97.783976801361,prior
"3005 S Lamar Blvd, Austin, TX, 78704",3005 S Lamar Blvd,Austin,78704,30.242370772106,-97.783976801361,prior
"8701 Cross Park Dr, Austin, TX, 78754",8701 Cross Park Dr,Austin,78754,30.342181619687,-97.677271922271,prior
"1711 Wheless Ln, Austin, TX, 78723",1711 Wheless Ln,Austin,78723,30.315518988655,-97.691451312947,prior
"11501 Burnet Rd, Austin, TX, 78758",11501 Burnet Rd,Austin,78758,30.396748521038,-97.719793940077,prior
"1100 Cumberland Rd, Austin, TX, 78704",1100 Cumberland Rd,Austin,78704,30.2409356564,-97.768579044756,prior
"2300 Cedar Bend Dr, Austin, TX, 78758",2300 Cedar Bend Dr,Austin,78758,30.412236410424,-97.702395966853,prior
"1921 Cedar Bend Dr #, Austin, TX, 78758",1921 Cedar Bend Dr #,Austin,78758,30.408299302782,-97.697395994864,prior
"910 Pace Bend Rd S, Briarcliff, TX, 78669",910 Pace Bend Rd S,Briarcliff,78669,30.405412722115,-98.062095963308,prior
"4707 Burnet Rd, Austin, TX, 78756",4707 Burnet Rd,Austin,78756,30.318618937871,-97.739474164518,prior
"1224 S Congress Ave, Austin, TX, 78704",1224 S Congress Ave,Austin,78704,30.251897174867,-97.748879421155,prior
"11301 Lakeline Blvd Ste 300 #, Austin, TX, 78717",11301 Lakeline Blvd Ste 300 #,Austin,78717,30.480094872636,-97.795520483857,prior
"5333 Fleming Ct, Austin, TX, 78744",5333 Fleming Ct,Austin,78744,30.206614220081,-97.728747305108,prior
"12904 Gregg Manor Rd, Manor, TX, 78653",12904 Gregg Manor Rd,Manor,78653,30.357972520474,-97.561713017657,prior
"601 Rio Grande St, Austin, TX, 78701",601 Rio Grande St,Austin,78701,30.269982555195,-97.749439189674,prior
"908 E Cesar Chavez St, Austin, TX, 78702",908 E Cesar Chavez St,Austin,78702,30.260916608742,-97.735384901884,prior
"160 E Riverside Dr, Austin, TX, 78704",160 E Riverside Dr,Austin,78704,30.256490055421,-97.746171826594,prior
"2129 E 7th St, Austin, TX, 78702",2129 E 7th St,Austin,78702,30.261757840032,-97.719046633037,prior
"2800 Webberville Rd, Austin, TX, 78702",2800 Webberville Rd,Austin,78702,30.264850042356,-97.710245562402,prior
"4800 Manor Rd, Austin, TX, 78723",4800 Manor Rd,Austin,78723,30.295253553201,-97.688969858832,prior
"14005 McNeil Rd, Austin, TX, 78728",14005 McNeil Rd,Austin,78728,30.454851731472,-97.721094519705,prior
"1810 E 12th St, Austin, TX, 78702",1810 E 12th St,Austin,78702,30.273732367603,-97.72074009567,prior
"1302 S 1st St, Austin, TX, 78704",1302 S 1st St,Austin,78704,30.251236868033,-97.754459887928,prior
"3600 Tudor Blvd, Austin, TX, 78759",3600 Tudor Blvd,Austin,78759,30.383946104301,-97.736537394835,prior
"809 Red River St, Austin, TX, 78701",809 Red River St,Austin,78701,30.268435845651,-97.736380329269,prior
"617 W 6th St, Austin, TX, 78701",617 W 6th St,Austin,78701,30.269641002343,-97.748667950945,prior
"19510 Hamilton Pool Rd, Dripping Springs, TX, 78620",19510 Hamilton Pool Rd,Dripping Springs,78620,30.291049258353,-98.07585167828,prior
"5003 Airport Blvd, Austin, TX, 78751",5003 Airport Blvd,Austin,78751,30.311165558298,-97.715345786403,prior
"3850 Airport Blvd, Austin, TX, 78722",3850 Airport Blvd,Austin,78722,30.28938081926,-97.707474958058,prior
"2008 S Congress Ave, Austin, TX, 78704",2008 S Congress Ave,Austin,78704,30.24359548404,-97.751954304556,prior
"620 W 24th St, Austin, TX, 78705",620 W 24th St,Austin,78705,30.287937172367,-97.74396274473,prior
"4919 Hudson Bend Rd, Austin, TX, 78734",4919 Hudson Bend Rd,Austin,78734,30.411791175882,-97.926560320544,prior
"601 W Braker Ln, Austin, TX, 78753",601 W Braker Ln,Austin,78753,30.381008351149,-97.685002867729,prior
"12601 Tech Ridge Blvd Ste 300 #, Austin, TX, 78753",12601 Tech Ridge Blvd Ste 300 #,Austin,78753,30.399200486328,-97.660058953891,prior
"4601 Pecan Brook Dr, Austin, TX, 78724",4601 Pecan Brook Dr,Austin,78724,30.318612679445,-97.661338853126,prior
"12000 Manchaca Rd, Austin, TX, 78748",12000 Manchaca Rd,Austin,78748,30.141918977216,-97.833020140328,prior
"3851 Airport Blvd, Austin, TX, 78722",3851 Airport Blvd,Austin,78722,30.289406974746,-97.707100349402,prior
"104 W Howard Ln, Austin, TX, 78753",104 W Howard Ln,Austin,78753,30.418462013913,-97.658752847644,prior
"10900 Stonelake Blvd, Austin, TX, 78759",10900 Stonelake Blvd,Austin,78759,30.399718429435,-97.734408825757,prior
"13125 Pond Springs Rd, Austin, TX, 78729",13125 Pond Springs Rd,Austin,78729,30.443700035378,-97.77602306736,prior
"10225 Research Blvd, Austin, TX, 78759",10225 Research Blvd,Austin,78759,30.395262823507,-97.74579610895,prior
"200 W 4th St, Austin, TX, 78701",200 W 4th St,Austin,78701,30.266644313941,-97.744853701531,prior
"3235 E Cesar Chavez St, Austin, TX, 78702",3235 E Cesar Chavez St,Austin,78702,30.251668051705,-97.707574548655,prior
"9919 Service Ave, Austin, TX, 78719",9919 Service Ave,Austin,78719,30.20420578789,-97.663357654817,prior
"1118 W 6th St, Austin, TX, 78703",1118 W 6th St,Austin,78703,30.272254845438,-97.755628822915,prior
"3811 E 12th St, Austin, TX, 78721",3811 E 12th St,Austin,78721,30.278325812428,-97.690699567804,prior
"2826 Rio Grande St, Austin, TX, 78705",2826 Rio Grande St,Austin,78705,30.295486969818,-97.744018389025,prior
"4818 Burnet Rd, Austin, TX, 78756",4818 Burnet Rd,Austin,78756,30.319001957977,-97.7394083377,prior
"1628 Barton Springs Rd, Austin, TX, 78704",1628 Barton Springs Rd,Austin,78704,30.262254789087,-97.761714193089,prior
"7300 Ranch Road 2222, Austin, TX, 78730",7300 Ranch Road 2222,Austin,78730,30.370411336405,-97.802582395569,prior
"8776 Research Blvd, Austin, TX, 78758",8776 Research Blvd,Austin,78758,30.366168914644,-97.718716860687,prior
"300 W 27th St, Austin, TX, 78705",300 W 27th St,Austin,78705,30.292028530344,-97.740407999773,prior
"1808 E 12th St, Austin, TX, 78702",1808 E 12th St,Austin,78702,30.273729983826,-97.72075725887,prior
"1902 S 1st St, Austin, TX, 78704",1902 S 1st St,Austin,78704,30.246475260636,-97.756475631134,prior
"1801 S 1st St, Austin, TX, 78704",1801 S 1st St,Austin,78704,30.247369779674,-97.755794197293,prior
"3403 S Lamar Blvd, Austin, TX, 78704",3403 S Lamar Blvd,Austin,78704,30.240546553681,-97.786449733644,prior
"1707 E 6th St, Austin, TX, 78702",1707 E 6th St,Austin,78702,30.262275207714,-97.724383376641,prior
"4303 Victory Dr, Austin, TX, 78704",4303 Victory Dr,Austin,78704,30.23277857516,-97.790739489038,prior
"408 E 6th St, Austin, TX, 78701",408 E 6th St,Austin,78701,30.267084022561,-97.73917397877,prior
"701 W 6th St, Austin, TX, 78701",701 W 6th St,Austin,78701,30.26991375077,-97.74960904161,prior
"401 S 1st St, Austin, TX, 78704",401 S 1st St,Austin,78704,30.258826696761,-97.749737908093,prior
"6414 N Hampton Dr, Austin, TX, 78723",6414 N Hampton Dr,Austin,78723,30.314072295129,-97.681467767458,prior
"6404 Ridge Oak Rd, Austin, TX, 78749",6404 Ridge Oak Rd,Austin,78749,30.232740826358,-97.85711747572,prior
"630 Ralph Ablanedo Dr, Austin, TX, 78748",630 Ralph Ablanedo Dr,Austin,78748,30.174231144104,-97.796120598477,prior
"630 Ralph Albanedo Dr Bldg 2 Kitchen 1, Austin, TX, 78748",630 Ralph Albanedo Dr Bldg 2 Kitchen 1,Austin,78748,30.174231144104,-97.796120598477,prior
"7000 Woodhue Dr, Austin, TX, 78745",7000 Woodhue Dr,Austin,78745,30.198758749054,-97.801212687165,prior
"4720 S Congress Ave, Austin, TX, 78745",4720 S Congress Ave,Austin,78745,30.214828782595,-97.769057976764,prior
"10207 Lake Creek Pkwy, Austin, TX, 78729",10207 Lake Creek Pkwy,Austin,78729,30.462636381905,-97.7913587262,prior
"514 Medina St, Austin, TX, 78702",514 Medina St,Austin,78702,30.264024324879,-97.731929293245,prior
"2900 S Lamar Blvd, Austin, TX, 78704",2900 S Lamar Blvd,Austin,78704,30.243654926622,-97.782453390532993,prior
"623 W Dittmar Rd, Austin, TX, 78745",623 W Dittmar Rd,Austin,78745,30.183806336718,-97.792634322871,prior
"3509 Rogge Ln, Austin, TX, 78723",3509 Rogge Ln,Austin,78723,30.301231790144,-97.674516463535,prior
"2900 N Interstate 35, Austin, TX, 78705",2900 N Interstate 35,Austin,78705,30.287717212921,-97.724511785589,prior
"3300 N Interstate 35, Austin, TX, 78705",3300 N Interstate 35,Austin,78705,30.290512471914,-97.722732286035,prior
"2717 S Lamar Blvd, Austin, TX, 78704",2717 S Lamar Blvd,Austin,78704,30.245103191929,-97.780090703645,prior
"7212 W Sh 71, Austin, TX, 78735",7212 W Sh 71,Austin,78735,30.236278595934,-97.877603560427,prior
"4620 E Cesar Chavez St, Austin, TX, 78702",4620 E Cesar Chavez St,Austin,78702,30.251710420473,-97.701503522368,prior
"2115 Allred Dr, Austin, TX, 78748",2115 Allred Dr,Austin,78748,30.172651811244,-97.827377748364,prior
"3735 N I-35, Austin, TX, 78722",3735 N I-35,Austin,78722,30.294274468172,-97.719614936349,prior
"78 East Ave, Austin, TX, 78701",78 East Ave,Austin,78701,30.25791662973,-97.738067639935,prior
"6705 Us 290 Highway Service Rd, Austin, TX, 78735",6705 Us 290 Highway Service Rd,Austin,78735,30.233844747437,-97.865957327316,prior
"1701 Kramer Ln, Austin, TX, 78758",1701 Kramer Ln,Austin,78758,30.384998371162,-97.702804651873,prior
"6330 W US 290 Highway, Austin, TX, 78735",6330 W US 290 Highway,Austin,78735,30.235508724616,-97.859209817714,prior
"7130 Chimney Cors, Austin, TX, 78731",7130 Chimney Cors,Austin,78731,30.357481833124,-97.760942600152,prior
"4019 Menchaca Rd, Austin, TX, 78704",4019 Menchaca Rd,Austin,78704,30.232761333587,-97.78633243653,prior
"100 E Parsons St, Manor, TX, 78653",100 E Parsons St,Manor,78653,30.341006390336,-97.557645255838,prior
"904 Vargas Rd, Austin, TX, 78741",904 Vargas Rd,Austin,78741,30.233690003107,-97.694061840894,prior
"2421 Webberville Rd, Austin, TX, 78702",2421 Webberville Rd,Austin,78702,30.262798181706,-97.714515338604,prior
"209 W 5th St, Austin, TX, 78701",209 W 5th St,Austin,78701,30.267467634488,-97.744631542082,prior
"1007 E 6th St, Austin, TX, 78702",1007 E 6th St,Austin,78702,30.264994015091,-97.7324544433,prior
"11506 Century Oaks Ter Ste 100 #, Austin, TX, 78758",11506 Century Oaks Ter Ste 100 #,Austin,78758,30.401874152299,-97.726212983686,prior
"2702 E Cesar Chavez St, Austin, TX, 78702",2702 E Cesar Chavez St,Austin,78702,30.253465510107,-97.714033450157,prior
"2307 Kramer Ln, Austin, TX, 78758",2307 Kramer Ln,Austin,78758,30.391034228358,-97.714199718039,prior
"1413 Webberville Rd, Austin, TX, 78721",1413 Webberville Rd,Austin,78721,30.279739404971,-97.681147234965,prior
"2508 Durwood St, Austin, TX, 78704",2508 Durwood St,Austin,78704,30.239903215372,-97.758786834417,prior
"3121 S Lamar Blvd, Austin, TX, 78704",3121 S Lamar Blvd,Austin,78704,30.241734181292,-97.784766607145,prior
"3701 N I-35, Austin, TX, 78722",3701 N I-35,Austin,78722,30.294057971997,-97.719752440683,prior
"4534 West Gate Blvd, Austin, TX, 78745",4534 West Gate Blvd,Austin,78745,30.230546813966,-97.800882742282,prior
"6001 W William Cannon Dr Ste 301 #, Austin, TX, 78749",6001 W William Cannon Dr Ste 301 #,Austin,78749,30.228590325315,-97.862640682946,prior
"2400 Seton Ave, Austin, TX, 78705",2400 Seton Ave,Austin,78705,30.287937540102,-97.743962226995,prior
"5517 Menchaca Rd, Austin, TX, 78745",5517 Menchaca Rd,Austin,78745,30.21655129813,-97.796701163344,prior
"1914 E 12th St, Austin, TX, 78702",1914 E 12th St,Austin,78702,30.273870249289,-97.719724045086,prior
"6507 Burnet Rd, Austin, TX, 78757",6507 Burnet Rd,Austin,78757,30.339897321586,-97.73891894665,prior
"1400 E 4th St, Austin, TX, 78702",1400 E 4th St,Austin,78702,30.261925282912,-97.729286957691,prior
"2606 S 1st St, Austin, TX, 78704",2606 S 1st St,Austin,78704,30.239564597529,-97.761304015074,prior
"1745 W Anderson Ln, Austin, TX, 78757",1745 W Anderson Ln,Austin,78757,30.352849304499,-97.724074028722,prior
"2015 E Riverside Dr, Austin, TX, 78741",2015 E Riverside Dr,Austin,78741,30.240909595478,-97.727749314746,prior
"1501 E 7th St, Austin, TX, 78702",1501 E 7th St,Austin,78702,30.264255017226,-97.727075625026,prior
"4109 S Capital of Texas Highway, Austin, TX, 78704",4109 S Capital of Texas Highway,Austin,78704,30.240194683994,-97.799874941475,prior
"901 E 5th St Fl 8, Austin, TX, 78702",901 E 5th St Fl 8,Austin,78702,30.264454512404,-97.733956373682,prior
"1405 E 7th St, Austin, TX, 78702",1405 E 7th St,Austin,78702,30.264568240909,-97.727924779455,prior
"78 N Interstate 35, Austin, TX, 78701",78 N Interstate 35,Austin,78701,30.259501809436,-97.737469203813,prior
"3220 Amy Donovan Plz, Austin, TX, 78758",3220 Amy Donovan Plz,Austin,78758,30.396546908904,-97.7273767669,prior
"2027 E Cesar Chavez St, Austin, TX, 78702",2027 E Cesar Chavez St,Austin,78702,30.256328057415,-97.722540939803,prior
"10001 S Interstate 35, Austin, TX, 78747",10001 S Interstate 35,Austin,78747,30.161728402588,-97.788257860811,prior
"1300 E Anderson Ln Suite 1001, Austin, TX, 78752",1300 E Anderson Ln Suite 1001,Austin,78752,30.334408030543,-97.689391104866,prior
"22000 W Sh 71, Spicewood, TX, 78669",22000 W Sh 71,Spicewood,78669,30.365758649931,-98.071134676936,prior
"2414 S Lamar Blvd, Austin, TX, 78704",2414 S Lamar Blvd,Austin,78704,30.246894198592,-97.777391049851,prior
"4914 Burleson Rd, Austin, TX, 78744",4914 Burleson Rd,Austin,78744,30.21188875673,-97.729735060722,prior
"1300 E Anderson Ln Apt 1316, Austin, TX, 78752",1300 E Anderson Ln Apt 1316,Austin,78752,30.334408030543,-97.689391104866,prior
"1417 S 1st St, Austin, TX, 78704",1417 S 1st St,Austin,78704,30.250515827407,-97.7546218393,prior
"1300 E Anderson Ln Apt 1406, Austin, TX, 78752",1300 E Anderson Ln Apt 1406,Austin,78752,30.334408030543,-97.689391104866,prior
"504 W Oltorf St, Austin, TX, 78704",504 W Oltorf St,Austin,78704,30.241451396332,-97.758063835238,prior
"1333 W Ben White Blvd, Austin, TX, 78704",1333 W Ben White Blvd,Austin,78704,30.227384007883,-97.780268691096,prior
"3103 S Lamar Blvd, Austin, TX, 78704",3103 S Lamar Blvd,Austin,78704,30.241805361707,-97.784663325756,prior
"1300 E Anderson Ln Apt 1315, Austin, TX, 78752",1300 E Anderson Ln Apt 1315,Austin,78752,30.334408030543,-97.689391104866,prior
"2500 Montopolis Dr, Austin, TX, 78741",2500 Montopolis Dr,Austin,78741,30.220159941487,-97.707191247086,prior
"3508 S Lamar Blvd, Austin, TX, 78704",3508 S Lamar Blvd,Austin,78704,30.239823165207,-97.787691152819,prior
"405 Comal St, Austin, TX, 78702",405 Comal St,Austin,78702,30.261261571357,-97.727292955129,prior
"801 Barton Springs Rd, Austin, TX, 78704",801 Barton Springs Rd,Austin,78704,30.259130725816,-97.752364237508,prior
"1701 E Saint Elmo Rd, Austin, TX, 78744",1701 E Saint Elmo Rd,Austin,78744,30.212419147751,-97.752245560217,prior
"1104 E 11th St, Austin, TX, 78702",1104 E 11th St,Austin,78702,30.269098145266,-97.72878355454,prior
"12246 Running Bird Ln, Austin, TX, 78758",12246 Running Bird Ln,Austin,78758,30.408458879121,-97.692902170379,prior
"3815 Dry Creek Dr, Austin, TX, 78731",3815 Dry Creek Dr,Austin,78731,30.343112153291,-97.764077308495,prior
"8511 Carranzo Dr, Austin, TX, 78735",8511 Carranzo Dr,Austin,78735,30.27189108075,-97.87814229633,prior
"6550 Comanche Trl #, Austin, TX, 78732",6550 Comanche Trl #,Austin,78732,30.405142442031,-97.87336265621,prior
"3505 N I-35, Austin, TX, 78722",3505 N I-35,Austin,78722,30.292809935223,-97.720545112724,prior
"1410 E 6th St, Austin, TX, 78702",1410 E 6th St,Austin,78702,30.263721350414,-97.728344264786,prior
"1404 Royston Ln, Round Rock, TX, 78664",1404 Royston Ln,Round Rock,78664,30.458194070854,-97.651759242894,prior
"2300 W Ben White Blvd, Austin, TX, 78704",2300 W Ben White Blvd,Austin,78704,30.232278716176,-97.791975078061,prior
"19903 FM 685, Pflugerville, TX, 78660",19903 FM 685,Pflugerville,78660,30.479434775049,-97.587120653485,prior
"2129 Goodrich Ave, Austin, TX, 78704",2129 Goodrich Ave,Austin,78704,30.247989423584,-97.773754519837,prior
"615 S Lamar Blvd, Austin, TX, 78704",615 S Lamar Blvd,Austin,78704,30.259553734158,-97.758860308206,prior
"2911 S 1st St, Austin, TX, 78704",2911 S 1st St,Austin,78704,30.235884396761,-97.763472851507,prior
"4930 S Congress Ave Ste 304 #, Austin, TX, 78745",4930 S Congress Ave Ste 304 #,Austin,78745,30.211288115741,-97.771315902127,prior
"2136 E 7th St, Austin, TX, 78702",2136 E 7th St,Austin,78702,30.261662845193,-97.718180319417,prior
"76 Rainey St, Austin, TX, 78701",76 Rainey St,Austin,78701,30.259155502707,-97.73871737312,prior
"1007 S Congress Ave Apt 120 #, Austin, TX, 78704",1007 S Congress Ave Apt 120 #,Austin,78704,30.254569005126,-97.747761764551,prior
"1310 Howard Ln, Austin, TX, 78728",1310 Howard Ln,Austin,78728,30.424707484282,-97.672035648424,prior
"8716 Research Blvd, Austin, TX, 78757",8716 Research Blvd,Austin,78757,30.363886146976,-97.719297175165,arcgis
"2000 Medical Dr, Lakeway, TX, 78734",2000 Medical Dr,Lakeway,78734,30.345054860387,-97.969996378743,arcgis
"3944 S FM 620 Rd, Bee Cave, TX, 78738",3944 S FM 620 Rd,Bee Cave,78738,30.308450502487,-97.94538451263,arcgis
"3102 E Sh 71 Service Rd, Austin, TX, 78617",3102 E Sh 71 Service Rd,Austin,78617,30.204313260925,-97.642056427972,census
"12129 FM 620 N, Austin, TX, 78750",12129 FM 620 N,Austin,78750,30.460984334564,-97.816936037418,arcgis
"12611 Shops Pkwy, Austin, TX, 78738",12611 Shops Pkwy,Austin,78738,30.303261056684,-97.939924792359,arcgis
"12700 Hill Country Blvd, Austin, TX, 78738",12700 Hill Country Blvd,Austin,78738,30.308627193006,-97.938734729746,arcgis
"1602 S FM 620 Rd, Lakeway, TX, 78734",1602 S FM 620 Rd,Lakeway,78734,30.346298022357,-97.965421871266,arcgis
"20908 Burgan Path, Hutto, TX, 78634",20908 Burgan Path,Hutto,78634,30.495986659311,-97.584325902902,arcgis
"17510 Schultz Ln, Pflugerville, TX, 78660",17510 Schultz Ln,Pflugerville,78660,30.474137636122,-97.641370286067,arcgis
"1100 E Parmer Ln, Austin, TX, 78753",1100 E Parmer Ln,Austin,78753,30.398153001628,-97.654007010932,arcgis
"428 Grand Avenue Pkwy, Pflugerville, TX, 78660",428 Grand Avenue Pkwy,Pflugerville,78660,30.466081034609,-97.645583701155,arcgis
"3500 S FM 620 Rd #, Bee Cave, TX, 78738",3500 S FM 620 Rd #,Bee Cave,78738,30.308450502487,-97.94538451263,arcgis
"13945 N US 183 Highway Service Rd, Austin, TX, 78717",13945 N US 183 Highway Service Rd,Austin,78717,30.472486726777,-97.797904689586,census
"106 Canyon Ridge, Austin, Tx, 78753, Austin, TX, 78753","106 Canyon Ridge, Austin, Tx, 78753",Austin,78753,30.397834866493,-97.668027085098,arcgis
"7525 E Us 290 Highway Service Rd, Austin, TX, 78723",7525 E Us 290 Highway Service Rd,Austin,78723,30.323985312285,-97.675256308948,arcgis
"7310 Elroy Rd, Del Valle, TX, 78617",7310 Elroy Rd,Del Valle,78617,30.153356711452,-97.639384948481,arcgis
"13000 N I-35 Service Rd, Austin, TX, 78753",13000 N I-35 Service Rd,Austin,78753,30.113058959186,-97.807550008535,census
"11400 N Mopac Expy, Austin, TX, 78759",11400 N Mopac Expy,Austin,78759,30.408300007884,-97.732200025456,arcgis
"11431 Bee Cave Rd, Bee Cave, TX, 78738",11431 Bee Cave Rd,Bee Cave,78738,30.30974789537,-97.91330587953,arcgis
"13729 N US 183 Highway, Austin, TX, 78729",13729 N US 183 Highway,Austin,78729,30.459875115408,-97.790168681084,arcgis
"3325 S FM 620 Rd, Bee Cave, TX, 78738",3325 S FM 620 Rd,Bee Cave,78738,30.327625279467,-97.964001390135,arcgis
"2001 Ed Bluestein Blvd, Austin, TX, 78725",2001 Ed Bluestein Blvd,Austin,78725,30.259131076228,-97.674762926399,census
"9500 McNeil Dr, Austin, TX, 78750",9500 McNeil Dr,Austin,78750,30.397946890629,-97.824886691675,arcgis
"3702 S FM 620 Rd, Austin, TX, 78738",3702 S FM 620 Rd,Austin,78738,30.323665565332,-97.968104493746,arcgis
"13011 Shops Pkwy, Bee Cave, TX, 78738",13011 Shops Pkwy,Bee Cave,78738,30.307003995547,-97.945740492058,arcgis
"7424 E Us 290 Highway Service Rd, Austin, TX, 78752",7424 E Us 290 Highway Service Rd,Austin,78752,30.325677408988,-97.677694436944,arcgis
"8309 RESEARCH BLVD, Austin, TX, 78758",8309 RESEARCH BLVD,Austin,78758,30.356010474085,-97.715108926091,census
"1100 Rauscher Dr, Pflugerville, TX, 78660",1100 Rauscher Dr,Pflugerville,78660,30.466027474248,-97.608504424621,arcgis
"12600 Country Trl, Austin, TX, 78732",12600 Country Trl,Austin,78732,30.366050019099,-97.900319964579,arcgis
"12601 Country Trl, Austin, TX, 78732",12601 Country Trl,Austin,78732,30.36507000698,-97.902969987086,arcgis
"10000 RESEARCH BLVD, Austin, TX, 78759",10000 RESEARCH BLVD,Austin,78759,30.392489005684,-97.746945608231,census
"109 W Anderson Ln, Austin, TX, 78752",109 W Anderson Ln,Austin,78752,30.344207321323,-97.706345419782,census
"10111 D K Ranch Rd, Austin, TX, 78759",10111 D K Ranch Rd,Austin,78759,30.413960600465,-97.781018995578,arcgis
"12801 Escarpment Blvd, Austin, TX, 78739",12801 Escarpment Blvd,Austin,78739,30.170296076764,-97.909750779117,arcgis
"4219 Bee Creek Rd, Lakeway, TX, 78738",4219 Bee Creek Rd,Lakeway,78738,30.354680009351,-98.028050026869,arcgis
"8309 Research Blvd, Austin, TX, 78758",8309 Research Blvd,Austin,78758,30.356010474085,-97.715108926091,census
"8905 Alphabet Dr, Austin, TX, 78744",8905 Alphabet Dr,Austin,78744,30.150312110852,-97.700960923778,arcgis
"15900 N I-35, Austin, TX, 78728",15900 N I-35,Austin,78728,30.456536687192,-97.667853579702,arcgis
"5800 E Parmer Ln, Manor, TX, 78653",5800 E Parmer Ln,Manor,78653,30.369677622975,-97.610366380592,arcgis
"3301 Serene Hills Ct, Lakeway, TX, 78738",3301 Serene Hills Ct,Lakeway,78738,30.348474718793,-97.996458047068,arcgis
"14125 The Lakes Blvd, Pflugerville, TX, 78660",14125 The Lakes Blvd,Pflugerville,78660,30.427794764018,-97.664052638069,arcgis
"7112 Ed Bluestein Blvd, Austin, TX, 78723",7112 Ed Bluestein Blvd,Austin,78723,30.31256480157,-97.663802102983,arcgis
"6500 S Us 183 Highway, Austin, TX, 78744",6500 S Us 183 Highway,Austin,78744,30.164057435253,-97.693107151128,census
"860 E Anderson Ln, Austin, TX, 78753",860 E Anderson Ln,Austin,78753,30.338308834505,-97.697856064857,census
"2751 E Sh 71 Service Rd, Austin, TX, 78617",2751 E Sh 71 Service Rd,Austin,78617,30.210159156371,-97.652738686932,census
"12110 Manchaca Rd, Austin, TX, 78748",12110 Manchaca Rd,Austin,78748,30.142389242604,-97.833959766586,arcgis
"6156 W US 290 Highway, Austin, TX, 78735",6156 W US 290 Highway,Austin,78735,30.235533833214,-97.857538062702,census
"12500 FM 969 Rd, Austin, TX, 78724",12500 FM 969 Rd,Austin,78724,30.25407948543,-97.602442632244,arcgis
"10515 N Mopac Expy, Austin, TX, 78759",10515 N Mopac Expy,Austin,78759,30.391045399192,-97.732001625808,arcgis
"13435 N US 183 Highway Service Rd, Austin, TX, 78729",13435 N US 183 Highway Service Rd,Austin,78729,30.448283194773,-97.787957367389,arcgis
"10706 N Mopac Expy, Austin, TX, 78759",10706 N Mopac Expy,Austin,78759,30.397001998684,-97.733554960104,arcgis
"6134 W Us 290 Highway Service Rd, Austin, TX, 78735",6134 W Us 290 Highway Service Rd,Austin,78735,30.235538478255,-97.857416352616,census
"4802 S Us 183 Highway, Austin, TX, 78744",4802 S Us 183 Highway,Austin,78744,30.182605488311,-97.688181790378,arcgis
"17000 Sweetwater Village Dr, Bee Cave, TX, 78738",17000 Sweetwater Village Dr,Bee Cave,78738,30.31953179758,-98.007445632484007,arcgis
"10710 Research Blvd, Austin, TX, 78759",10710 Research Blvd,Austin,78759,30.398389127189,-97.746551501828,census
"6800 Metropolis DR, Austin, TX, 78744",6800 Metropolis DR,Austin,78744,30.205396176411,-97.706799673711,arcgis
"10000 Research Blvd, Austin, TX, 78759",10000 Research Blvd,Austin,78759,30.392489005684,-97.746945608231,census
"12407 N Mopac Expy, Austin, TX, 78758",12407 N Mopac Expy,Austin,78758,30.417087443043,-97.704818580967,census
"959 Reinli St, Austin, TX, 78751",959 Reinli St,Austin,78751,30.318592018596,-97.70844202382,arcgis
"11643 Research Blvd, Austin, TX, 78759",11643 Research Blvd,Austin,78759,30.416703231001,-97.745926242642,census
"1701 Lohmans Crossing Rd, Lakeway, TX, 78734",1701 Lohmans Crossing Rd,Lakeway,78734,30.352984098882,-97.976013579395,arcgis
"10107 Research Blvd, Austin, TX, 78759",10107 Research Blvd,Austin,78759,30.39253039989,-97.745820089354,census
"9333 RESEARCH BLVD, Austin, TX, 78759",9333 RESEARCH BLVD,Austin,78759,30.381815616707,-97.738859800121,census
"325 S FM 620 Rd Ste 102 #, Lakeway, TX, 78734",325 S FM 620 Rd Ste 102 #,Lakeway,78734,30.379470493821,-97.94691588634,arcgis
"919 E Koenig Ln, Austin, TX, 78751",919 E Koenig Ln,Austin,78751,30.320757109731,-97.709649493473,census
"6705 W Us 290 Highway, Austin, TX, 78749",6705 W Us 290 Highway,Austin,78749,30.233844747437,-97.865957327316,census
"1021 E Parmer Ln, Austin, TX, 78753",1021 E Parmer Ln,Austin,78753,30.398445571958,-97.655178884815,arcgis
"7015 W Us 290 Highway, Austin, TX, 78749",7015 W Us 290 Highway,Austin,78749,30.233286836736,-97.874267455883,census
"14900 N I-35, Austin, TX, 78728",14900 N I-35,Austin,78728,30.441990145688,-97.669420492681,arcgis
"1310 S FM 620 Rd, Lakeway, TX, 78734",1310 S FM 620 Rd,Lakeway,78734,30.348418511479,-97.965871716907,arcgis
"11201 N Mopac Expy, Austin, TX, 78759",11201 N Mopac Expy,Austin,78759,30.401697557909,-97.7286804805,census
"2027 Aldrich St, Austin, TX, 78723",2027 Aldrich St,Austin,78723,30.299862614041,-97.703715887714,arcgis
"14730 N I-35 Service Rd, Austin, TX, 78728",14730 N I-35 Service Rd,Austin,78728,30.439214981366,-97.670182994413,arcgis
"7000 Metropolis Dr, Austin, TX, 78744",7000 Metropolis Dr,Austin,78744,30.206569852404,-97.704601771061,arcgis
"11206 S I-35 Service Rd, Austin, TX, 78748",11206 S I-35 Service Rd,Austin,78748,30.140400445949,-97.796380292089,arcgis
"7500 S Pleasant Valley Rd, Austin, TX, 78744",7500 S Pleasant Valley Rd,Austin,78744,30.170501098116,-97.756224236338,arcgis
"18612 Pfluger Farm Ln, Pflugerville, TX, 78660",18612 Pfluger Farm Ln,Pflugerville,78660,30.472418046776,-97.599916829541,arcgis
"6600 S Mopac Expy, Austin, TX, 78749",6600 S Mopac Expy,Austin,78749,30.221417010865,-97.836989992222,arcgis
"14200 N I-35 Service Rd, Austin, TX, 78728",14200 N I-35 Service Rd,Austin,78728,30.432024984822,-97.671222350407,arcgis
"4401 Tilley St, Austin, TX, 78723",4401 Tilley St,Austin,78723,30.296155633543,-97.694516916617,arcgis
"14509 FM 969 Rd, Austin, TX, 78724",14509 FM 969 Rd,Austin,78724,30.247006248798,-97.5821202889,arcgis
"12525 N Mopac Expy, Austin, TX, 78727",12525 N Mopac Expy,Austin,78727,30.418486358683,-97.704179906445,census
"8752 Research Blvd, Austin, TX, 78757",8752 Research Blvd,Austin,78757,30.365052656441,-97.71968366472,arcgis
"8606 Research Blvd, Austin, TX, 78757",8606 Research Blvd,Austin,78757,30.362126617861,-97.717713079284,arcgis
"5446 W US 290 Highway, Austin, TX, 78735",5446 W US 290 Highway,Austin,78735,30.228405717192,-97.882851492079,arcgis
"12200 RESEARCH BLVD, Austin, TX, 78759",12200 RESEARCH BLVD,Austin,78759,30.425906988899,-97.753623296283,census
"1501 S Mopac Expy, Austin, TX, 78746",1501 S Mopac Expy,Austin,78746,30.262208749915,-97.789252030199,census
"5600 Cameron Rd, Austin, TX, 78723",5600 Cameron Rd,Austin,78723,30.313795725961,-97.704540583167,arcgis
"13681 N Us 183 Highway Service Rd, Austin, TX, 78729",13681 N Us 183 Highway Service Rd,Austin,78729,30.456417286981,-97.790940235272,arcgis
"9012 Research Blvd C-6, Austin, TX, 78757",9012 Research Blvd C-6,Austin,78757,30.370678422214,-97.725727268367,arcgis
"13000 N FM 620 Rd, Austin, TX, 78613",13000 N FM 620 Rd,Austin,78613,30.46863034855,-97.799514754582,arcgis
"11200 Lakeline Mall Dr, Cedar Park, TX, 78613",11200 Lakeline Mall Dr,Cedar Park,78613,30.470564766075,-97.806548260994,arcgis
"9070 Research Blvd, Austin, TX, 78757",9070 Research Blvd,Austin,78757,30.372624951588,-97.727901198775,arcgis
"13229 N FM 620 Rd, Austin, TX, 78729",13229 N FM 620 Rd,Austin,78729,30.469805193187,-97.791021721196,census
"13216 N I-35 Service Rd, Austin, TX, 78753",13216 N I-35 Service Rd,Austin,78753,30.416958765321,-97.673489990492,arcgis
"12860 N Us 183 Highway Service Rd, Austin, TX, 78750",12860 N Us 183 Highway Service Rd,Austin,78750,30.43435465099,-97.772711188427,arcgis
"11228 Domain Dr, Austin, TX, 78759",11228 Domain Dr,Austin,78759,30.399036538042,-97.725801951124,arcgis
"13860 N Us 183 Highway, Austin, TX, 78750",13860 N Us 183 Highway,Austin,78750,30.46700551662,-97.798006263467,arcgis
"11007 E Us 290 Highway, Manor, TX, 78653",11007 E Us 290 Highway,Manor,78653,30.3483615631,-97.558657916989,arcgis
"11113 Research Blvd, Austin, TX, 78759",11113 Research Blvd,Austin,78759,30.404878529285,-97.74494042357,census
"12836 E Us 290 Highway Bldg 2,, Manor, TX, 78653","12836 E Us 290 Highway Bldg 2,",Manor,78653,30.351008349982,-97.493559334792,census
"9605 Research Blvd, Austin, TX, 78759",9605 Research Blvd,Austin,78759,30.387769606622,-97.743205414076,census
"500 E Ben White Blvd, Austin, TX, 78704",500 E Ben White Blvd,Austin,78704,30.22049202594,-97.757364929541,arcgis
"1208-1/2 W 4th St, Austin, TX, 78703",1208-1/2 W 4th St,Austin,78703,30.27115578185,-97.75858357513,census
"1/2/6017 N I-35 Service Rd, Austin, TX, 78723",1/2/6017 N I-35 Service Rd,Austin,78723,30.320684405966,-97.706526268187,census
"3201 Caseybridge Ct, Austin, TX, 78744",3201 Caseybridge Ct,Austin,78744,30.213537309418,-97.698983632819,arcgis
"3322 S FM 620 Rd, Austin, TX, 78738",3322 S FM 620 Rd,Austin,78738,30.327976313572,-97.966732800923,arcgis
"1310 FM 620, Austin, TX, 78734",1310 FM 620,Austin,78734,30.377059649262,-97.946548897985,arcgis
"8762 Research Blvd, Austin, TX, 78757",8762 Research Blvd,Austin,78757,30.365812685511,-97.719186701681,arcgis
"8702 Research Blvd, Austin, TX, 78757",8702 Research Blvd,Austin,78757,30.363660631871,-97.718354127239,arcgis
"2422 S FM 620 Rd, Lakeway, TX, 78738",2422 S FM 620 Rd,Lakeway,78738,30.329696928622,-97.967102233871,arcgis
"9300 S Interstate 35, Austin, TX, 78748",9300 S Interstate 35,Austin,78748,30.163887315506,-97.790295499279,arcgis
"2915 S I-35, Austin, TX, 78741",2915 S I-35,Austin,78741,30.226766760567,-97.743917004086,arcgis
"2404 S FM 620 Rd, Lakeway, TX, 78738",2404 S FM 620 Rd,Lakeway,78738,30.329696928622,-97.967102233871,arcgis
"10515 N MOPAC EXPY, Austin, TX, 78759",10515 N MOPAC EXPY,Austin,78759,30.391045399192,-97.732001625808,arcgis
"2410 S FM 620 Rd, Lakeway, TX, 78738",2410 S FM 620 Rd,Lakeway,78738,30.329696928622,-97.967102233871,arcgis
"12900 N I-35 Service Rd, Austin, TX, 78753",12900 N I-35 Service Rd,Austin,78753,30.113442733728,-97.807366286668,census
"2410 S FM 620 Rd, Austin, TX, 78738",2410 S FM 620 Rd,Austin,78738,30.323665565332,-97.968104493746,arcgis
"11830 E Us 290 Highway, Manor, TX, 78653",11830 E Us 290 Highway,Manor,78653,30.350865893863,-97.497361769601,census
"3819 S I-35, Austin, TX, 78741",3819 S I-35,Austin,78741,30.219217443972,-97.748963815149,arcgis
"5353 W US 290 Highway, Austin, TX, 78749",5353 W US 290 Highway,Austin,78749,30.236079292386,-97.836445301508,census
"9400 Tuscany Way, Austin, TX, 78754",9400 Tuscany Way,Austin,78754,30.340516143637,-97.664500231698,arcgis
"11900 E Us 290 Highway, Manor, TX, 78653",11900 E Us 290 Highway,Manor,78653,30.350876370353,-97.497097237993,census
"7100 E Us 290 Highway Service Rd, Austin, TX, 78752",7100 E Us 290 Highway Service Rd,Austin,78752,30.323047167772,-97.683054328749,arcgis
"1779 Wells Branch Pkwy, Austin, TX, 78728",1779 Wells Branch Pkwy,Austin,78728,30.435245814936,-97.674297419225,arcgis
"5201 Wolf Pack Dr, Pflugerville, TX, 78660",5201 Wolf Pack Dr,Pflugerville,78660,30.428999997875,-97.5659199979,arcgis
"3132 E Sh 71 Service Rd, Austin, TX, 78617",3132 E Sh 71 Service Rd,Austin,78617,30.204185315828,-97.64179254125,census
"11011 E Us 290 Highway, Manor, TX, 78653",11011 E Us 290 Highway,Manor,78653,30.348296980536,-97.558417021091,arcgis
"13600 N FM 973, Manor, TX, 78653",13600 N FM 973,Manor,78653,30.360208170601,-97.532553557302,arcgis
"13415 N FM 620 Rd, Austin, TX, 78717",13415 N FM 620 Rd,Austin,78717,30.470378017272,-97.786543005047,arcgis
"3400 E Howard Ln, Austin, TX, 78660",3400 E Howard Ln,Austin,78660,30.388634302834,-97.619534338647,arcgis
"9010 N Lake Creek Pkwy, Austin, TX, 78717",9010 N Lake Creek Pkwy,Austin,78717,30.485126101638,-97.801903177892,arcgis
"10614 Research Blvd, Austin, TX, 78759",10614 Research Blvd,Austin,78759,30.395108247364,-97.746883595522,census
"11500 N MOPAC EXPY, Austin, TX, 78759",11500 N MOPAC EXPY,Austin,78759,30.406603175405,-97.727854511574,arcgis
"6448 E Us 290 Highway Service Rd, Austin, TX, 78752",6448 E Us 290 Highway Service Rd,Austin,78752,30.322236092911,-97.69573815991,arcgis
"11500 N Mopac Expy, Austin, TX, 78759",11500 N Mopac Expy,Austin,78759,30.406603175405,-97.727854511574,arcgis
"8416 N Interstate 35, Austin, TX, 78753",8416 N Interstate 35,Austin,78753,30.348289981647,-97.695380001187,arcgis
"6640 E Us 290 Highway Service Rd, Austin, TX, 78752",6640 E Us 290 Highway Service Rd,Austin,78752,30.322154075989,-97.6932215773,arcgis
"10601 N Lamar Blvd, Austin, TX, 78753",10601 N Lamar Blvd,Austin,78753,30.373845230962,-97.68818162274,arcgis
"6611 S MOPAC EXPY, Austin, TX, 78749",6611 S MOPAC EXPY,Austin,78749,30.221635070367,-97.834817650478,census
"5300 S Mopac Expy, Austin, TX, 78749",5300 S Mopac Expy,Austin,78749,30.23381652787,-97.828849152582,arcgis
"9503 RESEARCH BLVD, Austin, TX, 78759",9503 RESEARCH BLVD,Austin,78759,30.386486222049,-97.74256076389,census
"11808 Ring Dr, Manor, TX, 78653",11808 Ring Dr,Manor,78653,30.348626389331,-97.541853458407,arcgis
"12913 Galleria Cir, Bee Cave, TX, 78738",12913 Galleria Cir,Bee Cave,78738,30.308621074217,-97.942942361321,arcgis
"12314 N I-35 Service Rd, Austin, TX, 78753",12314 N I-35 Service Rd,Austin,78753,30.400472651422,-97.674991440808,arcgis
"11923 E US 290 Highway, Manor, TX, 78653",11923 E US 290 Highway,Manor,78653,30.347811961709,-97.543743326116,arcgis
"2013 Wells Branch Pkwy, Austin, TX, 78728",2013 Wells Branch Pkwy,Austin,78728,30.434834012033,-97.683074026221007,arcgis
"4829 S Us 183 Highway, Austin, TX, 78719",4829 S Us 183 Highway,Austin,78719,30.179430999373,-97.688383577682,census
"12506 Shops Pkwy, Bee Cave, TX, 78738",12506 Shops Pkwy,Bee Cave,78738,30.304741049327,-97.937300167017,arcgis
"10800 E Us 290 Highway, Manor, TX, 78653",10800 E Us 290 Highway,Manor,78653,30.348349558321,-97.561946264048,census
"11401 E Us 290 Highway, Manor, TX, 78653",11401 E Us 290 Highway,Manor,78653,30.348254358558,-97.55279284788,arcgis
"11215 E Us 290 Highway, Manor, TX, 78653",11215 E Us 290 Highway,Manor,78653,30.348266847594,-97.555239106321,arcgis
"6801 Northeast Dr, Austin, TX, 78723",6801 Northeast Dr,Austin,78723,30.317779979817,-97.680210013725,arcgis
"8700 E Us 290 Highway Service Rd, Austin, TX, 78754",8700 E Us 290 Highway Service Rd,Austin,78754,30.329134608772,-97.658980161724,arcgis
"12586 Research Blvd, Austin, TX, 78759",12586 Research Blvd,Austin,78759,30.430095209473,-97.762133998253,census
"13776 N US 183 Highway Service Rd, Austin, TX, 78750",13776 N US 183 Highway Service Rd,Austin,78750,30.462188311136,-97.79721392216,arcgis
"12018 Research Blvd, Austin, TX, 78759",12018 Research Blvd,Austin,78759,30.42474604211,-97.751253206038,census
"3404 S Us 183 Highway, Austin, TX, 78744",3404 S Us 183 Highway,Austin,78744,30.269143111767,-97.669965026857,census
"12233 N FM 620 Rd, Austin, TX, 78750",12233 N FM 620 Rd,Austin,78750,30.462288516789,-97.81475263546,arcgis
"4401 Jessie Heights Rd, Austin, TX, 78731",4401 Jessie Heights Rd,Austin,78731,30.317197018451,-97.754448194874,arcgis
"2621 Perseverance Dr, Austin, TX, 78731",2621 Perseverance Dr,Austin,78731,30.317854327298,-97.753068198335,arcgis
"2625 Perseverance Dr, Austin, TX, 78731",2625 Perseverance Dr,Austin,78731,30.31793806251,-97.753277662095,arcgis
"17111 Blake Manor Rd, Manor, TX, 78653",17111 Blake Manor Rd,Manor,78653,30.330641423506,-97.549006406939,arcgis
"12784 N Us 183 Highway Service Rd, Austin, TX, 78759",12784 N Us 183 Highway Service Rd,Austin,78759,30.43332795167,-97.7696316772,arcgis
"10900 RESEARCH BLVD, Austin, TX, 78759",10900 RESEARCH BLVD,Austin,78759,30.401994427853,-97.747219306299,arcgis
"9500 S Interstate 35, Austin, TX, 78748",9500 S Interstate 35,Austin,78748,30.164347984905,-97.792310005888,arcgis
"13265 N US 183 Highway Service Rd, Austin, TX, 78729",13265 N US 183 Highway Service Rd,Austin,78729,30.443721763065,-97.784852291357,arcgis
"13450 N US 183 Highway Service Rd, Austin, TX, 78750",13450 N US 183 Highway Service Rd,Austin,78750,30.447523710526,-97.790871922761,arcgis
"11949 Escarpment Blvd, Austin, TX, 78739",11949 Escarpment Blvd,Austin,78739,30.177436997265,-97.90386735364,arcgis
"10611 Research Blvd, Austin, TX, 78759",10611 Research Blvd,Austin,78759,30.397807836169,-97.745672719324,census
"13301 N Us 183 Highway Service Rd, Austin, TX, 78729",13301 N Us 183 Highway Service Rd,Austin,78729,30.4439403631,-97.78521304847,arcgis
"14028 N Us 183 Highway Service Rd, Austin, TX, 78717",14028 N Us 183 Highway Service Rd,Austin,78717,30.477955299652,-97.803465145549,arcgis
"13343 N Us 183 Highway, Austin, TX, 78750",13343 N Us 183 Highway,Austin,78750,30.445910822808,-97.786905857635,arcgis
"3154 E Sh 71 Service Rd, Austin, TX, 78617",3154 E Sh 71 Service Rd,Austin,78617,30.203967358624,-97.641398080617,census
"1300 E Anderson Ln, Austin, TX, 78753",1300 E Anderson Ln,Austin,78753,30.334408030543,-97.689391104866,census
"14300 Dessau Rd, Pflugerville, TX, 78660",14300 Dessau Rd,Pflugerville,78660,30.414980929538,-97.633351654575,arcgis
"9700 E Us 290 Highway Service Rd, Austin, TX, 78724",9700 E Us 290 Highway Service Rd,Austin,78724,30.332197192182,-97.618540140307,arcgis
"13435 N Us 183 Highway Service Rd, Austin, TX, 78729",13435 N Us 183 Highway Service Rd,Austin,78729,30.448283194773,-97.787957367389,arcgis
"9700 E US 290 Highway Service Rd, Austin, TX, 78754",9700 E US 290 Highway Service Rd,Austin,78754,30.334383566088,-97.615940932937,arcgis
"8618 Research Blvd, Austin, TX, 78757",8618 Research Blvd,Austin,78757,30.362409465184,-97.717827492262,arcgis
"13507 N Us 183 Highway Service Rd, Austin, TX, 78729",13507 N Us 183 Highway Service Rd,Austin,78729,30.450447905087,-97.790115875094,arcgis
"14605 N FM 973 Rd, Manor, TX, 78653",14605 N FM 973 Rd,Manor,78653,30.37391467503,-97.528145442497,arcgis
"3944 S FM 620 Rd Bldg 1, Bee Cave, TX, 78738",3944 S FM 620 Rd Bldg 1,Bee Cave,78738,30.308450502487,-97.94538451263,arcgis
"3620 S FM 620 Rd, Bee Cave, TX, 78738",3620 S FM 620 Rd,Bee Cave,78738,30.308450502487,-97.94538451263,arcgis
"5816 N Interstate 35, Austin, TX, 78751",5816 N Interstate 35,Austin,78751,30.320193004012,-97.707952772131,arcgis
"1211 W Riverside Dr, Austin, TX, 78704",1211 W Riverside Dr,Austin,78704,30.264089699026,-97.756681804432,arcgis
"8600 S I-35, Austin, TX, 78745",8600 S I-35,Austin,78745,30.171680557621,-97.783810336973,arcgis
"8557 RESEARCH BLVD, Austin, TX, 78758",8557 RESEARCH BLVD,Austin,78758,30.361271173231,-97.716654715967,census
"900 S FM 620 Rd, Lakeway, TX, 78734",900 S FM 620 Rd,Lakeway,78734,30.355524402277,-97.961555886064,arcgis
"9201 Circuit of the Americas Blvd, Del Valle, TX, 78617",9201 Circuit of the Americas Blvd,Del Valle,78617,30.13349558233,-97.641419655476,arcgis
"11817 Murchison St, Manor, TX, 78653",11817 Murchison St,Manor,78653,30.331329996852,-97.559039964135,arcgis
"201 N FM 620 Rd, Lakeway, TX, 78734",201 N FM 620 Rd,Lakeway,78734,30.374485737201,-97.947074394753,arcgis
"13530 N US 183 Highway Service Rd, Austin, TX, 78750",13530 N US 183 Highway Service Rd,Austin,78750,30.449858070561,-97.792308329508,arcgis
"11521 N FM 620 Rd Ste 950 #, Austin, TX, 78726",11521 N FM 620 Rd Ste 950 #,Austin,78726,30.454019014935,-97.825399999425,arcgis
"12116 Joyce Turner Dr, Manor, TX, 78653",12116 Joyce Turner Dr,Manor,78653,30.343523151401,-97.574860974017,arcgis
"11521 N FM 620 Rd, Austin, TX, 78726",11521 N FM 620 Rd,Austin,78726,30.454019014935,-97.825399999425,arcgis
"3201 Bee Caves Rd, Austin, TX, 78746",3201 Bee Caves Rd,Austin,78746,30.273490003438,-97.800275999028,arcgis
"12520 N I-35 Service Rd, Austin, TX, 78753",12520 N I-35 Service Rd,Austin,78753,30.406299666691,-97.676314524224,arcgis
"3801 S Lamar Blvd, Austin, TX, 78704",3801 S Lamar Blvd,Austin,78704,30.238890686884,-97.78881709806,census
"12801 Lexington St, Manor, TX, 78653",12801 Lexington St,Manor,78653,30.353505704717,-97.555967326069,arcgis
"11828 Ring Dr, Manor, TX, 78653",11828 Ring Dr,Manor,78653,30.347673911763,-97.541132447096,arcgis
"18218 Hidden Lake Dr, Pflugerville, TX, 78660",18218 Hidden Lake Dr,Pflugerville,78660,30.453394218555,-97.572125268137,arcgis
"2300 S I-35, Austin, TX, 78704",2300 S I-35,Austin,78704,30.233563478214,-97.742330309815,arcgis
"4301 Gattis School Rd, Pflugerville, TX, 78660",4301 Gattis School Rd,Pflugerville,78660,30.495350011855,-97.593380034712,arcgis
"6201 E Us 290 Highway Service Rd, Austin, TX, 78723",6201 E Us 290 Highway Service Rd,Austin,78723,30.321442997233,-97.702783652443,arcgis
"10400 Wildhorse Ranch Trl, Austin, TX, 78724",10400 Wildhorse Ranch Trl,Austin,78724,30.33228747097,-97.582316465643,arcgis
"12856 N Us 183 Highway, Austin, TX, 78750",12856 N Us 183 Highway,Austin,78750,30.433725086243,-97.772479596442,arcgis
"13466 N Us 183 Highway Service Rd, Austin, TX, 78750",13466 N Us 183 Highway Service Rd,Austin,78750,30.448051141784,-97.790939564719,arcgis
"7107 Us 290 Highway, Austin, TX, 78723",7107 Us 290 Highway,Austin,78723,30.321804504424,-97.683214063609,census
"6715 E Us 290 Highway Service Rd, Austin, TX, 78723",6715 E Us 290 Highway Service Rd,Austin,78723,30.320624462478,-97.691466658232,arcgis
"4718 S Us 183 Highway, Austin, TX, 78744",4718 S Us 183 Highway,Austin,78744,30.185148354915,-97.687158855403,census
"12221 N Mopac Expy, Austin, TX, 78758",12221 N Mopac Expy,Austin,78758,30.412591826845,-97.7075796572,census
"2021 Aldrich St, Austin, TX, 78723",2021 Aldrich St,Austin,78723,30.299713667622,-97.703809932668,arcgis
"2617 S I-35, Austin, TX, 78741",2617 S I-35,Austin,78741,30.22954699594,-97.742781004749,arcgis
"909 E Koenig Ln, Austin, TX, 78751",909 E Koenig Ln,Austin,78751,30.320707942699,-97.709777998223,census
"11011 Research Blvd, Austin, TX, 78759",11011 Research Blvd,Austin,78759,30.403364389551,-97.745090239943,census
"4411 S Lamar Blvd, Austin, TX, 78745",4411 S Lamar Blvd,Austin,78745,30.232363566864,-97.795730241479,arcgis
"1429 Muirfield Bend Dr, Hutto, TX, 78634",1429 Muirfield Bend Dr,Hutto,78634,30.49925115914,-97.583118154473,arcgis
"11032 E US 290 Highway, Manor, TX, 78653",11032 E US 290 Highway,Manor,78653,30.348940522628,-97.557223386135007,census
"12609 Lexington St, Manor, TX, 78653",12609 Lexington St,Manor,78653,30.349798221304,-97.555614699403,arcgis
"1901 National Park BLVD, Austin, TX, 78747",1901 National Park BLVD,Austin,78747,30.154624935312,-97.789031173004,arcgis
"11209 E Us 290 Highway, Manor, TX, 78653",11209 E Us 290 Highway,Manor,78653,30.348281390196,-97.556337387094,arcgis
"13343 N US 183 Highway Service Rd, Austin, TX, 78729",13343 N US 183 Highway Service Rd,Austin,78729,30.445910822808,-97.786905857635,arcgis
"13429 N US 183 Highway Service Rd, Austin, TX, 78729",13429 N US 183 Highway Service Rd,Austin,78729,30.447540055237,-97.788988928212,arcgis
"1825 Mc Bee St, Austin, TX, 78723",1825 Mc Bee St,Austin,78723,30.298117040795,-97.704793297548,arcgis
"6210 E Ben White Blvd Service Rd, Austin, TX, 78741",6210 E Ben White Blvd Service Rd,Austin,78741,30.213023311178,-97.71388776817,census
"10900 W US 290 Highway, Austin, TX, 78737",10900 W US 290 Highway,Austin,78737,30.222254865906,-97.956750205698,arcgis
"2000 E Cesar Chavez St, Austin, TX, 78702",2000 E Cesar Chavez St,Austin,78702,30.256928997234,-97.723405984102,arcgis
"11150 RESEARCH BLVD, Austin, TX, 78759",11150 RESEARCH BLVD,Austin,78759,30.406520037539,-97.745767383352,census
"713 W Saint Johns Ave, Austin, TX, 78752",713 W Saint Johns Ave,Austin,78752,30.338997133234,-97.717498334924,arcgis
"2320 S I-35, Austin, TX, 78704",2320 S I-35,Austin,78704,30.233238428008,-97.742605487696,arcgis
"901 E Koenig Ln, Austin, TX, 78751",901 E Koenig Ln,Austin,78751,30.320668609073,-97.709880802024,census
"2009 Main St, Lakeway, TX, 78734",2009 Main St,Lakeway,78734,30.346084577193,-97.966459634698,arcgis
"7206 Ed Bluestein Blvd, Austin, TX, 78723",7206 Ed Bluestein Blvd,Austin,78723,30.314339376201,-97.663578306168,arcgis
"1316 W Braker Ln, Austin, TX, 78758",1316 W Braker Ln,Austin,78758,30.386352581152,-97.694771726474,arcgis
"13205 Burnet Rd, Austin, TX, 78727",13205 Burnet Rd,Austin,78727,30.431822142765,-97.698519778298,arcgis
"4545 S Lamar Blvd, Austin, TX, 78745",4545 S Lamar Blvd,Austin,78745,30.231857736942,-97.800935112623,census
"10732 Research Blvd, Austin, TX, 78759",10732 Research Blvd,Austin,78759,30.398597435326,-97.746532179118,census
"8120 RESEARCH BLVD, Austin, TX, 78757",8120 RESEARCH BLVD,Austin,78757,30.35358767973,-97.715468573251,arcgis
"14005 N US 183 Highway Service Rd, Austin, TX, 78717",14005 N US 183 Highway Service Rd,Austin,78717,30.475775795279,-97.7973334481,arcgis
"1551 E Sh 71, Austin, TX, 78742",1551 E Sh 71,Austin,78742,30.222092424623,-97.674703103339,arcgis
"2475 E SH 71 Service Rd, Austin, TX, 78617",2475 E SH 71 Service Rd,Austin,78617,30.213468555253,-97.659082206931,arcgis
"2517 E Sh 71 Service Rd, Austin, TX, 78617",2517 E Sh 71 Service Rd,Austin,78617,30.212774705422,-97.657705685904,arcgis
"12832 N Us 183 Highway Service Rd, Austin, TX, 78750",12832 N Us 183 Highway Service Rd,Austin,78750,30.434445846097,-97.7711916332,arcgis
"13219 N US 183 Highway Service Rd, Austin, TX, 78729",13219 N US 183 Highway Service Rd,Austin,78729,30.443162690123,-97.784197161805,arcgis
"6148 W Us 290 Highway Service Rd, Austin, TX, 78735",6148 W Us 290 Highway Service Rd,Austin,78735,30.235535450326,-97.857494321857,census
"1604 Lohmans Crossing Rd, Lakeway, TX, 78734",1604 Lohmans Crossing Rd,Lakeway,78734,30.354696982705,-97.979033998204,arcgis
"7601 N LAMAR BLVD, Austin, TX, 78752",7601 N LAMAR BLVD,Austin,78752,30.343142615667,-97.715397253401,census
"10323 E Us 290 Highway Service Rd, Manor, TX, 78653",10323 E Us 290 Highway Service Rd,Manor,78653,30.345813113987,-97.571835057075,census
"10001 RESEARCH BLVD, Austin, TX, 78759",10001 RESEARCH BLVD,Austin,78759,30.391917884474,-97.745638997881,census
"11000 FM 2222 Rd, Austin, TX, 78726",11000 FM 2222 Rd,Austin,78726,30.399078015986,-97.849514460939,arcgis
"7535 E Us 290 Highway Service Rd, Austin, TX, 78723",7535 E Us 290 Highway Service Rd,Austin,78723,30.324045997264,-97.674662032013,arcgis
"1100 Grand Avenue Pkwy, Pflugerville, TX, 78660",1100 Grand Avenue Pkwy,Pflugerville,78660,30.458282847171,-97.650974857458,arcgis
"8756 Research Blvd, Austin, TX, 78757",8756 Research Blvd,Austin,78757,30.365609675816,-97.718846061136,arcgis
"11220 FM 2222 Rd, Austin, TX, 78726",11220 FM 2222 Rd,Austin,78726,30.399078015986,-97.849514460939,arcgis
"12608 Lexington St, Manor, TX, 78653",12608 Lexington St,Manor,78653,30.349661135278,-97.556419865022,arcgis
"8706 E Us 290 Highway Service Rd, Austin, TX, 78754",8706 E Us 290 Highway Service Rd,Austin,78754,30.329275634293,-97.658231909228,arcgis
"12400 N I-35 Service Rd, Austin, TX, 78753",12400 N I-35 Service Rd,Austin,78753,30.402938062513,-97.675586472114,arcgis
"2600 W Braker Ln, Austin, TX, 78758",2600 W Braker Ln,Austin,78758,30.39123428538,-97.720116170924,arcgis
"8800 E Us 290 Highway Service Rd, Austin, TX, 78754",8800 E Us 290 Highway Service Rd,Austin,78754,30.329340300676,-97.657798145738,arcgis
"12636 Research Blvd, Austin, TX, 78759",12636 Research Blvd,Austin,78759,30.430703123325,-97.763386565234,census
"13201 N FM 620 Rd, Austin, TX, 78729",13201 N FM 620 Rd,Austin,78729,30.469684715446,-97.791445544718,census
"1218 W FM 1626 Rd, Austin, TX, 78748",1218 W FM 1626 Rd,Austin,78748,30.141485044799,-97.836487497127,arcgis
"11521 N FM 620 Rd Ste 350 #, Austin, TX, 78726",11521 N FM 620 Rd Ste 350 #,Austin,78726,30.454019014935,-97.825399999425,arcgis
"13096 N US 183 Highway Service Rd, Austin, TX, 78750",13096 N US 183 Highway Service Rd,Austin,78750,30.439193314146,-97.780478027547,arcgis
"8500 E Us 290 Highway Service Rd, Austin, TX, 78754",8500 E Us 290 Highway Service Rd,Austin,78754,30.329072079774,-97.660639694734,arcgis
"10401 Research Blvd, Austin, TX, 78759",10401 Research Blvd,Austin,78759,30.394513919567,-97.745869479493,census
"13107 FM 969 Rd, Austin, TX, 78724",13107 FM 969 Rd,Austin,78724,30.251329131541,-97.596806472911,arcgis
"601 E Saint Johns Ave, Austin, TX, 78752",601 E Saint Johns Ave,Austin,78752,30.333315711624,-97.706911655938,arcgis
"1910 W Braker Ln, Austin, TX, 78758",1910 W Braker Ln,Austin,78758,30.392275485393,-97.70671845307,arcgis
"13087 N Us 183 Highway Service Rd, Austin, TX, 78729",13087 N Us 183 Highway Service Rd,Austin,78729,30.440645814147,-97.779474965194,arcgis
"3600 S FM 620 Rd, Bee Cave, TX, 78738",3600 S FM 620 Rd,Bee Cave,78738,30.308450502487,-97.94538451263,arcgis
"11518 N FM 620 Rd, Austin, TX, 78726",11518 N FM 620 Rd,Austin,78726,30.455102124463,-97.826928523289,arcgis
"7800 E Ben White Blvd Service Rd, Austin, TX, 78741",7800 E Ben White Blvd Service Rd,Austin,78741,30.220020669615,-97.690371059668,arcgis
"2501 S FM 620 Rd, Lakeway, TX, 78738",2501 S FM 620 Rd,Lakeway,78738,30.329696928622,-97.967102233871,arcgis
"13813 Burnet Rd, Austin, TX, 78727",13813 Burnet Rd,Austin,78727,30.439313007723,-97.697702961833,arcgis
"10601 FM 2222 Rd, Austin, TX, 78730",10601 FM 2222 Rd,Austin,78730,30.393108017926,-97.844080663214,arcgis
"2011 S FM 620 Rd, Lakeway, TX, 78734",2011 S FM 620 Rd,Lakeway,78734,30.344713774228,-97.967460711081,arcgis
"12801 N FM 620 Rd, Austin, TX, 78750",12801 N FM 620 Rd,Austin,78750,30.465950731215,-97.803865526298,census
"2102 S FM 620 Rd, Lakeway, TX, 78734",2102 S FM 620 Rd,Lakeway,78734,30.344297832099,-97.967963374743,arcgis
"13717 Burnet Rd, Austin, TX, 78727",13717 Burnet Rd,Austin,78727,30.437965532969,-97.698219957621,arcgis
"8540 Research Blvd, Austin, TX, 78757",8540 Research Blvd,Austin,78757,30.360634010453,-97.717517026569,arcgis
"7300 N FM 620 Rd, Austin, TX, 78726",7300 N FM 620 Rd,Austin,78726,30.40510679614,-97.854349165156,arcgis
"2300 Oracle Way, Austin, TX, 78741",2300 Oracle Way,Austin,78741,30.243245330752,-97.721551152748,arcgis
"2512 W Braker Ln, Austin, TX, 78758",2512 W Braker Ln,Austin,78758,30.391099127192,-97.719512925353,arcgis
"16921 Joe Barbee DR, Pflugerville, TX, 78660",16921 Joe Barbee DR,Pflugerville,78660,30.470229406129,-97.665246891633,arcgis
"8709 N Interstate 35, Austin, TX, 78753",8709 N Interstate 35,Austin,78753,30.350320204324,-97.692041405333,arcgis
"14200 N FM 620 Rd, Austin, TX, 78717",14200 N FM 620 Rd,Austin,78717,30.477488930559,-97.764472112881,arcgis
"7105 N I-35 Service Rd, Austin, TX, 78752",7105 N I-35 Service Rd,Austin,78752,30.33213180971,-97.703531066749,arcgis
"12421 N Mopac Expy, Austin, TX, 78758",12421 N Mopac Expy,Austin,78758,30.417256900268,-97.704749542832,census
"9500 s I-35, Austin, TX, 78748",9500 s I-35,Austin,78748,30.164347984905,-97.792310005888,arcgis
"5033 W US 290 Highway Service Rd, Austin, TX, 78749",5033 W US 290 Highway Service Rd,Austin,78749,30.228405717192,-97.882851492079,arcgis
"9041 RESEARCH BLVD, Austin, TX, 78758",9041 RESEARCH BLVD,Austin,78758,30.373515199439,-97.726168468617,census
"11805 Bee Cave Rd, Bee Cave, TX, 78738",11805 Bee Cave Rd,Bee Cave,78738,30.307737412074,-97.920926622078,arcgis
"19305 W Sh 71, Austin, TX, 78738",19305 W Sh 71,Austin,78738,30.339646898368,-98.039076420497,arcgis
"6266 W Us 290 Highway, Austin, TX, 78735",6266 W Us 290 Highway,Austin,78735,30.235513058513,-97.85856189671,census
"2641 E Pflugerville Pkwy, Pflugerville, TX, 78660",2641 E Pflugerville Pkwy,Pflugerville,78660,30.447787279472,-97.591584631052,arcgis
"9509 E Parmer Ln, Manor, TX, 78653",9509 E Parmer Ln,Manor,78653,30.34558874571,-97.582106626398,arcgis
"12001 Burnet Rd, Austin, TX, 78758",12001 Burnet Rd,Austin,78758,30.407373849492,-97.713660177641,arcgis
"1001 W Braker Ln, Austin, TX, 78758",1001 W Braker Ln,Austin,78758,30.383124919787,-97.690901969416,arcgis
"8545 Research Blvd, Austin, TX, 78758",8545 Research Blvd,Austin,78758,30.361002368913,-97.71658216643,census
"1500 W Anderson Ln, Austin, TX, 78757",1500 W Anderson Ln,Austin,78757,30.352283162229,-97.720293951091,arcgis
"2601 Perseverance Dr, Austin, TX, 78731",2601 Perseverance Dr,Austin,78731,30.317909899316,-97.752156666365,arcgis
"9300 FM 2244 Rd, Austin, TX, 78733",9300 FM 2244 Rd,Austin,78733,30.318396636433,-97.871102158851,arcgis
"13201 N FM 620 RD, Austin, TX, 78729",13201 N FM 620 RD,Austin,78729,30.469684715446,-97.791445544718,census
"8947 FM 2244 Rd, Austin, TX, 78746",8947 FM 2244 Rd,Austin,78746,30.317580700069,-97.86368425836,arcgis
"8523 Research Blvd, Austin, TX, 78758",8523 Research Blvd,Austin,78758,30.360445185773,-97.716399276985,census
"2613 Perseverance Dr, Austin, TX, 78731",2613 Perseverance Dr,Austin,78731,30.318092247619,-97.752826045152,arcgis
"6111 FM 2244 Rd, Austin, TX, 78746",6111 FM 2244 Rd,Austin,78746,30.295720738496,-97.830048435289,arcgis
"9029 Research Blvd, Austin, TX, 78758",9029 Research Blvd,Austin,78758,30.373196690912,-97.725479601444,census
"600 S Heatherwilde Blvd, Pflugerville, TX, 78660",600 S Heatherwilde Blvd,Pflugerville,78660,30.442238627208,-97.645255298189,arcgis
"12827 N FM 620 Rd, Austin, TX, 78750",12827 N FM 620 Rd,Austin,78750,30.46634143535,-97.802629591928,census
"8423 Research Blvd, Austin, TX, 78758",8423 Research Blvd,Austin,78758,30.358035837417,-97.715709690523,census
"12636 RESEARCH BLVD, Austin, TX, 78759",12636 RESEARCH BLVD,Austin,78759,30.430703123325,-97.763386565234,census
"8776 Research Blvd, Austin, TX, 78757",8776 Research Blvd,Austin,78757,30.365870688281,-97.719899666365,arcgis
"8764 Research Blvd, Austin, TX, 78757",8764 Research Blvd,Austin,78757,30.365482145159,-97.71975641964,arcgis
"21315 N Sh 130 Service Rd, Pflugerville, TX, 78660",21315 N Sh 130 Service Rd,Pflugerville,78660,30.498351990477,-97.580657982072,arcgis
"14620 N I-35 Service Rd, Austin, TX, 78728",14620 N I-35 Service Rd,Austin,78728,30.438044909592,-97.670084423232,arcgis
"1024 E Anderson Ln, Austin, TX, 78753",1024 E Anderson Ln,Austin,78753,30.336172184371,-97.693289458955,census
"2616 W Braker Ln, Austin, TX, 78758",2616 W Braker Ln,Austin,78758,30.391592025008,-97.72121596044,arcgis
"13497 N US 183 Highway Service Rd, Austin, TX, 78729",13497 N US 183 Highway Service Rd,Austin,78729,30.449779490218,-97.789904315858,arcgis
"9061 Research Blvd, Austin, TX, 78758",9061 Research Blvd,Austin,78758,30.373945672548,-97.727126758661,census
"1418 E Anderson Ln, Austin, TX, 78753",1418 E Anderson Ln,Austin,78753,30.333511109022,-97.687523638514,census
"8237 Research Blvd, Austin, TX, 78758",8237 Research Blvd,Austin,78758,30.354757855654,-97.714702150611,census
"8415 Research Blvd, Austin, TX, 78758",8415 Research Blvd,Austin,78758,30.357842738599,-97.715647014567,census
"13201 N FM 620 Rd, Austin, TX, 78717",13201 N FM 620 Rd,Austin,78717,30.469684715446,-97.791445544718,census
"13301 N US 183 Highway Service Rd, Austin, TX, 78750",13301 N US 183 Highway Service Rd,Austin,78750,30.4439403631,-97.78521304847,arcgis
"9500 E Us 290 Highway Service Rd, Austin, TX, 78754",9500 E Us 290 Highway Service Rd,Austin,78754,30.331569886921,-97.630745972335,arcgis
"10901 Research Blvd, Austin, TX, 78759",10901 Research Blvd,Austin,78759,30.401780159092,-97.745254832943,census
"3001 S FM 620 Rd, Lakeway, TX, 78738",3001 S FM 620 Rd,Lakeway,78738,30.329696928622,-97.967102233871,arcgis
"5764 Airport Blvd, Austin, TX, 78752",5764 Airport Blvd,Austin,78752,30.321558248401,-97.714300722682,arcgis
"9705 RESEARCH BLVD, Austin, TX, 78759",9705 RESEARCH BLVD,Austin,78759,30.390425121011,-97.744617322414,census
"12717 Shops Pkwy, Bee Cave, TX, 78738",12717 Shops Pkwy,Bee Cave,78738,30.304308459304,-97.941446443061,arcgis
"12518 Research Blvd, Austin, TX, 78759",12518 Research Blvd,Austin,78759,30.429276891252,-97.760425795805,census
"8648 Research Blvd, Austin, TX, 78758",8648 Research Blvd,Austin,78758,30.363176206663,-97.717877647806,census
"4477 S Lamar Blvd, Austin, TX, 78745",4477 S Lamar Blvd,Austin,78745,30.231030676621,-97.797308889123,arcgis
"12518 RESEARCH BLVD, Austin, TX, 78759",12518 RESEARCH BLVD,Austin,78759,30.429276891252,-97.760425795805,census
"13749 N Us 183 Highway Service Rd, Austin, TX, 78729",13749 N Us 183 Highway Service Rd,Austin,78729,30.460671689576,-97.792722898439,arcgis
"12823 Shops Pkwy, Bee Cave, TX, 78738",12823 Shops Pkwy,Bee Cave,78738,30.305378618792,-97.943470924135,arcgis
"14310 N I-35, Austin, TX, 78728",14310 N I-35,Austin,78728,30.43367768658,-97.670884978804,arcgis
"6920 FM 620 N, Austin, TX, 78732",6920 FM 620 N,Austin,78732,30.403126487696,-97.854970348,arcgis
"11680 Research Blvd, Austin, TX, 78759",11680 Research Blvd,Austin,78759,30.418306227202,-97.747248291356,census
"10225 RESEARCH BLVD, Austin, TX, 78759",10225 RESEARCH BLVD,Austin,78759,30.395262823507,-97.74579610895,census
"11825 Bee Cave Rd, Bee Cave, TX, 78738",11825 Bee Cave Rd,Bee Cave,78738,30.307602421524,-97.922762677969,arcgis
"11654 Research Blvd, Austin, TX, 78759",11654 Research Blvd,Austin,78759,30.417363938682,-97.747049172072,census
"11404 FM 2222 Rd, Austin, TX, 78726",11404 FM 2222 Rd,Austin,78726,30.399078015986,-97.849514460939,arcgis
"13764 N US 183 Highway Service Rd, Austin, TX, 78750",13764 N US 183 Highway Service Rd,Austin,78750,30.460711461706,-97.794799682589,arcgis
"13764 N Us 183 Highway Service Rd, Austin, TX, 78750",13764 N Us 183 Highway Service Rd,Austin,78750,30.460711461706,-97.794799682589,arcgis
"12833 N FM 620 Rd, Austin, TX, 78750",12833 N FM 620 Rd,Austin,78750,30.466366733438,-97.802549079751,census
"12401 RESEARCH BLVD, Austin, TX, 78727",12401 RESEARCH BLVD,Austin,78727,30.427696012095,-97.755262722216,census
"7101 S MOPAC EXPY, Austin, TX, 78749",7101 S MOPAC EXPY,Austin,78749,30.219180803125,-97.836514432466,census
"12301 RESEARCH BLVD, Austin, TX, 78727",12301 RESEARCH BLVD,Austin,78727,30.426822289994,-97.753514803719,census
"14028 N Us 183 Highway Service Rd 210, Austin, TX, 78717",14028 N Us 183 Highway Service Rd 210,Austin,78717,30.477955299652,-97.803465145549,arcgis
"1910 W Braker Ln Ste 900 #, Austin, TX, 78758",1910 W Braker Ln Ste 900 #,Austin,78758,30.392275485393,-97.70671845307,arcgis
"12501 N Mopac Expy, Austin, TX, 78758",12501 N Mopac Expy,Austin,78758,30.418210536058,-97.704338598922,census
"10710 RESEARCH BLVD, Austin, TX, 78759",10710 RESEARCH BLVD,Austin,78759,30.398389127189,-97.746551501828,census
"9601 FM 2244 Rd, Austin, TX, 78733",9601 FM 2244 Rd,Austin,78733,30.315944636388,-97.876781736443,arcgis
"16212 Impact WAY, Pflugerville, TX, 78660",16212 Impact WAY,Pflugerville,78660,30.423897095222,-97.5906749431,arcgis
"1200 Kramer Ln, Austin, TX, 78758",1200 Kramer Ln,Austin,78758,30.383031000562,-97.694402000725,arcgis
"13376 N Us 183 Highway Service Rd, Austin, TX, 78750",13376 N Us 183 Highway Service Rd,Austin,78750,30.444779140151,-97.789093282907,arcgis
"12407 N MOPAC EXPY, Austin, TX, 78758",12407 N MOPAC EXPY,Austin,78758,30.417087443043,-97.704818580967,census
"220 E Anderson Ln, Austin, TX, 78753",220 E Anderson Ln,Austin,78753,30.343441844395,-97.704121613968,census
"126 E Ralph Ablanedo Dr, Austin, TX, 78745",126 E Ralph Ablanedo Dr,Austin,78745,30.17331553971,-97.78607436302,census
"9920 W US 290 Highway, Austin, TX, 78736",9920 W US 290 Highway,Austin,78736,30.228691032509,-97.940490833277,arcgis
"13201 N FM 620 Rd Bldg U, Austin, TX, 78729",13201 N FM 620 Rd Bldg U,Austin,78729,30.469684715446,-97.791445544718,census
"9607 Research Blvd, Austin, TX, 78759",9607 Research Blvd,Austin,78759,30.387810144189,-97.743226579705,census
"9607 RESEARCH BLVD, Austin, TX, 78759",9607 RESEARCH BLVD,Austin,78759,30.387810144189,-97.743226579705,census
"701 E Parmer Ln, Austin, TX, 78753",701 E Parmer Ln,Austin,78753,30.402073175834,-97.662417077302,arcgis
"14028 N Us 183 Highway Service Rd 230, Austin, TX, 78717",14028 N Us 183 Highway Service Rd 230,Austin,78717,30.477955299652,-97.803465145549,arcgis
"15415 N I-35 Service Rd, Austin, TX, 78660",15415 N I-35 Service Rd,Austin,78660,30.450010709005,-97.666185048475,census
"12431 N I-35 Service Rd, Austin, TX, 78753",12431 N I-35 Service Rd,Austin,78753,30.403925037588,-97.674656228143,census
"5762 N Mopac Expy, Austin, TX, 78731",5762 N Mopac Expy,Austin,78731,30.338514251792,-97.755720903052,arcgis
"4907 FM 2222, Austin, TX, 78731",4907 FM 2222,Austin,78731,30.348275983868,-97.785708586586,arcgis
"5770 N MOPAC EXPY, Austin, TX, 78731",5770 N MOPAC EXPY,Austin,78731,30.339131159866,-97.755557791216,arcgis
"13309 N Us 183 Highway Service Rd, Austin, TX, 78729",13309 N Us 183 Highway Service Rd,Austin,78729,30.444715186229,-97.786506962863,arcgis
"5017 W Us 290 Highway, Austin, TX, 78749",5017 W Us 290 Highway,Austin,78749,30.228405717192,-97.882851492079,arcgis
"8557 Research Blvd, Austin, TX, 78758",8557 Research Blvd,Austin,78758,30.361271173231,-97.716654715967,census
"704 E Saint Johns Ave, Austin, TX, 78752",704 E Saint Johns Ave,Austin,78752,30.333676510646,-97.705057243679,arcgis
"2801 San Jacinto Blvd, Austin, TX, 78705",2801 San Jacinto Blvd,Austin,78705,30.290200207518,-97.733992830726,arcgis
"16231 N I-35 Service Rd, Austin, TX, 78660",16231 N I-35 Service Rd,Austin,78660,30.461884037501,-97.66747614831,census
"211 Walter Seaholm Dr, Austin, TX, 78701",211 Walter Seaholm Dr,Austin,78701,30.267521124458,-97.752716493678,arcgis
"614 E Saint Johns Ave, Austin, TX, 78752",614 E Saint Johns Ave,Austin,78752,30.333745451799,-97.705602318843,arcgis
"1400 E 38th Half St, Austin, TX, 78722",1400 E 38th Half St,Austin,78722,30.293526356245,-97.71606603531,arcgis
"10701 Research Blvd, Austin, TX, 78759",10701 Research Blvd,Austin,78759,30.398847474893,-97.74558355625,census
"7313 S I-35, Austin, TX, 78744",7313 S I-35,Austin,78744,30.182688469152,-97.774097387574,arcgis
"6505 N Interstate 35, Austin, TX, 78752",6505 N Interstate 35,Austin,78752,30.326386811364,-97.704863454078,arcgis
"11657 RESEARCH BLVD, Austin, TX, 78759",11657 RESEARCH BLVD,Austin,78759,30.417337636881,-97.746043752385,census
"13611-1/2 N I-35 Service Rd, Austin, TX, 78753",13611-1/2 N I-35 Service Rd,Austin,78753,30.258355015402,-97.737901889944,census
"9063 Research Blvd, Austin, TX, 78758",9063 Research Blvd,Austin,78758,30.373980133488,-97.727199325436,census
"12129 FM 620 N Ste 450 #, Austin, TX, 78750",12129 FM 620 N Ste 450 #,Austin,78750,30.460984334564,-97.816936037418,arcgis
"12233 FM 620 N, Austin, TX, 78750",12233 FM 620 N,Austin,78750,30.462288516789,-97.81475263546,arcgis
"10815 2222 Fm Rd, Austin, TX, 78730",10815 2222 Fm Rd,Austin,78730,30.394672039149,-97.847496372577,arcgis
"10815 FM 2222 Rd, Austin, TX, 78730",10815 FM 2222 Rd,Austin,78730,30.394672039149,-97.847496372577,arcgis
"6401 FM 2222 Rd, Austin, TX, 78730",6401 FM 2222 Rd,Austin,78730,30.390565100497,-97.827513949644,arcgis
"11416 N FM 620 Rd, Austin, TX, 78726",11416 N FM 620 Rd,Austin,78726,30.453871912534,-97.829019556674,arcgis
"1410 E Anderson Ln, Austin, TX, 78753",1410 E Anderson Ln,Austin,78753,30.333571030467,-97.687650879095,census
"7008 N FM 620 Rd, Austin, TX, 78732",7008 N FM 620 Rd,Austin,78732,30.403925576435,-97.854748059928,arcgis
"12532 Bee Cave Rd, Bee Cave, TX, 78738",12532 Bee Cave Rd,Bee Cave,78738,30.305535905205,-97.935465955145,arcgis
"3500 S FM 620 Rd, Bee Cave, TX, 78738",3500 S FM 620 Rd,Bee Cave,78738,30.308450502487,-97.94538451263,arcgis
"12101 Bee Cave Rd, Bee Cave, TX, 78738",12101 Bee Cave Rd,Bee Cave,78738,30.307567846173,-97.92663218357,arcgis
"825 E 53rd Half St, Austin, TX, 78751",825 E 53rd Half St,Austin,78751,30.314420596843,-97.713577112981,arcgis
"13429 N Us 183 Highway Service Rd, Austin, TX, 78729",13429 N Us 183 Highway Service Rd,Austin,78729,30.447540055237,-97.788988928212,arcgis
"6000 W Us 290 Highway Service Rd, Austin, TX, 78735",6000 W Us 290 Highway Service Rd,Austin,78735,30.235567459861,-97.856670075599,census
"6404 N I-35 Service Rd, Austin, TX, 78752",6404 N I-35 Service Rd,Austin,78752,30.323820101489,-97.707306145998,census
"1504 S FM 620 Rd, Lakeway, TX, 78734",1504 S FM 620 Rd,Lakeway,78734,30.348688138,-97.965029338282,arcgis
"5725 E Parmer Ln, Manor, TX, 78653",5725 E Parmer Ln,Manor,78653,30.368248718031,-97.614092304192,arcgis
"107 S FM 620 Rd, Lakeway, TX, 78734",107 S FM 620 Rd,Lakeway,78734,30.348418511479,-97.965871716907,arcgis
"7600 N Lamar Blvd, Austin, TX, 78757",7600 N Lamar Blvd,Austin,78757,30.336969983751,-97.719447556918,census
"11000 Middle Fiskville Rd, Austin, TX, 78753",11000 Middle Fiskville Rd,Austin,78753,30.374706010509,-97.678674029968,arcgis
"12005 W US 290 Highway, Austin, TX, 78737",12005 W US 290 Highway,Austin,78737,30.210748273046,-97.968322680317,arcgis
"15829 N I-35 Service Rd, Austin, TX, 78660",15829 N I-35 Service Rd,Austin,78660,30.454550135196,-97.6655407437,census
"8565 Research Blvd, Austin, TX, 78758",8565 Research Blvd,Austin,78758,30.361452844337,-97.716699434997,census
"12709 N Mopac Expy, Austin, TX, 78727",12709 N Mopac Expy,Austin,78727,30.423673149778,-97.702415933712,census
"13500 FM 2769, Austin, TX, 78726",13500 FM 2769,Austin,78726,30.445650858081,-97.868517431369,arcgis
"1901 E Martin Luther King Jr Blvd, Austin, TX, 78702",1901 E Martin Luther King Jr Blvd,Austin,78702,30.279564410578,-97.720863669049,arcgis
"11590 Research Blvd, Austin, TX, 78759",11590 Research Blvd,Austin,78759,30.414978427919,-97.746597172705,census
"11617 RESEARCH BLVD, Austin, TX, 78759",11617 RESEARCH BLVD,Austin,78759,30.415249729992,-97.745662351464,census
"13995 N Us 183 Highway Service Rd, Austin, TX, 78717",13995 N Us 183 Highway Service Rd,Austin,78717,30.471683504639,-97.797593279994,census
"6105 E Us 290 Highway, Austin, TX, 78723",6105 E Us 290 Highway,Austin,78723,30.234930415831,-97.856752133082,census
"8801 S I-35, Austin, TX, 78744",8801 S I-35,Austin,78744,30.168340746392,-97.782602504726,arcgis
"3944 FM 620 S Ste 130, Austin, TX, 78738",3944 FM 620 S Ste 130,Austin,78738,30.3110239144,-97.946629057613,arcgis
"3311 S FM 620 Rd, Lakeway, TX, 78738",3311 S FM 620 Rd,Lakeway,78738,30.329696928622,-97.967102233871,arcgis
"3636 FM 620 N, Austin, TX, 78734",3636 FM 620 N,Austin,78734,30.398055352456,-97.928220386583,arcgis
"14028 N Us 183 Highway Service Rd 170, Austin, TX, 78717",14028 N Us 183 Highway Service Rd 170,Austin,78717,30.477955299652,-97.803465145549,arcgis
"8600 E Us 290 Highway Service Rd, Austin, TX, 78754",8600 E Us 290 Highway Service Rd,Austin,78754,30.328990565766,-97.659862357033,arcgis
"14010 N Us 183 Highway Service Rd, Austin, TX, 78613",14010 N Us 183 Highway Service Rd,Austin,78613,30.473719127697,-97.801325497125,arcgis
"10095 E Us 290 Highway Service Rd, Manor, TX, 78653",10095 E Us 290 Highway Service Rd,Manor,78653,30.340932011763,-97.582885975755,arcgis
"4006 S LAMAR BLVD, Austin, TX, 78704",4006 S LAMAR BLVD,Austin,78704,30.236914115265,-97.791861007986,census
"4604 S Lamar Blvd, Austin, TX, 78735",4604 S Lamar Blvd,Austin,78735,30.232464269222,-97.803657860433,census
"2011 Main St, Lakeway, TX, 78734",2011 Main St,Lakeway,78734,30.34638083556,-97.966989622436,arcgis
"13642 N Us 183 Highway, Austin, TX, 78750",13642 N Us 183 Highway,Austin,78750,30.454298593315,-97.792463646174,arcgis
"1510 S FM 620 Rd #, Lakeway, TX, 78734",1510 S FM 620 Rd #,Lakeway,78734,30.348150506778,-97.965810037202,arcgis
"14020 N Us 183 Highway Service Rd, Austin, TX, 78613",14020 N Us 183 Highway Service Rd,Austin,78613,30.475310599653,-97.802005101834,arcgis
"1016 E Anderson Ln, Austin, TX, 78753",1016 E Anderson Ln,Austin,78753,30.336178508763,-97.693299736091,census
"9012 Research Blvd, Austin, TX, 78757",9012 Research Blvd,Austin,78757,30.370678422214,-97.725727268367,arcgis
"1 Tesla Rd, Austin, TX, 78725",1 Tesla Rd,Austin,78725,30.221264292589,-97.619932227591,arcgis
"2600 Guadalupe St, Austin, TX, 78705",2600 Guadalupe St,Austin,78705,30.290735475854,-97.741818426988,arcgis
"415 E Saint Elmo Rd, Austin, TX, 78745",415 E Saint Elmo Rd,Austin,78745,30.214856788616,-97.762381750048,arcgis
"12009 W US 290 Highway, Austin, TX, 78737",12009 W US 290 Highway,Austin,78737,30.210998808132,-97.967816916279,arcgis
"12921 Shops Pkwy, Bee Cave, TX, 78738",12921 Shops Pkwy,Bee Cave,78738,30.306539009468,-97.945400019151,arcgis
"12125 Joyce Turner Dr, Manor, TX, 78653",12125 Joyce Turner Dr,Manor,78653,30.344065984567,-97.572764886482,arcgis
"12918 Shops Pkwy Ste 300 #, Bee Cave, TX, 78738",12918 Shops Pkwy Ste 300 #,Bee Cave,78738,30.307157258646,-97.944733238753,arcgis
"4025 S FM 620 Rd, Bee Cave, TX, 78738",4025 S FM 620 Rd,Bee Cave,78738,30.308450502487,-97.94538451263,arcgis
"14718 N I-35, Austin, TX, 78728",14718 N I-35,Austin,78728,30.438771662507,-97.670256084609,arcgis
"12700 Hill Country Blvd, Bee Cave, TX, 78738",12700 Hill Country Blvd,Bee Cave,78738,30.308627193006,-97.938734729746,arcgis
"13620 N FM 973 Rd, Manor, TX, 78653",13620 N FM 973 Rd,Manor,78653,30.360324424859,-97.533124041526,arcgis
"12700 Shops Pkwy, Bee Cave, TX, 78738",12700 Shops Pkwy,Bee Cave,78738,30.305756097802,-97.939915907541,arcgis
"13770 N US 183 Highway Service Rd, Austin, TX, 78750",13770 N US 183 Highway Service Rd,Austin,78750,30.460664774506,-97.794457533301,arcgis
"13600 E Us 290 Highway, Manor, TX, 78653",13600 E Us 290 Highway,Manor,78653,30.350947031863,-97.495294639255,census
"6216 Ed Bluestein Blvd, Austin, TX, 78724",6216 Ed Bluestein Blvd,Austin,78724,30.300115532864,-97.661763187771,census
"13015 Shops Pkwy, Bee Cave, TX, 78738",13015 Shops Pkwy,Bee Cave,78738,30.307597853387,-97.945921038252,arcgis
"11724 Research Blvd, Austin, TX, 78759",11724 Research Blvd,Austin,78759,30.419842772111,-97.747532660265,census
"1415 FM 685 Rd, Pflugerville, TX, 78660",1415 FM 685 Rd,Pflugerville,78660,30.449851490767,-97.604840108009,arcgis
"19005 Pleasant Bay Dr, Pflugerville, TX, 78660",19005 Pleasant Bay Dr,Pflugerville,78660,30.454090009655,-97.56030001564,arcgis
"21030 N Sh 130 Highway, Hutto, TX, 78634",21030 N Sh 130 Highway,Hutto,78634,30.498416531132,-97.583314626284,arcgis
"600 W Martin Luther King Jr Blvd, Austin, TX, 78701",600 W Martin Luther King Jr Blvd,Austin,78701,30.282647693661,-97.744451098956,arcgis
"12455 Research Blvd, Austin, TX, 78727",12455 Research Blvd,Austin,78727,30.429342273765,-97.758627212808,census
"6116 W Us 290 Highway, Austin, TX, 78735",6116 W Us 290 Highway,Austin,78735,30.235542371306,-97.85731610645,census
"12815 Shops Pkwy, Austin, TX, 78738",12815 Shops Pkwy,Austin,78738,30.305264624909,-97.942456043299,arcgis
"11821 E Us 290 Highway, Manor, TX, 78653",11821 E Us 290 Highway,Manor,78653,30.348657947196,-97.544773462016,arcgis
"11923 E Us 290 Highway, Manor, TX, 78653",11923 E Us 290 Highway,Manor,78653,30.347811961709,-97.543743326116,arcgis
"404 S Lamar Blvd, Austin, TX, 78704",404 S Lamar Blvd,Austin,78704,30.262097540967,-97.758203663353,census
"12801 Shops Pkwy, Bee Cave, TX, 78738",12801 Shops Pkwy,Bee Cave,78738,30.304650985778,-97.942163011964,arcgis
"108 S FM 620 Rd, Lakeway, TX, 78734",108 S FM 620 Rd,Lakeway,78734,30.366797433406,-97.952219451755,arcgis
"6319 N Interstate 35, Austin, TX, 78752",6319 N Interstate 35,Austin,78752,30.325352233055,-97.704799081061,arcgis
"3936 S FM 620 Rd, Bee Cave, TX, 78738",3936 S FM 620 Rd,Bee Cave,78738,30.308450502487,-97.94538451263,arcgis
"3944 S FM 620 Rd Bldg 4, Austin, TX, 78738",3944 S FM 620 Rd Bldg 4,Austin,78738,30.323665565332,-97.968104493746,arcgis
"2711 W Braker Ln, Austin, TX, 78758",2711 W Braker Ln,Austin,78758,30.391028425838,-97.722566536499,arcgis
"9318 N Interstate 35, Austin, TX, 78753",9318 N Interstate 35,Austin,78753,30.35819734929,-97.689144451958,arcgis
"3944 S FM 620 Rd Bldg 3, Austin, TX, 78738",3944 S FM 620 Rd Bldg 3,Austin,78738,30.323665565332,-97.968104493746,arcgis
"11211 E US 290 Highway, Manor, TX, 78653",11211 E US 290 Highway,Manor,78653,30.348240528418,-97.555634396875,arcgis
"8410 E Us 290 Highway Service Rd, Austin, TX, 78754",8410 E Us 290 Highway Service Rd,Austin,78754,30.32953044415,-97.661342014401,arcgis
"1600 S FM 620 Rd, Lakeway, TX, 78734",1600 S FM 620 Rd,Lakeway,78734,30.347008187508,-97.966134167388,arcgis
"3944 S FM 620 Rd Bldg 2, Austin, TX, 78738",3944 S FM 620 Rd Bldg 2,Austin,78738,30.323665565332,-97.968104493746,arcgis
"5700 N Interstate 35, Austin, TX, 78751",5700 N Interstate 35,Austin,78751,30.317430747821,-97.708120577833,arcgis
"909 Gene Johnson St, Austin, TX, 78751",909 Gene Johnson St,Austin,78751,30.307926801177,-97.714965407604,arcgis
"5804 N Interstate 35, Austin, TX, 78751",5804 N Interstate 35,Austin,78751,30.319209429584,-97.70813725782,arcgis
"13775 N Us 183 Highway Service Rd, Austin, TX, 78729",13775 N Us 183 Highway Service Rd,Austin,78729,30.462017026945,-97.793309212566,arcgis
"9091 Research Blvd, Austin, TX, 78758",9091 Research Blvd,Austin,78758,30.374463647009,-97.728214154602,census
"12003 E Us 290 Highway, Manor, TX, 78653",12003 E Us 290 Highway,Manor,78653,30.34910947334,-97.538257137211,census
"4032 S LAMAR BLVD, Austin, TX, 78704",4032 S LAMAR BLVD,Austin,78704,30.236703631687,-97.792165383759,census
"9901 N Capital of Texas Highway, Austin, TX, 78759",9901 N Capital of Texas Highway,Austin,78759,30.390066686268,-97.739965355834,arcgis
"8601 Research Blvd, Austin, TX, 78758",8601 Research Blvd,Austin,78758,30.362268000524,-97.716920238075,census
"5496 E Sh 71, Austin, TX, 78612",5496 E Sh 71,Austin,78612,30.178141412408,-97.53394613859,arcgis
"14824 N I-35 Service Rd, Austin, TX, 78728",14824 N I-35 Service Rd,Austin,78728,30.44143337777,-97.66949592981,arcgis
"12129 FM 620 N Ste 100, Austin, TX, 78750",12129 FM 620 N Ste 100,Austin,78750,30.460984334564,-97.816936037418,arcgis
"12330 N I-35 Service Rd, Austin, TX, 78753",12330 N I-35 Service Rd,Austin,78753,30.401252000779,-97.675555961987,arcgis
"14009 N US 183 Highway Service Rd, Austin, TX, 78717",14009 N US 183 Highway Service Rd,Austin,78717,30.475739124453,-97.798948389384,arcgis
"1700 N FM 620 Rd, Austin, TX, 78734",1700 N FM 620 Rd,Austin,78734,30.38138630352,-97.945094834056,arcgis
"1700 N FM 620 RD, Austin, TX, 78734",1700 N FM 620 RD,Austin,78734,30.38138630352,-97.945094834056,arcgis
"10225 RESEARCH BLVD, Austin, TX, 78660",10225 RESEARCH BLVD,Austin,78660,30.395262823507,-97.74579610895,census
"13770 N Us 183 Highway Service Rd, Austin, TX, 78750",13770 N Us 183 Highway Service Rd,Austin,78750,30.460664774506,-97.794457533301,arcgis
"12164 N Mopac Expy, Austin, TX, 78759",12164 N Mopac Expy,Austin,78759,30.412522894522,-97.709755468047,arcgis
"11011 RESEARCH BLVD, Austin, TX, 78759",11011 RESEARCH BLVD,Austin,78759,30.403364389551,-97.745090239943,census
"12101 Archeleta Blvd, Austin, TX, 78739",12101 Archeleta Blvd,Austin,78739,30.170747945165,-97.889423825727,arcgis
"11901 N Mopac Expy, Austin, TX, 78759",11901 N Mopac Expy,Austin,78759,30.406903163719,-97.718665179666,arcgis
"1505 Hurst Creek Rd, Lakeway, TX, 78734",1505 Hurst Creek Rd,Lakeway,78734,30.392752248045,-97.966804466195,arcgis
"10721 RESEARCH BLVD, Austin, TX, 78759",10721 RESEARCH BLVD,Austin,78759,30.399078518956,-97.745559729821,census
"11600 Research Blvd, Austin, TX, 78759",11600 Research Blvd,Austin,78759,30.415443018395,-97.746683687355,census
"8630 Research Blvd, Austin, TX, 78757",8630 Research Blvd,Austin,78757,30.362632004713,-97.71791600516,arcgis
"14028 N Us 183 Highway Service Rd 165, Austin, TX, 78717",14028 N Us 183 Highway Service Rd 165,Austin,78717,30.477955299652,-97.803465145549,arcgis
"720 Bastrop Highway, Austin, TX, 78741",720 Bastrop Highway,Austin,78741,30.229248022292,-97.68316395693,census
"12700 Lexington St, Manor, TX, 78653",12700 Lexington St,Manor,78653,30.350723415776,-97.557385711725,arcgis
"2109 S FM 620 Rd, Lakeway, TX, 78734",2109 S FM 620 Rd,Lakeway,78734,30.344208702952,-97.967875084928,arcgis
"1703 S FM 620 Rd, Lakeway, TX, 78734",1703 S FM 620 Rd,Lakeway,78734,30.345863755953,-97.964382766729,arcgis
"6705 W US 290 Highway, Austin, TX, 78749",6705 W US 290 Highway,Austin,78749,30.233844747437,-97.865957327316,census
"9900 S Interstate 35, Austin, TX, 78748",9900 S Interstate 35,Austin,78748,30.153987994489,-97.792326015324,arcgis
"113 N FM 620 Rd, Lakeway, TX, 78734",113 N FM 620 Rd,Lakeway,78734,30.374438377807,-97.947086605241,arcgis
"2013 S FM 620 Rd, Lakeway, TX, 78734",2013 S FM 620 Rd,Lakeway,78734,30.344712752412,-97.967461470696,arcgis
"5245 W Us 290 Highway, Austin, TX, 78735",5245 W Us 290 Highway,Austin,78735,30.236061341105,-97.833272945749,census
"10819 FM 2222 Rd, Austin, TX, 78730",10819 FM 2222 Rd,Austin,78730,30.395111083237,-97.848256024461,arcgis
"11905 Bee Cave Rd, Bee Cave, TX, 78738",11905 Bee Cave Rd,Bee Cave,78738,30.308008189457,-97.923813265713,arcgis
"2000 S FM 620 Rd, Lakeway, TX, 78734",2000 S FM 620 Rd,Lakeway,78734,30.344819430311,-97.967545380888,arcgis
"2500 Us 183 S Highway, Austin, TX, 78701",2500 Us 183 S Highway,Austin,78701,30.261136798914,-97.674663643088,arcgis
"11301 E Us 290 Highway, Manor, TX, 78653",11301 E Us 290 Highway,Manor,78653,30.348187722428,-97.553959608802,arcgis
"10400 E Us 290 Highway, Manor, TX, 78653",10400 E Us 290 Highway,Manor,78653,30.347592481574,-97.567509122923,arcgis
"1300 Colorado St, Austin, TX, 78701",1300 Colorado St,Austin,78701,30.275724870281,-97.742095029793,arcgis
"2777 E Sh 71 Service Rd, Austin, TX, 78617",2777 E Sh 71 Service Rd,Austin,78617,30.209841283327,-97.652147282861,census
"14320 Tandem Blvd, Austin, TX, 78728",14320 Tandem Blvd,Austin,78728,30.444404510988,-97.694871974036,arcgis
"903 S FM 620 Rd, Lakeway, TX, 78734",903 S FM 620 Rd,Lakeway,78734,30.348418511479,-97.965871716907,arcgis
"1501 N FM 620 Rd, Lakeway, TX, 78734",1501 N FM 620 Rd,Lakeway,78734,30.378901907419,-97.945390128505,arcgis
"1602 N FM 620 Rd, Lakeway, TX, 78734",1602 N FM 620 Rd,Lakeway,78734,30.380667094319,-97.94617056751,arcgis
"12750 Lapoynor St, Manor, TX, 78653",12750 Lapoynor St,Manor,78653,30.335802831843,-97.559866335969,arcgis
"11016 E Us 290 Highway, Manor, TX, 78653",11016 E Us 290 Highway,Manor,78653,30.348916720963,-97.55751793186,census
"4961 W Us 290 Highway, Sunset Valley, TX, 78749",4961 W Us 290 Highway,Sunset Valley,78749,30.228405717192,-97.882851492079,arcgis
"3800 Dry Creek Dr, Austin, TX, 78731",3800 Dry Creek Dr,Austin,78731,30.342774186443,-97.763650267275,arcgis
"1800 Clubhouse Hill Dr, Spicewood, TX, 78669",1800 Clubhouse Hill Dr,Spicewood,78669,30.459907427644,-98.098718271637,arcgis
"1520 E Rundberg Ln, Austin, TX, 78753",1520 E Rundberg Ln,Austin,78753,30.350505737751,-97.674942239036,arcgis
"12336 N Mopac Expy, Austin, TX, 78759",12336 N Mopac Expy,Austin,78759,30.417379620679,-97.706359037061,arcgis
"15501 E Us 290 Highway, Manor, TX, 78621",15501 E Us 290 Highway,Manor,78621,30.351114462594,-97.475002140454,census
"4321 Emma Browning Ave, Austin, TX, 78719",4321 Emma Browning Ave,Austin,78719,30.186332166282,-97.663256692543,arcgis
"11521 N FM 620 Rd #, Austin, TX, 78726",11521 N FM 620 Rd #,Austin,78726,30.454019014935,-97.825399999425,arcgis
"2200 University Club Dr, Austin, TX, 78732",2200 University Club Dr,Austin,78732,30.356367035004,-97.893266090142,arcgis
"1806 W Braker Ln, Austin, TX, 78758",1806 W Braker Ln,Austin,78758,30.391283990066,-97.704953140442,arcgis
"5204 FM 2222, Austin, TX, 78731",5204 FM 2222,Austin,78731,30.357097266408,-97.785673214954,arcgis
"127 E Ralph Ablandedo Dr, Austin, TX, 78745",127 E Ralph Ablandedo Dr,Austin,78745,30.173174606691,-97.786031582432,census
"12000 N Mopac Expy, Austin, TX, 78759",12000 N Mopac Expy,Austin,78759,30.40966726393,-97.715560019815,arcgis
"9600 S Interstate 35, Austin, TX, 78748",9600 S Interstate 35,Austin,78748,30.160036124364,-97.7905153566,arcgis
"6513 N Interstate 35, Austin, TX, 78752",6513 N Interstate 35,Austin,78752,30.326954769123,-97.704907459069,arcgis
"9120 N Interstate 35, Austin, TX, 78753",9120 N Interstate 35,Austin,78753,30.356860184277,-97.689947019187,arcgis
"6619 N Interstate 35, Austin, TX, 78752",6619 N Interstate 35,Austin,78752,30.327872419883,-97.704882564817,arcgis
"22508 W Sh 71, Spicewood, TX, 78669",22508 W Sh 71,Spicewood,78669,30.371927786792,-98.076558866574,arcgis
"13376 N US 183 Highway Service Rd, Austin, TX, 78750",13376 N US 183 Highway Service Rd,Austin,78750,30.444779140151,-97.789093282907,arcgis
"700 Performance Dr, Austin, TX, 78753",700 Performance Dr,Austin,78753,30.408013556343,-97.652124519298,arcgis
"3940 S Lamar Blvd, Austin, TX, 78704",3940 S Lamar Blvd,Austin,78704,30.23745401042,-97.791094643747,census
"2103 S FM 620 Rd, Lakeway, TX, 78734",2103 S FM 620 Rd,Lakeway,78734,30.344218236611,-97.967866690861,arcgis
"15505 N I-35 Service Rd, Austin, TX, 78660",15505 N I-35 Service Rd,Austin,78660,30.451086776081,-97.665969505122,census
"1516 S FM 620 Rd, Lakeway, TX, 78734",1516 S FM 620 Rd,Lakeway,78734,30.347482511004,-97.966249165109,arcgis
"13701 N I-35 Service Rd, Austin, TX, 78660",13701 N I-35 Service Rd,Austin,78660,30.424363313496,-97.671107662549,census
"200 W Anderson Ln, Austin, TX, 78753",200 W Anderson Ln,Austin,78753,30.344714124351,-97.706086985924,census
"3106 Adelphi Ln, Austin, TX, 78727",3106 Adelphi Ln,Austin,78727,30.420754761631,-97.707001845216,arcgis
"2303 S FM 620 Rd, Lakeway, TX, 78734",2303 S FM 620 Rd,Lakeway,78734,30.340647697607,-97.966993142835,arcgis
"12825 Burnet Rd, Austin, TX, 78727",12825 Burnet Rd,Austin,78727,30.424383287516,-97.698789591761,arcgis
"7510 N Mopac Expy, Austin, TX, 78731",7510 N Mopac Expy,Austin,78731,30.357181714083,-97.747064744005,arcgis
"15635 Vision Dr, Pflugerville, TX, 78660",15635 Vision Dr,Pflugerville,78660,30.450729243667,-97.661456427379,arcgis
"221 E Parmer Ln, Austin, TX, 78753",221 E Parmer Ln,Austin,78753,30.404731747883,-97.664754287184,arcgis
"12809 N FM 620 RD, Austin, TX, 78750",12809 N FM 620 RD,Austin,78750,30.466265541083,-97.802871128461,census
"14022 N Us 183 Highway Service Rd, Austin, TX, 78717",14022 N Us 183 Highway Service Rd,Austin,78717,30.474882410129,-97.802612538358,arcgis
"1405 S FM 620 Rd, Lakeway, TX, 78734",1405 S FM 620 Rd,Lakeway,78734,30.348418511479,-97.965871716907,arcgis
"4970 W Us 290 Highway, Austin, TX, 78735",4970 W Us 290 Highway,Austin,78735,30.228405717192,-97.882851492079,arcgis
"2004 E William Cannon Dr, Austin, TX, 78744",2004 E William Cannon Dr,Austin,78744,30.188542893244,-97.763428565936,arcgis
"1201 S Lamar Blvd, Austin, TX, 78704",1201 S Lamar Blvd,Austin,78704,30.254656369916,-97.76196433127,arcgis
"5001 Shaw Dr, Marble Falls, TX, 78654",5001 Shaw Dr,Marble Falls,78654,30.497241597854,-98.109797890349,arcgis
"1950 S I-35 Service Rd, Austin, TX, 78704",1950 S I-35 Service Rd,Austin,78704,30.494102512414,-97.678811980622,census
"8000 E Ben White Blvd, Austin, TX, 78741",8000 E Ben White Blvd,Austin,78741,30.221155956491,-97.687686000805,arcgis
"6900 FM 620 N, Austin, TX, 78732",6900 FM 620 N,Austin,78732,30.402588411422,-97.85521878761,arcgis
"13701 N Us 183 Highway Service Rd, Austin, TX, 78729",13701 N Us 183 Highway Service Rd,Austin,78729,30.457600853619,-97.792479320333,arcgis
"13492 N Us 183 Highway Service Rd, Austin, TX, 78750",13492 N Us 183 Highway Service Rd,Austin,78750,30.448986855545,-97.792009263203,arcgis
"1113 N FM 620 Rd, Lakeway, TX, 78734",1113 N FM 620 Rd,Lakeway,78734,30.375385238033,-97.946297888619,arcgis
"11617 Research Blvd, Austin, TX, 78759",11617 Research Blvd,Austin,78759,30.415249729992,-97.745662351464,census
"3109 N I-35, Austin, TX, 78722",3109 N I-35,Austin,78722,30.289250286431,-97.72257508604,arcgis
"12301 Research Blvd, Austin, TX, 78727",12301 Research Blvd,Austin,78727,30.426822289994,-97.753514803719,census
"1101 S MOPAC EXPY, Austin, TX, 78746",1101 S MOPAC EXPY,Austin,78746,30.264707355223,-97.783961024579,census
"2608 W Braker Ln, Austin, TX, 78758",2608 W Braker Ln,Austin,78758,30.391426356692,-97.720631155055,arcgis
"1420 E Anderson Ln, Austin, TX, 78753",1420 E Anderson Ln,Austin,78753,30.333496128661,-97.687491828369,census
"9532 Spirit of Austin, Austin, TX, 78719",9532 Spirit of Austin,Austin,78719,30.210702801221,-97.665507401184,arcgis
"1502 S FM 620 Rd, Lakeway, TX, 78734",1502 S FM 620 Rd,Lakeway,78734,30.349040790624,-97.965210060573,arcgis
"5030 W Us 290 Highway, Austin, TX, 78735",5030 W Us 290 Highway,Austin,78735,30.228405717192,-97.882851492079,arcgis
"9025 RESEARCH BLVD, Austin, TX, 78758",9025 RESEARCH BLVD,Austin,78758,30.373088281817,-97.725250249483,census
"3401 S I-35, Austin, TX, 78741",3401 S I-35,Austin,78741,30.223075621865,-97.74582464143,arcgis
"6731 Legado Ln, Austin, TX, 78749",6731 Legado Ln,Austin,78749,30.22095256961,-97.832429985438,arcgis
"12532 FM 2244 Rd, Bee Cave, TX, 78738",12532 FM 2244 Rd,Bee Cave,78738,30.305535905205,-97.935465955145,arcgis
"12536 N Lamar Blvd, Austin, TX, 78753",12536 N Lamar Blvd,Austin,78753,30.408992490619,-97.678119060287,arcgis
"9400 N I-35 Service Rd, Austin, TX, 78753",9400 N I-35 Service Rd,Austin,78753,30.358949373643,-97.688716974896,arcgis
"5740 N Interstate 35, Austin, TX, 78751",5740 N Interstate 35,Austin,78751,30.318270279243,-97.707940953648,arcgis
"10025 Anderson Mill Rd, Austin, TX, 78750",10025 Anderson Mill Rd,Austin,78750,30.446372498035,-97.800294523034,arcgis
"6422 S Us 183 Highway, Austin, TX, 78744",6422 S Us 183 Highway,Austin,78744,30.301928267035,-97.661302998954,census
"1501 Lohmans Crossing Rd, Lakeway, TX, 78734",1501 Lohmans Crossing Rd,Lakeway,78734,30.355590996498,-97.97792800608,arcgis
"6112 S Us 183 Highway, Austin, TX, 78744",6112 S Us 183 Highway,Austin,78744,30.167574732293,-97.69213749913,census
"2723 S I-35, Austin, TX, 78741",2723 S I-35,Austin,78741,30.228178901704,-97.743273860655,arcgis
"6448 E Us 290 Highway Service Rd 110, Austin, TX, 78752",6448 E Us 290 Highway Service Rd 110,Austin,78752,30.322236092911,-97.69573815991,arcgis
"4715 S LAMAR BLVD, Sunset Valley, TX, 78745",4715 S LAMAR BLVD,Sunset Valley,78745,30.232989886528,-97.812602435174,census
"1402 E 38th Half St, Austin, TX, 78722",1402 E 38th Half St,Austin,78722,30.293291956323,-97.716035106087,arcgis
"13492 N US 183 Highway Service Rd, Austin, TX, 78750",13492 N US 183 Highway Service Rd,Austin,78750,30.448986855545,-97.792009263203,arcgis
"18500 N Sh 130 Service Rd, Pflugerville, TX, 78660",18500 N Sh 130 Service Rd,Pflugerville,78660,30.4601675181,-97.595547343416,arcgis
"5445 W Us 290 Highway, Austin, TX, 78749",5445 W Us 290 Highway,Austin,78749,30.236094498375,-97.839440635374,census
"13776 N Us 183 Highway Service Rd, Austin, TX, 78750",13776 N Us 183 Highway Service Rd,Austin,78750,30.462188311136,-97.79721392216,arcgis
"5030 W US 290 Highway, Austin, TX, 78735",5030 W US 290 Highway,Austin,78735,30.228405717192,-97.882851492079,arcgis
"3100 S FM 620 Rd, Lakeway, TX, 78738",3100 S FM 620 Rd,Lakeway,78738,30.333838006237,-97.969531938167,arcgis
"9515 Hotel Dr, Austin, TX, 78719",9515 Hotel Dr,Austin,78719,30.211437516944,-97.663882988349,arcgis
"2401 S FM 620 Rd, Lakeway, TX, 78738",2401 S FM 620 Rd,Lakeway,78738,30.329696928622,-97.967102233871,arcgis
"3944 S FM 620 Rd #, Bee Cave, TX, 78738",3944 S FM 620 Rd #,Bee Cave,78738,30.308450502487,-97.94538451263,arcgis
"1924 E 38th Half St, Austin, TX, 78723",1924 E 38th Half St,Austin,78723,30.289572989703,-97.705930973266,arcgis
"15201 Falcon Head Blvd, Austin, TX, 78738",15201 Falcon Head Blvd,Austin,78738,30.319343566455,-97.971456064554,census
"10100 Golf Course Rd, Austin, TX, 78617",10100 Golf Course Rd,Austin,78617,30.206476171935,-97.652631280076,arcgis
"13401 Escarpment Blvd, Austin, TX, 78739",13401 Escarpment Blvd,Austin,78739,30.168094947081,-97.913121729117,arcgis
"5300 E Sh 71, Austin, TX, 78617",5300 E Sh 71,Austin,78617,30.184898992593,-97.547079806669,census
"5812 N Interstate 35, Austin, TX, 78751",5812 N Interstate 35,Austin,78751,30.319838449508,-97.70796324951,arcgis
"6711 N Interstate 35, Austin, TX, 78752",6711 N Interstate 35,Austin,78752,30.32847428244,-97.704725739409,arcgis
"6607 N Interstate 35, Austin, TX, 78752",6607 N Interstate 35,Austin,78752,30.327636930313,-97.704133557949,arcgis
"9401 S Us 183 Highway, Austin, TX, 78719",9401 S Us 183 Highway,Austin,78719,30.115342628664,-97.694996896948,census
"2011 Main St, Austin, TX, 78734",2011 Main St,Austin,78734,30.34638083556,-97.966989622436,arcgis
"12918 Shops Pkwy, Bee Cave, TX, 78738",12918 Shops Pkwy,Bee Cave,78738,30.307157258646,-97.944733238753,arcgis
"4892 W Us 290 Highway, Sunset Valley, TX, 78735",4892 W Us 290 Highway,Sunset Valley,78735,30.228405717192,-97.882851492079,arcgis
"4894 W Us 290 Highway, Sunset Valley, TX, 78735",4894 W Us 290 Highway,Sunset Valley,78735,30.228405717192,-97.882851492079,arcgis
"3909 S LAMAR BLVD, Austin, TX, 78704",3909 S LAMAR BLVD,Austin,78704,30.237910401767,-97.790087424397,census
"12100 Samsung Blvd, Austin, TX, 78754",12100 Samsung Blvd,Austin,78754,30.374441938649,-97.635402790101,arcgis
"2300 SCARBROUGH DR, Austin, TX, 78728",2300 SCARBROUGH DR,Austin,78728,30.461957515432,-97.670411904189,arcgis
"3501 Ed Bluestein Blvd, Austin, TX, 78721",3501 Ed Bluestein Blvd,Austin,78721,30.275708609389,-97.667215046318,arcgis
"1407 W Stassney Ln, Austin, TX, 78745",1407 W Stassney Ln,Austin,78745,30.211600000137,-97.79237999478,arcgis
"3100 S Us 183 Highway, Austin, TX, 78744",3100 S Us 183 Highway,Austin,78744,30.265874804503,-97.671371918882,census
"500 E 7th St, Austin, TX, 78701",500 E 7th St,Austin,78701,30.270325892098,-97.747043829002,census
"2301 S FM 620 Rd, Lakeway, TX, 78734",2301 S FM 620 Rd,Lakeway,78734,30.341459526839,-97.96634002494,arcgis
"1800 S FM 620 Rd, Lakeway, TX, 78734",1800 S FM 620 Rd,Lakeway,78734,30.345645143904,-97.967147150933,arcgis
"4809 W Us 290 Highway, Sunset Valley, TX, 78745",4809 W Us 290 Highway,Sunset Valley,78745,30.232703986584,-97.815949648158,arcgis
"7509 N Interstate 35, Austin, TX, 78752",7509 N Interstate 35,Austin,78752,30.335921980597,-97.701208022284,arcgis
"3100 S FM 620 Rd, Austin, TX, 78738",3100 S FM 620 Rd,Austin,78738,30.333838006237,-97.969531938167,arcgis
"5300 S MOPAC EXPY, Austin, TX, 78749",5300 S MOPAC EXPY,Austin,78749,30.23381652787,-97.828849152582,arcgis
"14106 N I-35, Austin, TX, 78728",14106 N I-35,Austin,78728,30.431060102038,-97.67135537121,arcgis
"11655 Research Blvd, Austin, TX, 78759",11655 Research Blvd,Austin,78759,30.417255795886,-97.746028468831,census
"3815 S Lamar Blvd, Austin, TX, 78704",3815 S Lamar Blvd,Austin,78704,30.238842420734,-97.788890646482,census
"11643 RESEARCH BLVD, Austin, TX, 78759",11643 RESEARCH BLVD,Austin,78759,30.416703231001,-97.745926242642,census
"2406 S Us 183 Highway, Austin, TX, 78744",2406 S Us 183 Highway,Austin,78744,30.213392425273,-97.683521031332,census
"2620 Perseverance Dr, Austin, TX, 78731",2620 Perseverance Dr,Austin,78731,30.318598179295,-97.752690928873,arcgis
"8538 Research Blvd, Austin, TX, 78757",8538 Research Blvd,Austin,78757,30.360309125226,-97.716923882232,census
"11300 N I-35 Service Rd, Austin, TX, 78753",11300 N I-35 Service Rd,Austin,78753,30.377748515633,-97.676483419573,arcgis
"13120 N Us 183 Highway Service Rd, Austin, TX, 78750",13120 N Us 183 Highway Service Rd,Austin,78750,30.439941482823,-97.781312026913,arcgis
"4006 S Lamar Blvd, Austin, TX, 78704",4006 S Lamar Blvd,Austin,78704,30.236914115265,-97.791861007986,census
"6401 W Us 290 Highway, Austin, TX, 78749",6401 W Us 290 Highway,Austin,78749,30.234825403867,-97.862019608605,census
"12013 W US 290 Highway, Austin, TX, 78737",12013 W US 290 Highway,Austin,78737,30.210778112621,-97.968713947557,arcgis
"11402 FM 2244 Rd, Austin, TX, 78738",11402 FM 2244 Rd,Austin,78738,30.310918428149,-97.911341329064,arcgis
"3131 E Sh 71 Service Rd, Austin, TX, 78617",3131 E Sh 71 Service Rd,Austin,78617,30.204498010833,-97.641654950338,census
"4001 S LAMAR BLVD, Austin, TX, 78704",4001 S LAMAR BLVD,Austin,78704,30.237455618684,-97.790683695569,census
"15601 Vision Dr, Pflugerville, TX, 78660",15601 Vision Dr,Pflugerville,78660,30.44926861322,-97.661353665246,arcgis
"601 S FM 620 Rd, Lakeway, TX, 78734",601 S FM 620 Rd,Lakeway,78734,30.348418511479,-97.965871716907,arcgis
"3101 N I-35, Austin, TX, 78722",3101 N I-35,Austin,78722,30.288634007,-97.723039024381,arcgis
"13450 N Us 183 Highway, Austin, TX, 78750",13450 N Us 183 Highway,Austin,78750,30.447523710526,-97.790871922761,arcgis
"2901 S 1st St, Austin, TX, 78704",2901 S 1st St,Austin,78704,30.236369907035,-97.762911653967,arcgis
"4236 S Lamar Blvd, Austin, TX, 78704",4236 S Lamar Blvd,Austin,78704,30.237684129934,-97.790770082108,census
"13296 N Us 183 Highway Service Rd, Austin, TX, 78750",13296 N Us 183 Highway Service Rd,Austin,78750,30.443236073685,-97.786485002277,arcgis
"8414 FM 2244 Rd, Austin, TX, 78733",8414 FM 2244 Rd,Austin,78733,30.314846005734,-97.855986863302,arcgis
"11689 RESEARCH BLVD, Austin, TX, 78759",11689 RESEARCH BLVD,Austin,78759,30.418647092788,-97.746288289253,census
"25711 Hamilton Pool Rd, Dripping Springs, TX, 78620",25711 Hamilton Pool Rd,Dripping Springs,78620,30.349218601032,-98.15361859265,arcgis
"5244 E Sh 71, Austin, TX, 78617",5244 E Sh 71,Austin,78617,30.185721312196,-97.551510335946,census
"2000 S Interstate 35, Austin, TX, 78704",2000 S Interstate 35,Austin,78704,30.491205021441,-97.678153767678,census
"424 S Lamar Blvd, Austin, TX, 78704",424 S Lamar Blvd,Austin,78704,30.261863419017,-97.758287278343,census
"13813 Center Lake Dr, Austin, TX, 78753",13813 Center Lake Dr,Austin,78753,30.409092349191,-97.658920063478,arcgis
"10800 Research Blvd, Austin, TX, 78759",10800 Research Blvd,Austin,78759,30.399241296843,-97.746472454379,census
"2240 W Braker Ln, Austin, TX, 78758",2240 W Braker Ln,Austin,78758,30.3914845271,-97.713967206755,arcgis
"501 W Wells Branch Pkwy, Austin, TX, 78660",501 W Wells Branch Pkwy,Austin,78660,30.432956717179,-97.653831661518,arcgis
"3620 S FM 620 Rd, Austin, TX, 78738",3620 S FM 620 Rd,Austin,78738,30.323665565332,-97.968104493746,arcgis
"12129 FM 620 N Ste 448 #, Austin, TX, 78750",12129 FM 620 N Ste 448 #,Austin,78750,30.460984334564,-97.816936037418,arcgis
"4211 S LAMAR BLVD, Austin, TX, 78704",4211 S LAMAR BLVD,Austin,78704,30.236439097954,-97.79206964834,census
"717 E Parmer Ln, Austin, TX, 78753",717 E Parmer Ln,Austin,78753,30.401884247736,-97.660220683394,arcgis
"4424 S Mopac Expy, Austin, TX, 78735",4424 S Mopac Expy,Austin,78735,30.240504464896,-97.81743968922,census
"2406 S US 183 Highway, Austin, TX, 78744",2406 S US 183 Highway,Austin,78744,30.213392425273,-97.683521031332,census
"4610 FM 620 N, Austin, TX, 78732",4610 FM 620 N,Austin,78732,30.3897211004,-97.890856376798,arcgis
"2463 E SH 71 Service Rd, Austin, TX, 78617",2463 E SH 71 Service Rd,Austin,78617,30.213601639893,-97.659363099966,arcgis
"3421 N I-35, Austin, TX, 78722",3421 N I-35,Austin,78722,30.292524299721,-97.720623108428,arcgis
"9100 E Us 290 Highway Service Rd, Austin, TX, 78754",9100 E Us 290 Highway Service Rd,Austin,78754,30.329727251236,-97.655417769056,arcgis
"745 Bastrop Highway, Austin, TX, 78742",745 Bastrop Highway,Austin,78742,30.235162284889,-97.685249279786,census
"8214 N Interstate 35, Austin, TX, 78753",8214 N Interstate 35,Austin,78753,30.345473913637,-97.69758377117,arcgis
"7237 E Us 290 Highway Service Rd, Austin, TX, 78723",7237 E Us 290 Highway Service Rd,Austin,78723,30.322736324893,-97.679860823639,arcgis
"8801 Research Blvd, Austin, TX, 78758",8801 Research Blvd,Austin,78758,30.367647945121,-97.716929455156,arcgis
"10900 Research Blvd, Austin, TX, 78759",10900 Research Blvd,Austin,78759,30.401994427853,-97.747219306299,arcgis
"5300 Crainway Dr, Austin, TX, 78724",5300 Crainway Dr,Austin,78724,30.318019283152,-97.655698478993,arcgis
"2701 E Sh 71 Service Rd, Austin, TX, 78617",2701 E Sh 71 Service Rd,Austin,78617,30.211370982196,-97.655181056908,census
"12129 FM 620 N Ste 102 #, Austin, TX, 78750",12129 FM 620 N Ste 102 #,Austin,78750,30.460984334564,-97.816936037418,arcgis
"4024 S Lamar Blvd, Austin, TX, 78704",4024 S Lamar Blvd,Austin,78704,30.236768395865,-97.792071729675,census
"5010 W Us 290 Highway, Austin, TX, 78735",5010 W Us 290 Highway,Austin,78735,30.228405717192,-97.882851492079,arcgis
"11521 N FM 620 Rd Ste 675 #, Austin, TX, 78726",11521 N FM 620 Rd Ste 675 #,Austin,78726,30.454019014935,-97.825399999425,arcgis
"13096 N Us 183 Highway Service Rd, Austin, TX, 78750",13096 N Us 183 Highway Service Rd,Austin,78750,30.439193314146,-97.780478027547,arcgis
"3301 N I-35, Austin, TX, 78722",3301 N I-35,Austin,78722,30.290933163041,-97.72167478582,arcgis
"2500 San Gabriel St, Austin, TX, 78705",2500 San Gabriel St,Austin,78705,30.289593315818,-97.747825904632,arcgis
"9033 RESEARCH BLVD, Austin, TX, 78758",9033 RESEARCH BLVD,Austin,78758,30.373302860421,-97.725709223835,census
"8740 Research Blvd, Austin, TX, 78757",8740 Research Blvd,Austin,78757,30.364631256258,-97.719470177646,arcgis
"5611 S US 183 Highway, Austin, TX, 78719",5611 S US 183 Highway,Austin,78719,30.174452789491,-97.689786912537,census
"13717 Burnet Rd Ste 300 #, Austin, TX, 78727",13717 Burnet Rd Ste 300 #,Austin,78727,30.437965532969,-97.698219957621,arcgis
"1300 S Mopac Expy, Austin, TX, 78746",1300 S Mopac Expy,Austin,78746,30.262368084447,-97.791838511694,census
"4200 S LAMAR BLVD, Austin, TX, 78704",4200 S LAMAR BLVD,Austin,78704,30.238571733778,-97.789518201503,census
NA,3400 Comsouth Dr 78744,Austin,NA,NA,NA,NA
"106 Canyon Ridge, Austin, TX, 78753",106 Canyon Ridge,Austin,78753,30.397834866493,-97.668027085098,arcgis
