facility_id,name,street,city,n,mean_score,min_score,max_score,latest,latest_score,category,venue
2800189,Davis Elementary School,5214 Duval Rd,Austin,6,100,100,100,2026-05-08,100,School & Childcare,Davis Elementary School
2800201,Anderson High School,8403 Mesa Dr,Austin,6,100,100,100,2026-05-11,100,School & Childcare,Anderson High School
2800437,Houston Elementary School,5409 Ponciana Dr,Austin,6,100,100,100,2026-05-06,100,School & Childcare,Houston Elementary School
2800687,Lake Travis High School -ANNEX,3322 S FM 620 Rd,Austin,6,100,100,100,2026-04-17,100,School & Childcare,Lake Travis High School -ANNEX
2801609,Lake Point Elementary School,11801 Sonoma Dr,Bee Cave,6,100,100,100,2026-04-10,100,School & Childcare,Lake Point Elementary School
2801882,Laura Bush Elementary School,12600 Country Trl,Austin,6,100,100,100,2026-05-12,100,School & Childcare,Laura Bush Elementary School
2802502,LW - Lake Travis Elementary School,15303 Kollmeyer Dr,Lakeway,6,100,100,100,2026-04-29,100,School & Childcare,LW - Lake Travis Elementary School
2803046,Whole Foods - Seafood,525 N Lamar Blvd,Austin,4,100,100,100,2026-03-02,100,Grocery,Whole Foods - Seafood
2803202,Costco #641/Bakery,4301 W William Cannon Dr Ste B180,Austin,3,100,100,100,2025-03-20,100,Grocery,Costco
2803212,"Quarries of Hyde Park, The",11400 N Mopac Expy # Sb,Austin,3,100,100,100,2025-11-19,100,Restaurant & Food Service,"Quarries of Hyde Park, The"
2803870,Wal-Mart #1185,1030 Norwood Park Blvd,Austin,3,100,100,100,2026-03-09,100,Grocery,Wal-Mart
10008120,LW - Serene Hills Elementary School,3301 Serene Hills Ct,Lakeway,6,100,100,100,2026-05-08,100,School & Childcare,LW - Serene Hills Elementary School
10260205,Longhorn Village - Memory Support Country Kitchen,12001 Longhorn Pkwy,Austin,3,100,100,100,2025-11-20,100,Healthcare,Longhorn Village - Memory Support Country Kitchen
10276728,River Ridge Elementary - Leander Elementary #23,12900 Tierra Grande Trl,Austin,6,100,100,100,2026-05-12,100,School & Childcare,River Ridge Elementary - Leander Elementary
10326563,Gorzycki Middle School,7412 W Slaughter Ln,Austin,6,100,100,100,2026-05-04,100,School & Childcare,Gorzycki Middle School
10333612,Del Valle ISD- Concession Stand #1 (Home),5201 Ross Rd,Del Valle,3,100,100,100,2026-03-23,100,School & Childcare,Del Valle ISD- Concession Stand #1 (Home)
10333632,Ojeda Middle School Concession Stand,4900 McKinney Falls Pkwy,Austin,4,100,100,100,2026-05-18,100,School & Childcare,Ojeda Middle School Concession Stand
10339477,Ashford Montessori,20301 Jackies Ranch Blvd,Pflugerville,6,100,100,100,2026-05-21,100,School & Childcare,Ashford Montessori
10471799,Nicholson Early Childhood Education Center,12233 FM 620 N,Austin,3,100,100,100,2025-07-21,100,School & Childcare,Nicholson Early Childhood Education Center
10515079,Tokyo Gardens Catering LLC,5808 Burnet Rd,Austin,3,100,100,100,2026-02-06,100,Institutional & Catering,Tokyo Gardens Catering LLC
10529608,Peoples Pharmacy #4,13860 N US 183 Hwy,Austin,3,100,100,100,2026-04-20,100,Convenience & Fuel,Peoples Pharmacy
10743813,Tokyo Gardens Catering,6607 S Ih 35,Austin,3,100,100,100,2025-11-05,100,Institutional & Catering,Tokyo Gardens Catering
10744636,BC - Whole Foods Market - Retail,12601 Hill Country Blvd,Bee Cave,3,100,100,100,2026-05-07,100,Grocery,BC - Whole Foods Market - Retail
10758576,Circle K Store #2704680,8947 FM 2244 Rd,Austin,3,100,100,100,2025-12-19,100,Convenience & Fuel,Circle K Store
10795661,Anita Uphaus Early Childhood Center,5200 Freidrich Ln,Austin,6,100,100,100,2026-05-06,100,School & Childcare,Anita Uphaus Early Childhood Center
10886197,MN - Mini Foods Mart,10400 E US 290 WB Hwy,Manor,3,100,100,100,2025-09-09,100,Convenience & Fuel,MN - Mini Foods Mart
11055564,"Whole Foods Mkt. - Specialty(Cheese, Wine/Beer)",11920 Domain Dr,Austin,3,100,100,100,2025-05-28,100,Grocery,"Whole Foods Mkt. - Specialty(Cheese, Wine"
11119596,See's Candy Shop,10710 Research SB Blvd,Austin,3,100,100,100,2026-05-01,100,Restaurant & Food Service,See's Candy Shop
11166950,West Cypress Hills Elementary School,6112 Cypress Ranch Blvd,Spicewood,6,100,100,100,2026-04-28,100,School & Childcare,West Cypress Hills Elementary School
11383723,Challenger School,13015 Pond Springs Rd,Austin,6,100,100,100,2026-04-10,100,School & Childcare,Challenger School
11430850,LW - Table 620,2000 S FM 620 Rd,Lakeway,3,100,100,100,2025-09-11,100,Restaurant & Food Service,LW - Table
11705232,Ruta Maya Importing Ltd.,6231 E Stassney Ln Bldg 12,Austin,3,100,100,100,2025-11-12,100,Restaurant & Food Service,Ruta Maya Importing Ltd.
11769827,Del Valle ISD Concessions - (Visitor),5201 Ross Rd,Del Valle,3,100,100,100,2026-03-23,100,School & Childcare,Del Valle ISD Concessions - (Visitor)
11787056,Growing Imaginations L.C.,5410 S 1st St,Austin,4,100,100,100,2025-08-18,100,Restaurant & Food Service,Growing Imaginations L.C.
11863874,Canteen @ Costco #681,10401 Research NB Blvd,Austin,3,100,100,100,2026-02-26,100,Institutional & Catering,Canteen @ Costco
12185935,Bee Cave Middle School,5400 Vail Dv,Bee Cave,6,100,100,100,2026-03-03,100,School & Childcare,Bee Cave Middle School
12186565,Advantage Food Sampling @ Whole Foods,11920 Domain Dr,Austin,3,100,100,100,2025-05-28,100,Grocery,Advantage Food Sampling @ Whole Foods
12186606,PF - Kiddie Academy of Pflugerville,2617 Kelly Ln,Pflugerville,4,100,100,100,2026-02-18,100,School & Childcare,PF - Kiddie Academy of Pflugerville
12392350,PF - Costco Wholesale #1322/Grocery,1901 Kelly Ln,Pflugerville,3,100,100,100,2025-09-19,100,Grocery,PF - Costco Wholesale
12392455,Catering by Rosemary Indeed,10721 Domain Dr Unit Fl6,Austin,4,100,100,100,2025-06-06,100,Institutional & Catering,Catering by Rosemary Indeed
12392478,PF - Walgreens # 03159,2021 W Pecan St,Pflugerville,3,100,100,100,2026-02-12,100,Convenience & Fuel,PF - Walgreens
12393305,Caffe Mac,320 S Capital of Texas Hwy Ste A,West Lake Hills,6,100,100,100,2026-02-12,100,Restaurant & Food Service,Caffe Mac
12394463,Levy At Q2 Stadium/ South Main 104,10414 Mc Kalla Pl,Austin,5,100,100,100,2026-02-18,100,Venue & Concessions,Levy At Q2 Stadium
12394464,Levy at Q2 Stadium/East Main South 135,10414 Mc Kalla Pl,Austin,5,100,100,100,2026-02-18,100,Venue & Concessions,Levy at Q2 Stadium
12394465,Levy At Q2 Stadium/South Main 105,10414 Mc Kalla Pl,Austin,5,100,100,100,2026-02-18,100,Venue & Concessions,Levy At Q2 Stadium
12394470,Levy at Q2 Stadium/Suite Pantry North,10414 Mc Kalla Pl,Austin,5,100,100,100,2026-02-18,100,Venue & Concessions,Levy at Q2 Stadium
12394471,Levy At Q2 Stadium/South Main Hawking,10414 Mc Kalla Pl,Austin,5,100,100,100,2026-02-18,100,Venue & Concessions,Levy At Q2 Stadium
12394472,Levy at Q2 Stadium/South Main 103,10414 Mc Kalla Pl,Austin,5,100,100,100,2026-02-18,100,Venue & Concessions,Levy at Q2 Stadium
12394473,Levy at Q2 Stadium/West Club South,10414 Mc Kalla Pl,Austin,5,100,100,100,2026-02-18,100,Venue & Concessions,Levy at Q2 Stadium
12394496,Levy at Q2 Stadium/West 400 Pantry,10414 Mc Kalla Pl,Austin,5,100,100,100,2026-02-18,100,Venue & Concessions,Levy at Q2 Stadium
12394497,Levy at Q2 Stadium/North 300 Pantry,10414 Mc Kalla Pl,Austin,5,100,100,100,2026-02-18,100,Venue & Concessions,Levy at Q2 Stadium
12394498,Levy at Q2 Stadium/Upper Concourse Hawkings,10414 Mc Kalla Pl,Austin,5,100,100,100,2026-02-18,100,Venue & Concessions,Levy at Q2 Stadium
12394499,Levy at Q2 Stadium/Field Club,10414 Mc Kalla Pl,Austin,4,100,100,100,2026-02-18,100,Venue & Concessions,Levy at Q2 Stadium
12394500,Levy at Q2 Stadium/South Main 101,10414 Mc Kalla Pl,Austin,5,100,100,100,2026-02-18,100,Venue & Concessions,Levy at Q2 Stadium
12394501,Levy at Q2 Stadium/Press Pantry,10414 Mc Kalla Pl,Austin,5,100,100,100,2026-02-18,100,Venue & Concessions,Levy at Q2 Stadium
12394503,Levy at Q2 Stadium/Upper Concourse 314,10414 Mc Kalla Pl,Austin,5,100,100,100,2026-02-18,100,Venue & Concessions,Levy at Q2 Stadium
12394505,Levy at Q2 Stadium/East Main North Hawkings,10414 Mc Kalla Pl,Austin,5,100,100,100,2026-02-18,100,Venue & Concessions,Levy at Q2 Stadium
12394509,Levy at Q2 Stadium/East Main North 128,10414 Mc Kalla Pl,Austin,5,100,100,100,2026-02-18,100,Venue & Concessions,Levy at Q2 Stadium
12394511,Levy at Q2 Stadium/East Main North 126,10414 Mc Kalla Pl,Austin,4,100,100,100,2026-02-18,100,Venue & Concessions,Levy at Q2 Stadium
12395257,Employee Cafeteria,208 Barton Springs Rd,Austin,4,100,100,100,2026-03-24,100,Institutional & Catering,Employee Cafeteria
12396577,Canteen @ Great Texas Aggieland,12544 Riata Vista Cir,Austin,3,100,100,100,2026-05-20,100,Institutional & Catering,Canteen @ Great Texas Aggieland
12397320,Aramark @ Capital Reyes,10095 E US 290 Hwy EB Service Rd,Manor,3,100,100,100,2025-12-17,100,Institutional & Catering,Aramark @ Capital Reyes
12397353,Levy @ Q2 Stadium/ATXFC Shop,10414 Mc Kalla Pl,Austin,4,100,100,100,2025-02-27,100,Venue & Concessions,Levy @ Q2 Stadium
12397671,SV - Cost Plus World Market,5601 Brodie Ln Ste 1100,Sunset Valley,3,100,100,100,2025-08-27,100,Grocery,SV - Cost Plus World Market
12398864,"Sneha's Vegetarian Kitchen, LLC",1501 N FM 620 Rd,Lakeway,3,100,100,100,2025-08-29,100,Restaurant & Food Service,"Sneha's Vegetarian Kitchen, LLC"
12399119,COTA - Rev Bar 1 Main Grand Stands,9201 Circuit of the Americas Blvd,Del Valle,5,100,100,100,2026-03-26,100,Venue & Concessions,COTA - Rev Bar 1 Main Grand Stands
12399977,"MN - Learning Experience Manor, The",11924 Ring Dr Bldg 2,Manor,4,100,100,100,2026-03-24,100,School & Childcare,"MN - Learning Experience Manor, The"
12401307,VEGG LLC,1606 W Stassney Ln Ste 1,Austin,3,100,100,100,2025-08-27,100,Restaurant & Food Service,VEGG LLC
2800680,Lake Travis High School,3322 S FM 620 Rd,Austin,6,99.83,99,100,2026-04-17,99,School & Childcare,Lake Travis High School
2800942,LW - Lakeway Elementary School,1701 Lohmans Crossing Rd Bldg A,Lakeway,6,99.83,99,100,2026-04-30,100,School & Childcare,LW - Lakeway Elementary School
2801092,Rodriguez Elementary School,4400 Franklin Park Dr,Austin,6,99.83,99,100,2026-05-06,100,School & Childcare,Rodriguez Elementary School
2801873,Manchaca United Methodist CDC,1011 W FM 1626,Austin,6,99.83,99,100,2026-02-26,100,School & Childcare,Manchaca United Methodist CDC
2802396,Rutledge Elementary,11501 Staked Plains Dr,Austin,6,99.83,99,100,2026-02-27,100,School & Childcare,Rutledge Elementary
11584275,Joe Lee Johnson Elem School,2800 Sauls Dr,Austin,6,99.83,99,100,2026-05-08,99,School & Childcare,Joe Lee Johnson Elem School
11499700,Parmer Lane 5 Caffe Macs-Sushi,5505 W Parmer Ln Bldg 5,Austin,5,99.8,99,100,2025-12-18,99,Restaurant & Food Service,Parmer Lane 5 Caffe Macs-Sushi
12394461,Levy at Q2 Stadium/South Main 102,10414 Mc Kalla Pl,Austin,5,99.8,99,100,2026-02-18,100,Venue & Concessions,Levy at Q2 Stadium
12394507,Levy at Q2 Stadium/East Main North 129,10414 Mc Kalla Pl,Austin,5,99.8,99,100,2026-02-18,100,Venue & Concessions,Levy at Q2 Stadium
12394512,Levy at Q2 Stadium/East Club,10414 Mc Kalla Pl,Austin,5,99.8,99,100,2026-02-18,100,Venue & Concessions,Levy at Q2 Stadium
10747724,Tokyo Gardens Catering,12860 N US 183 Hwy SB Service Rd,Austin,4,99.75,99,100,2026-04-20,100,Institutional & Catering,Tokyo Gardens Catering
12393199,Peace Of Mind Children's Center,5615 Burnet Rd Ste 5,Austin,4,99.75,99,100,2026-02-02,100,Restaurant & Food Service,Peace Of Mind Children's Center
12396989,Campsite at Shield Ranch,10417 Crumley Ranch Rd,Austin,4,99.75,99,100,2026-05-22,100,Restaurant & Food Service,Campsite at Shield Ranch
12392420,PF - HEB Food Store #479 (Bakery),201 FM 685,Pflugerville,7,99.71,99,100,2026-04-21,99,Grocery,PF - HEB Food Store #479 (Bakery)
2800307,Travis High School,1211 E Oltorf St,Austin,6,99.67,98,100,2026-05-19,100,School & Childcare,Travis High School
2800345,Ortega Elementary,1135 Garland Ave,Austin,6,99.67,98,100,2026-04-01,98,School & Childcare,Ortega Elementary
2800351,Highland Park Elementary,4900 Fairview Dr,Austin,6,99.67,99,100,2026-04-22,100,School & Childcare,Highland Park Elementary
2800430,Pillow Elementary,3025 Crosscreek Dr,Austin,6,99.67,99,100,2026-04-21,100,School & Childcare,Pillow Elementary
2800681,Kocurek Elementary School,9800 Curlew Dr,Austin,6,99.67,99,100,2026-05-05,99,School & Childcare,Kocurek Elementary School
2802107,Randall's (Starbucks Coffee) #2482,8040 Mesa Dr,Austin,3,99.67,99,100,2025-12-05,100,Restaurant & Food Service,Randall's (Starbucks Coffee)
10051621,River Place Elementary - CNS,6500 Sitio del Rio Blvd,Austin,6,99.67,98,100,2026-05-12,100,School & Childcare,River Place Elementary - CNS
10260618,Longhorn Village - Assisted Living,12001 Longhorn Pkwy,Austin,3,99.67,99,100,2025-11-20,100,Healthcare,Longhorn Village - Assisted Living
10332373,"Goddard School, The",2111 Frate Barker Rd,Austin,3,99.67,99,100,2026-03-17,99,School & Childcare,"Goddard School, The"
10744425,BC - Whole Foods Market - Specialty,12601 Hill Country Blvd,Bee Cave,3,99.67,99,100,2026-05-07,99,Grocery,BC - Whole Foods Market - Specialty
10744625,BC - Whole Foods Market - Coffee Bar,12601 Hill Country Blvd,Bee Cave,3,99.67,99,100,2026-05-07,99,Grocery,BC - Whole Foods Market - Coffee Bar
10816332,Snap Kitchen,10001 Research NB Blvd Unit 190,Austin,3,99.67,99,100,2025-11-21,99,Restaurant & Food Service,Snap Kitchen
11231703,AFC Sushi @ Samsung,12100 Samsung Blvd,Austin,3,99.67,99,100,2025-03-05,100,Restaurant & Food Service,AFC Sushi @ Samsung
11742128,Total Wine & More,10001 Research NB Blvd Unit 300,Austin,3,99.67,99,100,2025-12-03,99,Restaurant & Food Service,Total Wine & More
12186540,Menchaca Elementary School (Bldg. 2),1218 W FM 1626 Rd,Austin,6,99.67,98,100,2026-02-27,100,School & Childcare,Menchaca Elementary School (Bldg. 2)
12392334,Canteen @ Allergan,12331 Riata Trace Pkwy Bldg A,Austin,3,99.67,99,100,2026-05-06,99,Institutional & Catering,Canteen @ Allergan
12392425,PF - In-N-Out #316,1600 Town Center Dr,Pflugerville,6,99.67,98,100,2026-03-05,98,Restaurant & Food Service,PF - In-N-Out
12392634,PF - Pflugerville Middle School,1600 Settlers Valley Dr,Pflugerville,6,99.67,98,100,2026-03-06,100,School & Childcare,PF - Pflugerville Middle School
12393011,PF-Typhoon TX Waterpark - Ray's Pizzeria,18500 N Sh 130 Service Rd,Pflugerville,3,99.67,99,100,2025-05-02,100,Restaurant & Food Service,PF-Typhoon TX Waterpark - Ray's Pizzeria
12394344,Tsuke Edomae,4600 Mueller Blvd Apt 1035,Austin,3,99.67,99,100,2026-01-08,100,Restaurant & Food Service,Tsuke Edomae
12395183,Canteen @ Amazon UTX 9,4616 W Howard Ln Unit 750,Austin,3,99.67,99,100,2026-05-21,100,Institutional & Catering,Canteen @ Amazon UTX
12395235,PF - Bohls Middle School,5104 Pleasanton Pkwy,Pflugerville,6,99.67,98,100,2026-03-30,100,School & Childcare,PF - Bohls Middle School
12395595,Canteen @ Amazon DAU2,7000 Metropolis Dr,Austin,3,99.67,99,100,2026-04-28,100,Institutional & Catering,Canteen @ Amazon DAU2
12396428,Costco #641/Produce,4301 W William Cannon Dr Bldg A Ste 100,Austin,3,99.67,99,100,2025-03-20,100,Grocery,Costco
12396575,Canteen @ Target 3866,9400 Tuscany Way,Austin,3,99.67,99,100,2026-04-15,100,Institutional & Catering,Canteen @ Target
12397651,Caffe Macs Espresso Bar,6900 W Parmer Ln,Austin,3,99.67,99,100,2025-07-29,99,Restaurant & Food Service,Caffe Macs Espresso Bar
12398611,Fujisan Sushi,9900 S Interstate 35,Austin,3,99.67,99,100,2025-06-24,100,Restaurant & Food Service,Fujisan Sushi
12400741,Del Valle ISD Early College High School,4715 Ross Rd,Del Valle,3,99.67,99,100,2026-05-18,100,School & Childcare,Del Valle ISD Early College High School
2801078,Children's Center of Austin,6507 Jester Blvd Bldg 2,Austin,5,99.6,98,100,2026-01-22,100,Restaurant & Food Service,Children's Center of Austin
10720294,Randall's # 2987 Starbucks Kiosk,5145 FM 620 N,Austin,5,99.6,99,100,2026-04-21,99,Restaurant & Food Service,Randall's # 2987 Starbucks Kiosk
12394474,Levy at Q2 Stadium/East Main South 137,10414 Mc Kalla Pl,Austin,5,99.6,98,100,2026-02-18,100,Venue & Concessions,Levy at Q2 Stadium
12394502,Levy at Q2 Stadium/Main North 123,10414 Mc Kalla Pl,Austin,5,99.6,98,100,2026-02-18,98,Venue & Concessions,Levy at Q2 Stadium
12397407,Wingstop #2138,1420 W Wells Branch Pkwy Ste 100,Pflugerville,5,99.6,99,100,2026-02-17,100,Restaurant & Food Service,Wingstop
12392409,PF - HEB Food Store #479 (Grocery),201 FM 685,Pflugerville,7,99.57,99,100,2026-04-21,99,Grocery,PF - HEB Food Store #479 (Grocery)
2800185,Delta Gamma,2419 Rio Grande St,Austin,4,99.5,98,100,2026-01-12,100,Restaurant & Food Service,Delta Gamma
2800199,LBJ High School,7309 Lazy Creek Dr,Austin,6,99.5,98,100,2026-04-29,100,School & Childcare,LBJ High School
2800240,Widen Elementary School,5605 Nuckols Crossing Rd,Austin,6,99.5,98,100,2026-05-01,100,School & Childcare,Widen Elementary School
2800267,Boone Elementary School,8101 Croftwood Dr,Austin,6,99.5,97,100,2026-05-01,97,School & Childcare,Boone Elementary School
2800333,Oak Hill Elementary School,6101 Patton Ranch Rd,Austin,6,99.5,98,100,2026-02-20,99,School & Childcare,Oak Hill Elementary School
2800596,Andrews Elementary,6801 Northeast Dr,Austin,6,99.5,98,100,2026-04-07,100,School & Childcare,Andrews Elementary
2801098,Paredes Middle School,10001 David Moore Dr,Austin,6,99.5,97,100,2026-05-07,100,School & Childcare,Paredes Middle School
2801135,Steiner Ranch Elementary School,4001 N Quinlan Park Rd,Austin,6,99.5,97,100,2026-05-12,100,School & Childcare,Steiner Ranch Elementary School
10002545,Blake Manor Elementary School,18010 Blake Manor Rd,Manor,6,99.5,98,100,2026-04-01,99,School & Childcare,Blake Manor Elementary School
10262036,BC - Tokyo Gardens Catering,12400 W SH 71,Bee Cave,4,99.5,99,100,2025-09-19,99,Institutional & Catering,BC - Tokyo Gardens Catering
10323177,"Del Valle High School, Ninth Grade Academy",5201 Ross Rd,Del Valle,6,99.5,98,100,2026-03-23,100,School & Childcare,"Del Valle High School, Ninth Grade Academy"
10492636,Baldwin Elementary School,12200 Meridian Park Blvd,Austin,6,99.5,99,100,2026-05-11,99,School & Childcare,Baldwin Elementary School
11055562,Whole Foods Market - Grocery,11920 Domain Dr,Austin,4,99.5,98,100,2025-11-13,100,Grocery,Whole Foods Market - Grocery
11066396,Taco Bell #30150,9504 N Lamar Blvd,Austin,4,99.5,98,100,2026-01-23,100,Restaurant & Food Service,Taco Bell
11392325,Parmer Lane 3.5 Juice Bar,5505 W Parmer Ln Bldg 3,Austin,4,99.5,98,100,2025-12-18,100,Restaurant & Food Service,Parmer Lane 3.5 Juice Bar
11975039,Canteen @ Dell Seton Medical Center,1500 Red River St,Austin,4,99.5,98,100,2025-05-06,100,Healthcare,Canteen @ Dell Seton Medical Center
12393238,Blazier Relief School,8801 Vertex Blvd,Austin,6,99.5,98,100,2026-04-10,100,School & Childcare,Blazier Relief School
12398520,PF - Austin Achieve Public Schools Pflugerville,1900 E Pfennig Ln,Pflugerville,6,99.5,98,100,2026-04-13,100,School & Childcare,PF - Austin Achieve Public Schools Pflugerville
12399357,Bee Cave Middle School Concession,5400 Vail Dv,Bee Cave,4,99.5,99,100,2026-04-17,100,School & Childcare,Bee Cave Middle School Concession
10179774,Chipotle Mexican Grill #874,6301 W Parmer Ln Bldg 2,Austin,5,99.4,98,100,2026-04-21,99,Restaurant & Food Service,Chipotle Mexican Grill
11821490,MN - Bright Beginnings Learning Center,101 E Boyce St,Manor,5,99.4,97,100,2025-04-15,100,School & Childcare,MN - Bright Beginnings Learning Center
11898215,Mariposa Montessori School,3338 Paisano Trl,Austin,5,99.4,97,100,2025-12-18,97,School & Childcare,Mariposa Montessori School
12185961,Little Deli & Pizzeria,1804 Briarcliff Blvd,Austin,5,99.4,98,100,2025-12-31,100,Restaurant & Food Service,Little Deli & Pizzeria
12394467,Levy at Q2 Stadium/Upper Concourse 313,10414 Mc Kalla Pl,Austin,5,99.4,97,100,2026-02-18,100,Venue & Concessions,Levy at Q2 Stadium
12396522,BC - Baguette et Chocolat,12101 Bee Cave Rd,Bee Cave,5,99.4,97,100,2026-01-07,100,Restaurant & Food Service,BC - Baguette et Chocolat
12398454,Marshall Middle School,4401 Tilley St,Austin,5,99.4,98,100,2026-04-24,98,School & Childcare,Marshall Middle School
2800148,Smith Elementary School,4209 Smith School Rd,Austin,6,99.33,98,100,2026-05-04,100,School & Childcare,Smith Elementary School
2800202,Brentwood Elementary,6703 Yates Ave,Austin,6,99.33,98,100,2026-04-02,100,School & Childcare,Brentwood Elementary
2800244,Ridgetop Elementary,5005 Caswell Ave,Austin,6,99.33,97,100,2026-04-24,100,School & Childcare,Ridgetop Elementary
2800461,Barbara Jordan Elem School,6711 Johnny Morris Rd,Austin,6,99.33,97,100,2026-03-03,99,School & Childcare,Barbara Jordan Elem School
2800786,Bridgepoint Elem School,6401 Cedar St,Austin,6,99.33,97,100,2026-04-02,100,School & Childcare,Bridgepoint Elem School
2801311,Westgate II,4477 S Lamar NB Blvd,Austin,3,99.33,98,100,2025-07-28,100,Restaurant & Food Service,Westgate II
2801494,TC - Hudson Bend Middle School,15600 Lariat Trl,Austin,6,99.33,98,100,2026-04-24,100,School & Childcare,TC - Hudson Bend Middle School
2802075,John P Ojeda Junior High School,4900 McKinney Falls Pkwy,Austin,6,99.33,97,100,2026-05-18,97,School & Childcare,John P Ojeda Junior High School
2803248,WL - Mother Teresa House,903 S Capital of Texas Hwy,West Lake Hills,3,99.33,99,100,2025-07-18,99,Restaurant & Food Service,WL - Mother Teresa House
2803490,Walgreens #03092,8104 Mesa Dr,Austin,3,99.33,99,100,2026-05-06,99,Convenience & Fuel,Walgreens
2803745,Walgreens #05159,7410 McNeil Dr,Austin,3,99.33,98,100,2026-05-20,98,Convenience & Fuel,Walgreens
2803968,Walgreens #07673,10600 W Parmer Ln,Austin,3,99.33,99,100,2025-10-23,99,Convenience & Fuel,Walgreens
10005361,WL - Walgreens #06050,3700 Bee Caves Rd,West Lake Hills,3,99.33,99,100,2026-04-07,99,Convenience & Fuel,WL - Walgreens
10184421,Target #2409- Groceries (Retail),10107 Research NB Blvd,Austin,3,99.33,99,100,2026-01-06,99,Grocery,Target #2409- Groceries (Retail)
10208073,Village @ Marbridge,2310 Bliss Spillar Rd,Manchaca,3,99.33,99,100,2025-07-10,99,Restaurant & Food Service,Village @ Marbridge
10260204,Longhorn Village - Skilled Nursing,12001 Longhorn Pkwy,Austin,3,99.33,99,100,2025-11-20,99,Healthcare,Longhorn Village - Skilled Nursing
10314257,Purple Sage Elementary School,11801 Tanglebriar Trl,Austin,6,99.33,98,100,2026-05-18,100,School & Childcare,Purple Sage Elementary School
10475714,Dailey Middle School,14000 Westall,Austin,6,99.33,96,100,2026-03-06,96,School & Childcare,Dailey Middle School
10594632,South Austin Assisted Living,4601 Chesney Ridge Dr,Austin,3,99.33,98,100,2025-06-25,98,Healthcare,South Austin Assisted Living
10744450,BC - Whole Foods Market - Meat,12601 Hill Country Blvd,Bee Cave,3,99.33,99,100,2026-05-07,99,Grocery,BC - Whole Foods Market - Meat
10744457,BC - Whole Foods Market - Wine Bar,12601 Hill Country Blvd,Bee Cave,3,99.33,99,100,2026-05-07,99,Grocery,BC - Whole Foods Market - Wine Bar
10990336,Tokyo Gardens Catering,1801 E 51st St,Austin,3,99.33,99,100,2026-01-13,99,Institutional & Catering,Tokyo Gardens Catering
10991640,Guerrero-Thompson Elementary School,102 E Rundberg Ln,Austin,6,99.33,97,100,2026-04-24,100,School & Childcare,Guerrero-Thompson Elementary School
11032384,BC - CVS/ Pharmacy # 8925,14057 Bee Cave Pkwy,Bee Cave,3,99.33,98,100,2025-10-29,98,Convenience & Fuel,BC - CVS
11181374,LW - Lake Travis Middle School,4932 Bee Creek Rd,Spicewood,6,99.33,98,100,2026-04-27,100,School & Childcare,LW - Lake Travis Middle School
11334609,Golden Rooster Feed General Store,20306 Ed Acklin Rd,Manor,3,99.33,98,100,2026-04-07,98,Restaurant & Food Service,Golden Rooster Feed General Store
11832697,Tiff's Treats,5145 FM 620 N # 110,Austin,3,99.33,98,100,2026-02-23,98,Restaurant & Food Service,Tiff's Treats
11930325,BC - Serasana Bee Cave,15500 W SH 71,Bee Cave,3,99.33,99,100,2026-03-19,100,Restaurant & Food Service,BC - Serasana Bee Cave
11940138,CVS/Pharmacy #10669,8200 S SH 45 W WB,Austin,3,99.33,99,100,2025-06-04,99,Convenience & Fuel,CVS
11997300,Firefly Sushi,12221 N Mopac NB Expy,Austin,3,99.33,98,100,2026-03-20,100,Restaurant & Food Service,Firefly Sushi
12084788,Sips & Sweets,1701 S Congress Ave,Austin,3,99.33,99,100,2026-04-06,99,Restaurant & Food Service,Sips & Sweets
12167915,BC - Con'Olio Oils & Vinegars,3500 S FM 620 Rd Bldg F,Bee Cave,3,99.33,98,100,2026-01-07,100,Restaurant & Food Service,BC - Con'Olio Oils & Vinegars
12185579,Lori's Gifts #580,4900 Mueller Blvd,Austin,3,99.33,98,100,2025-12-17,100,Restaurant & Food Service,Lori's Gifts
12185629,"Learning Experience, The",20908 Burgan Path,Hutto,6,99.33,97,100,2026-05-21,99,School & Childcare,"Learning Experience, The"
12186399,Baylor Scott and White Hospital,5245 W US 290 EB Hwy,Austin,3,99.33,98,100,2025-09-12,98,Healthcare,Baylor Scott and White Hospital
12392351,PF - Costco Wholesale #1322/Food Court,1901 Kelly Ln,Pflugerville,6,99.33,98,100,2026-04-01,99,Grocery,PF - Costco Wholesale
12392353,PF - Costco Wholesale #1322/Produce,1901 Kelly Ln,Pflugerville,3,99.33,98,100,2026-04-01,98,Grocery,PF - Costco Wholesale
12392355,PF - Costco Wholesale #1322/Bakery,1901 Kelly Ln,Pflugerville,3,99.33,98,100,2025-09-19,100,Grocery,PF - Costco Wholesale
12392479,PF - Walgreens # 11568,1821 FM 685,Pflugerville,3,99.33,99,100,2025-07-01,99,Convenience & Fuel,PF - Walgreens
12392629,PF - Hendrickson Pod,2905 FM 685,Pflugerville,6,99.33,98,100,2026-01-20,100,Restaurant & Food Service,PF - Hendrickson Pod
12392791,PF - CVS Pharmacy #10106,2013 Kelly Ln,Pflugerville,3,99.33,99,100,2025-07-03,99,Convenience & Fuel,PF - CVS Pharmacy
12393237,Bear Creek Elementary School,12801 Escarpment Blvd,Austin,6,99.33,96,100,2026-05-11,100,School & Childcare,Bear Creek Elementary School
12396485,CVS/Pharmacy #10059,4500 Ross Rd,Del Valle,3,99.33,98,100,2026-04-07,98,Convenience & Fuel,CVS
12396576,Canteen @ University of St. Augustine,5401 La Crosse Ave,Austin,3,99.33,98,100,2025-07-28,98,School & Childcare,Canteen @ University of St. Augustine
12398609,Tesla Cafe 2M Battery,1 Tesla Rd,Austin,3,99.33,98,100,2025-12-15,98,Restaurant & Food Service,Tesla Cafe 2M Battery
12400757,"Pasta One Two Three, LLC DBA Papa's Pasta Co",1606 W Stassney Ln Ste 1,Austin,3,99.33,98,100,2026-04-14,98,Restaurant & Food Service,"Pasta One Two Three, LLC DBA Papa's Pasta Co"
2801807,Costco #681 Food Court & Deli,10401 Research NB Blvd,Austin,4,99.25,99,100,2025-12-11,99,Grocery,Costco #681 Food Court & Deli
2802331,Hilton Austin-Spa & Towers,500 E 4th St Pmb 3112,Austin,4,99.25,98,100,2026-04-15,99,Restaurant & Food Service,Hilton Austin-Spa & Towers
10135293,WL - Tokyo Gardens Sushi Bar,701 S Capital of Texas Hwy Unit C-300,West Lake Hills,4,99.25,98,100,2026-01-30,98,Restaurant & Food Service,WL - Tokyo Gardens Sushi Bar
10847715,Spoon & Company,1606 W Stassney Ln Ste 1,Austin,4,99.25,97,100,2026-04-14,100,Restaurant & Food Service,Spoon & Company
11292426,Cross Creek Hospital Behavioral Hospital,8402 Cross Park Dr,Austin,4,99.25,98,100,2026-03-09,100,Healthcare,Cross Creek Hospital Behavioral Hospital
11293639,Sam's Club #6188 - Meat Market,10901 Lakeline Mall Dr,Austin,4,99.25,98,100,2025-11-25,98,Grocery,Sam's Club #6188 - Meat Market
12392688,PF - Endeavor Montessori School,18817 N Heatherwilde Blvd Bldg 2,Pflugerville,4,99.25,97,100,2025-07-07,97,School & Childcare,PF - Endeavor Montessori School
12395349,Mr. Gatti's Pizza,12129 FM 620 N Ste 100 Bldg A,Austin,4,99.25,97,100,2025-11-10,100,Restaurant & Food Service,Mr. Gatti's Pizza
12396221,LW - Yumtacular,1501 N FM 620 Rd,Lakeway,4,99.25,97,100,2025-08-29,100,Restaurant & Food Service,LW - Yumtacular
12398999,BC - SPJST Assisted Living at Lake Travis #2,11825 Bee Cave Rd,Bee Cave,4,99.25,97,100,2026-02-02,97,Healthcare,BC - SPJST Assisted Living at Lake Travis
10945785,Four Seasons Community School,3909 Adelphi Ln,Austin,5,99.2,97,100,2026-04-28,99,School & Childcare,Four Seasons Community School
12149606,BC - KIKKA at Whole Foods Bee Cave,12601 Hill Country Blvd,Bee Cave,5,99.2,98,100,2026-05-11,98,Grocery,BC - KIKKA at Whole Foods Bee Cave
12393064,KLA Schools of Sweetwater,18101 W SH 71,Travis County,5,99.2,97,100,2026-02-13,100,School & Childcare,KLA Schools of Sweetwater
12393770,Levy at Q2 Stadium/Main Kitchen,10414 Mc Kalla Pl,Austin,5,99.2,98,100,2026-02-18,98,Venue & Concessions,Levy at Q2 Stadium
12394460,Levy at Q2 Stadium/Beer Hall,10414 Mc Kalla Pl,Austin,5,99.2,97,100,2026-02-18,99,Venue & Concessions,Levy at Q2 Stadium
12394495,Levy at Q2 Stadium/West Club North,10414 Mc Kalla Pl,Austin,5,99.2,96,100,2026-02-18,96,Venue & Concessions,Levy at Q2 Stadium
12399122,COTA - Rev Bar 2 Main Grand Stands,9201 Circuit of the Americas Blvd,Del Valle,5,99.2,98,100,2026-03-26,100,Venue & Concessions,COTA - Rev Bar 2 Main Grand Stands
12399846,Cielito Lindo Spanish Immersion Preschool,13107 Dessau Rd Ste 300,Austin,5,99.2,98,100,2026-04-24,98,School & Childcare,Cielito Lindo Spanish Immersion Preschool
2800381,Cedar Creek Elem. School,3301 Pinnacle Rd,Austin,6,99.17,97,100,2026-03-26,97,School & Childcare,Cedar Creek Elem. School
2800614,Cunningham Elementary School,2200 Berkeley Ave,Austin,6,99.17,98,100,2026-05-12,100,School & Childcare,Cunningham Elementary School
2802711,Perez Elementary School,7500 S Pleasant Valley Rd,Austin,6,99.17,98,100,2026-04-27,100,School & Childcare,Perez Elementary School
10134031,Grandview Hills Elementary,12024 Vista Parke Dr,Austin,6,99.17,96,100,2026-02-27,100,School & Childcare,Grandview Hills Elementary
12397933,sweetgreen,1900 Aldrich St Ste 140,Austin,6,99.17,96,100,2025-11-17,100,Restaurant & Food Service,sweetgreen
2803028,Rowe Lane Elementary,3112 Speidel Dr,Pflugerville,7,99.14,97,100,2026-03-09,99,School & Childcare,Rowe Lane Elementary
12392921,PF - Raising Canes # 194,2408 FM 685,Pflugerville,7,99.14,97,100,2026-01-22,100,Restaurant & Food Service,PF - Raising Canes
12398460,PF - Sonic,1101 FM 685,Pflugerville,7,99.14,98,100,2026-02-20,100,Restaurant & Food Service,PF - Sonic
2800137,Dawson Elementary School,3001 S 1st St,Austin,5,99,96,100,2025-09-29,100,School & Childcare,Dawson Elementary School
2800146,Galindo Elementary School,3800 S 2nd St,Austin,6,99,98,100,2026-05-07,99,School & Childcare,Galindo Elementary School
2800280,Zilker Elementary School,1900 Bluebonnet Ln,Austin,6,99,97,100,2026-05-05,98,School & Childcare,Zilker Elementary School
2800300,Zavala Elementary,310 Robert T Martinez Jr St,Austin,6,99,96,100,2026-04-21,96,School & Childcare,Zavala Elementary
2800308,Travis Heights Elementary School,2010 Alameda Dr,Austin,6,99,97,100,2026-05-14,100,School & Childcare,Travis Heights Elementary School
2800436,Pleasant Hill Elementary School,6405 Circle S Rd,Austin,6,99,97,100,2026-05-06,98,School & Childcare,Pleasant Hill Elementary School
2800484,Zeta Tau Alpha Sorority,2711 Nueces St,Austin,4,99,97,100,2026-01-20,97,Restaurant & Food Service,Zeta Tau Alpha Sorority
2800497,My Friends House Child Care,7050 Village Center Dr,Austin,3,99,98,100,2025-10-28,99,School & Childcare,My Friends House Child Care
2800947,Abiding Love Lutheran Child,4612 Convict Hill Rd,Austin,3,99,97,100,2026-04-14,97,Restaurant & Food Service,Abiding Love Lutheran Child
2801228,Gonzalo Garza Independence H S,1600 Chicon St,Austin,6,99,97,100,2026-05-20,100,Restaurant & Food Service,Gonzalo Garza Independence H S
2801689,JJ Pickle Elementary School,1101 Wheatley Ave,Austin,6,99,98,100,2026-02-24,100,School & Childcare,JJ Pickle Elementary School
2802894,Clayton Elementary School,7525 La Crosse Ave,Austin,6,99,97,100,2026-05-04,97,School & Childcare,Clayton Elementary School
2803865,HEB #20 Retail,6001 W Parmer Ln,Austin,3,99,98,100,2026-02-04,98,Grocery,HEB #20 Retail
2804035,CVS Pharmacy #6945,4405 E Riverside Dr,Austin,4,99,97,100,2026-02-23,100,Convenience & Fuel,CVS Pharmacy
2804061,CVS Pharmacy # 7243,3201 Bee Caves Rd,Austin,3,99,98,100,2026-03-25,98,Convenience & Fuel,CVS Pharmacy
10000953,West Rural Community Center,8656 W SH 71 Bldg A,Austin,3,99,97,100,2025-05-02,97,Restaurant & Food Service,West Rural Community Center
10002741,WL - Forest Trail Elementary School,1201 S Capital of Texas Hwy,West Lake Hills,6,99,96,100,2026-04-10,96,School & Childcare,WL - Forest Trail Elementary School
10260419,BC - Bee Cave Elementary School,14300 Hamilton Pool Rd,Bee Cave,6,99,96,100,2026-03-03,100,School & Childcare,BC - Bee Cave Elementary School
10262066,BC - Walgreens #11272,12200 Bee Cave Pkwy,Bee Cave,3,99,98,100,2025-12-08,98,Convenience & Fuel,BC - Walgreens
10333615,Del Valle ISD- Concession Stand #4 (Gym),5201 Ross Rd,Del Valle,3,99,97,100,2026-03-23,100,School & Childcare,Del Valle ISD- Concession Stand #4 (Gym)
10334733,Westlake Performing Arts Concessions,4100 Westbank Dr,Austin,3,99,98,100,2026-04-16,100,Venue & Concessions,Westlake Performing Arts Concessions
10743681,Tokyo Gardens Catering,6001 W Parmer Ln,Austin,3,99,98,100,2026-02-04,100,Institutional & Catering,Tokyo Gardens Catering
10764431,Whole Foods Market - Grocery,4301 W William Cannon Dr Bldg B,Austin,4,99,97,100,2026-01-23,97,Grocery,Whole Foods Market - Grocery
10793335,MN - Creative World Learning Center - Austin Inc.,11401 E US 290 EB Hwy,Manor,6,99,96,100,2026-04-09,100,School & Childcare,MN - Creative World Learning Center - Austin Inc.
10964447,South Austin Assisted Living II,4816 Chesney Ridge Dr,Austin,4,99,97,100,2025-06-25,97,Healthcare,South Austin Assisted Living II
11055559,Whole Foods Market - Produce,11920 Domain Dr,Austin,4,99,97,100,2025-11-13,99,Grocery,Whole Foods Market - Produce
11066790,Taco Bell #30099,7793 Burnet Rd,Austin,4,99,98,100,2025-11-07,98,Restaurant & Food Service,Taco Bell
11273477,Stepping Stone School XVIII,9325 Alice Mae Ln,Austin,4,99,97,100,2025-09-05,99,School & Childcare,Stepping Stone School XVIII
11293632,Sam's Club #6188 - Deli,10901 Lakeline Mall Dr,Austin,4,99,97,100,2025-11-25,99,Grocery,Sam's Club #6188 - Deli
11625910,In-N-Out Burger,2700 Guadalupe St,Austin,4,99,98,100,2025-12-15,98,Restaurant & Food Service,In-N-Out Burger
11690733,WL - Chick-Fil-A,701 S Capital of Texas Hwy Unit L,West Lake Hills,4,99,97,100,2026-01-23,100,Restaurant & Food Service,WL - Chick-Fil-A
11739761,Snap Kitchen,4301 W William Cannon Dr Unit 100,Austin,3,99,97,100,2026-04-20,100,Restaurant & Food Service,Snap Kitchen
11853676,Fairmont Austin - Good Things (Level 1),101 Red River St,Austin,4,99,97,100,2025-12-01,100,Restaurant & Food Service,Fairmont Austin - Good Things (Level 1)
11997193,Newton Collins Elementary,7609 Apogee Blvd,Austin,6,99,96,100,2026-04-29,100,School & Childcare,Newton Collins Elementary
12130642,ABIA - JetSet Market,3600 Presidential Blvd Unit A3144,Austin,3,99,98,100,2025-06-30,99,Venue & Concessions,ABIA - JetSet Market
12156000,"Crossmark, Inc #8259",9900 S Interstate 35,Austin,3,99,98,100,2025-04-29,100,Restaurant & Food Service,"Crossmark, Inc"
12186065,Austin Shelter for Women and Children,4613 Tannehill Ln Bldg 3,Austin,3,99,98,100,2025-07-07,100,Restaurant & Food Service,Austin Shelter for Women and Children
12392356,PF - Costco Wholesale #1322/Meat & Seafood,1901 Kelly Ln,Pflugerville,3,99,98,100,2025-09-19,100,Grocery,PF - Costco Wholesale
12392429,Compass Group,4613 Tannehill Ln Bldg 1,Austin,3,99,97,100,2025-07-14,100,Institutional & Catering,Compass Group
12392468,PF - Canteen @ Costco #1322 Breakroom,1901 Kelly Ln,Pflugerville,3,99,99,99,2026-04-01,99,Institutional & Catering,PF - Canteen @ Costco #1322 Breakroom
12392477,PF - Walgreens # 13446,1509 E Wells Branch Pkwy,Pflugerville,3,99,98,100,2026-02-17,98,Convenience & Fuel,PF - Walgreens
12392502,Canteen@LCRA Montopolis,3505 Montopolis Dr,Austin,3,99,97,100,2026-01-09,97,Institutional & Catering,Canteen@LCRA Montopolis
12392621,PF - Highland Park Elementary School,428 Kingston Lacy Blvd,Pflugerville,6,99,95,100,2026-03-12,100,School & Childcare,PF - Highland Park Elementary School
12392658,PF - Springhill Elementary School,600 S Heatherwilde Blvd,Pflugerville,7,99,96,100,2026-02-17,96,School & Childcare,PF - Springhill Elementary School
12392659,PF - Brookhollow Elementary School,1200 N Railroad Ave,Pflugerville,7,99,98,100,2026-03-03,99,School & Childcare,PF - Brookhollow Elementary School
12392900,PF - Target Store T-2495 (Cafe/Pizza Hut),18700 Limestone Commercial Dr Ste 100,Pflugerville,6,99,98,100,2026-03-23,99,Grocery,PF - Target Store T-2495 (Cafe
12392978,"Goddard School, The",12101 Archeleta Blvd,Austin,5,99,97,100,2025-10-29,100,School & Childcare,"Goddard School, The"
12393381,Whole Foods Market,705 N Lamar Blvd Ste 100,Austin,3,99,97,100,2026-04-13,97,Grocery,Whole Foods Market
12393771,Cloud Kitchen,5610 N IH 35 Service Rd SB,Austin,7,99,96,100,2026-05-04,100,Restaurant & Food Service,Cloud Kitchen
12393877,Valor North Austin,14200 N IH 35 Service Rd SB,Austin,3,99,97,100,2025-12-11,100,Restaurant & Food Service,Valor North Austin
12394637,"Apolonia Catering, LLC",15812 Windermere Dr Ste 300A,Pflugerville,5,99,96,100,2026-02-03,99,Institutional & Catering,"Apolonia Catering, LLC"
12395154,Tesla Inc.,13101 Harold Green Dr,Austin,3,99,98,100,2025-12-15,98,Restaurant & Food Service,Tesla Inc.
12395934,Rosedale School,7505 Silvercrest Dr,Austin,6,99,96,100,2026-04-17,100,School & Childcare,Rosedale School
12396869,"LW - Learning Experience , The",1602 N FM 620 Rd,Lakeway,6,99,96,100,2025-08-29,96,School & Childcare,"LW - Learning Experience , The"
12397962,Hornsby-Dunlap Elementary School,4601 Hound Dog Trl,Austin,6,99,98,100,2026-03-06,98,School & Childcare,Hornsby-Dunlap Elementary School
12398267,Tesla GA1F Cafe,1 Tesla Rd,Austin,3,99,98,100,2025-12-15,99,Restaurant & Food Service,Tesla GA1F Cafe
12398539,Austin Beerworks,10300 Springdale Rd,Austin,3,99,98,100,2025-08-25,100,Restaurant & Food Service,Austin Beerworks
12398702,PF - Firefly Community School,15913 Windermere Dr,Pflugerville,6,99,97,100,2026-04-23,100,School & Childcare,PF - Firefly Community School
12392417,PF - HEB Food Store #479 (Deli),201 FM 685,Pflugerville,7,98.86,97,100,2026-04-21,99,Grocery,PF - HEB Food Store #479 (Deli)
12392446,Stonebridge Health Rehab,11127 Circle Dr,Austin,7,98.86,95,100,2026-01-30,95,Healthcare,Stonebridge Health Rehab
2800265,St. Elmo Elementary School,600 W Saint Elmo Rd,Austin,6,98.83,97,100,2026-05-05,97,School & Childcare,St. Elmo Elementary School
2800344,Govalle Elementary School,3601 Govalle Ave,Austin,6,98.83,97,100,2026-05-01,98,School & Childcare,Govalle Elementary School
2800387,Hill Elementary School,8601 Tallwood Dr,Austin,6,98.83,97,100,2026-05-08,97,School & Childcare,Hill Elementary School
2800438,Odom Elementary School,1010 Turtle Creek Blvd,Austin,6,98.83,96,100,2026-05-19,96,School & Childcare,Odom Elementary School
10002740,WL - Eanes Elementary School,4101 Bee Caves Rd,West Lake Hills,6,98.83,93,100,2026-04-15,100,School & Childcare,WL - Eanes Elementary School
10051637,Wieland Elementary,900 Tudor House Rd,Pflugerville,6,98.83,96,100,2026-04-22,100,School & Childcare,Wieland Elementary
10065968,Gus Garcia Young Men's Leadership Academy,7414 Johnny Morris Rd,Austin,6,98.83,95,100,2026-03-03,95,School & Childcare,Gus Garcia Young Men's Leadership Academy
10417414,Vandegrift High School,9500 McNeil Dr,Austin,6,98.83,94,100,2026-05-18,100,School & Childcare,Vandegrift High School
11981929,Austin Achieve Public Schools,7424 E US 290 Hwy WB Service Rd,Austin,6,98.83,94,100,2026-05-14,100,School & Childcare,Austin Achieve Public Schools
12185818,Brown Elementary,7801 Guadalupe St,Austin,6,98.83,96,100,2026-03-05,100,School & Childcare,Brown Elementary
12393230,LW - Rough Hollow Elementary School,4219 Bee Creek Rd,Lakeway,6,98.83,97,100,2026-05-08,98,School & Childcare,LW - Rough Hollow Elementary School
12393835,Ann Richards School for Young Women Leaders,2309 Panther Trl,Austin,6,98.83,96,100,2026-04-30,98,School & Childcare,Ann Richards School for Young Women Leaders
2801262,Baranoff Elem School,12009 Buckingham Gate Rd,Austin,5,98.8,97,100,2025-12-15,99,School & Childcare,Baranoff Elem School
2801875,"Child, Inc. - Ortega Preschool",1135 Garland Ave,Austin,5,98.8,97,100,2026-04-01,97,School & Childcare,"Child, Inc. - Ortega Preschool"
10736882,AFC Sushi@Randall's 2987,5145 FM 620 N,Austin,5,98.8,97,100,2025-12-02,97,Restaurant & Food Service,AFC Sushi@Randall's
11115872,Wendy's #W129/11274,10701 Research NB Blvd,Austin,5,98.8,98,100,2026-01-13,98,Restaurant & Food Service,Wendy's #W129
12392354,PF - Costco Wholesale #1322/Deli,1901 Kelly Ln,Pflugerville,5,98.8,96,100,2026-04-01,98,Grocery,PF - Costco Wholesale
12397898,PF - Hidden Lakes Elementary School,18218 Hidden Lake Dr,Pflugerville,5,98.8,97,100,2026-03-24,100,School & Childcare,PF - Hidden Lakes Elementary School
2800537,Whataburger #576,6205 N Lamar Blvd,Austin,4,98.75,96,100,2026-05-11,96,Restaurant & Food Service,Whataburger
2804049,CVS/Pharmacy #8322,11725 FM 620 N,Austin,4,98.75,97,100,2026-04-30,100,Convenience & Fuel,CVS
10728167,"PPD Development, LLC",7551 Metro Center Dr Ste 200,Austin,4,98.75,97,100,2025-07-29,98,Restaurant & Food Service,"PPD Development, LLC"
10957389,Tom Thumb # 2987 Fuel Station,5145 FM 620 N Bldg M,Austin,4,98.75,95,100,2026-04-21,100,Restaurant & Food Service,Tom Thumb # 2987 Fuel Station
11291484,"Club Demonstration Services, Inc",10401 Research NB Blvd,Austin,4,98.75,98,100,2025-12-11,100,Restaurant & Food Service,"Club Demonstration Services, Inc"
11723104,SV - Tony Burger Center,3200 Jones Rd,Sunset Valley,4,98.75,96,100,2025-09-23,96,Restaurant & Food Service,SV - Tony Burger Center
12123847,Little Angels Learning Center,15635 Vision Dr Ste 108,Pflugerville,4,98.75,97,100,2025-07-07,97,School & Childcare,Little Angels Learning Center
12392898,PF - Target Store T-2495 (Grocery),18700 Limestone Commercial Dr Ste 100,Pflugerville,4,98.75,98,99,2026-03-23,98,Grocery,PF - Target Store T-2495 (Grocery)
12394990,"PF - Fry Guy, The",15812 Windermere Dr Ste 300A,Pflugerville,4,98.75,98,100,2026-02-03,99,Restaurant & Food Service,"PF - Fry Guy, The"
12396713,Mindful Meals,1606 W Stassney Ln Ste 1,Austin,4,98.75,98,100,2026-04-14,100,Restaurant & Food Service,Mindful Meals
12397925,LW - Spicebox Kitchen,1501 N FM 620 Rd Unit C,Lakeway,4,98.75,95,100,2025-08-29,100,Restaurant & Food Service,LW - Spicebox Kitchen
12398945,BC - SPJST Assisted Living at Lake Travis #1,11825 Bee Cave Rd,Bee Cave,4,98.75,95,100,2026-02-02,95,Healthcare,BC - SPJST Assisted Living at Lake Travis
12399117,COTA - 34 Chophouse Main Grand Stands,9201 Circuit of the Americas Blvd,Del Valle,4,98.75,96,100,2026-03-26,96,Venue & Concessions,COTA - 34 Chophouse Main Grand Stands
12399681,Sweetgreen,11501 Rock Rose Ave Ste 124,Austin,4,98.75,98,100,2026-03-27,100,Restaurant & Food Service,Sweetgreen
12401655,PF - Pflugerville Human Bean,105 Rex Kerwin Ct Bldg 1,Pflugerville,4,98.75,98,99,2026-05-22,99,Restaurant & Food Service,PF - Pflugerville Human Bean
12392386,"PF - Children's Courtyard, The",1308 Picadilly Dr,Pflugerville,7,98.71,97,100,2026-05-22,97,Restaurant & Food Service,"PF - Children's Courtyard, The"
2800109,Lee Elementary School,3308 Hampton Rd,Austin,6,98.67,96,100,2026-03-26,96,School & Childcare,Lee Elementary School
2800114,Dobie Jr High School,1200 E Rundberg Ln Bldg R,Austin,6,98.67,98,100,2026-03-24,98,School & Childcare,Dobie Jr High School
2800177,McCallum High School,5600 Sunshine Dr,Austin,6,98.67,96,100,2026-05-06,100,School & Childcare,McCallum High School
2800243,Spicewood Elementary School,11601 Olson Dr,Austin,6,98.67,95,100,2026-05-18,100,School & Childcare,Spicewood Elementary School
2800337,Hill Country Middle School,1300 Walsh Tarlton Ln,Austin,6,98.67,96,100,2026-04-09,99,School & Childcare,Hill Country Middle School
2801070,Casey Elementary School,9400 Texas Oaks Dr,Austin,6,98.67,96,100,2026-05-07,99,School & Childcare,Casey Elementary School
2801249,Hart Elementary School,8301 Furness Dr,Austin,6,98.67,97,100,2026-03-30,100,School & Childcare,Hart Elementary School
2802219,Canyon Ridge Middle School,12601 Country Trl,Austin,6,98.67,92,100,2026-05-12,100,School & Childcare,Canyon Ridge Middle School
2802628,Costco #641/Meat Dept.,4301 W William Cannon Dr Ste B180,Austin,3,98.67,97,100,2025-03-20,100,Grocery,Costco
2802635,Tokyo Gardens Catering,10710 Research SB Blvd,Austin,3,98.67,96,100,2025-06-30,96,Institutional & Catering,Tokyo Gardens Catering
2803772,Costco #681 Retail,10401 Research NB Blvd,Austin,3,98.67,98,100,2026-02-26,100,Grocery,Costco #681 Retail
2803887,Walgreen #4458,3601 W William Cannon Dr,Austin,3,98.67,98,99,2026-02-25,98,Convenience & Fuel,Walgreen
2804016,CVS Pharmacy #6964,2610 Lake Austin Blvd,Austin,3,98.67,98,99,2025-11-04,99,Convenience & Fuel,CVS Pharmacy
2804085,Walgreens # 09679,12601 Tech Ridge Blvd,Austin,3,98.67,98,100,2025-12-29,98,Convenience & Fuel,Walgreens
10005272,Panda Express #1289,2501 W Parmer Ln Unit 950,Austin,3,98.67,98,99,2026-03-09,98,Restaurant & Food Service,Panda Express
10099096,Walgreens #11271,2525 W Anderson Ln Bldg 2,Austin,3,98.67,98,100,2026-02-09,100,Convenience & Fuel,Walgreens
10186846,Lake Travis High School Concession Stands,3322 S FM 620 Rd,Austin,3,98.67,98,99,2025-04-17,98,School & Childcare,Lake Travis High School Concession Stands
10189353,Decker Middle School,8104 Decker Ln,Austin,6,98.67,97,100,2026-03-04,98,School & Childcare,Decker Middle School
10260202,Longhorn Village - Java Ranch,12501 Longhorn Pkwy,Austin,3,98.67,96,100,2025-11-20,100,Restaurant & Food Service,Longhorn Village - Java Ranch
10321795,Four Points Middle School,9700 McNeil Dr,Austin,6,98.67,95,100,2026-05-11,100,School & Childcare,Four Points Middle School
10434244,Whataburger,2800 Guadalupe St,Austin,3,98.67,98,99,2025-12-08,98,Restaurant & Food Service,Whataburger
10495238,Walgreens #13444,120 W Slaughter Ln,Austin,3,98.67,97,100,2026-03-26,100,Convenience & Fuel,Walgreens
10499904,Primrose School of Southwest Austin,4920 Davis Ln,Austin,3,98.67,98,100,2026-03-05,98,School & Childcare,Primrose School of Southwest Austin
10501111,Walgreens #11853,13435 N US 183 Hwy NB Service Rd Bldg 8,Austin,3,98.67,98,100,2026-01-06,98,Convenience & Fuel,Walgreens
10538464,Live Oak Elementary,8607 Anderson Mill Rd,Austin,6,98.67,96,100,2026-04-24,100,School & Childcare,Live Oak Elementary
10744418,BC - Whole Foods Market - Bakery,12601 Hill Country Blvd,Bee Cave,3,98.67,98,99,2026-05-07,99,Grocery,BC - Whole Foods Market - Bakery
10744436,BC - Whole Foods Market - Seafood,12601 Hill Country Blvd,Bee Cave,3,98.67,97,100,2026-05-07,99,Grocery,BC - Whole Foods Market - Seafood
10764422,Whole Foods Market - Meat Market,4301 W William Cannon Dr Bldg B,Austin,3,98.67,97,100,2026-02-09,97,Grocery,Whole Foods Market - Meat Market
10811229,Athena Montessori Academy,1503 Morgan Ln,Austin,3,98.67,97,100,2025-08-05,99,School & Childcare,Athena Montessori Academy
11024144,McDonald's at Parmer & Dessau,1608 E Parmer Ln,Austin,6,98.67,96,100,2026-04-22,97,Restaurant & Food Service,McDonald's at Parmer & Dessau
11158923,Wingstop #706,7112 Ed Bluestein Blvd Ste 167,Austin,6,98.67,97,100,2026-05-07,100,Restaurant & Food Service,Wingstop
11199440,Jaime D. Padron Elementary School,2011 W Rundberg Ln,Austin,6,98.67,96,100,2026-05-11,100,School & Childcare,Jaime D. Padron Elementary School
11243154,Walgreens #15672,1920 E Riverside Dr Bldg B,Austin,3,98.67,97,100,2025-11-18,100,Convenience & Fuel,Walgreens
11583668,Starbucks # 20588,516 W Oltorf St,Austin,3,98.67,98,100,2026-04-14,98,Restaurant & Food Service,Starbucks
12185713,Crosswater Yacht Club,1505 Hurst Creek Rd,Lakeway,3,98.67,98,100,2025-10-27,98,Restaurant & Food Service,Crosswater Yacht Club
12186378,"Jordan at Mueller, The",2724 Philomena St,Austin,3,98.67,98,100,2025-11-17,98,Restaurant & Food Service,"Jordan at Mueller, The"
12392793,PF - CVS Pharmacy #7735,1301 W Pflugerville Pkwy,Pflugerville,3,98.67,96,100,2025-12-22,96,Convenience & Fuel,PF - CVS Pharmacy
12392974,BC - Total Wine,3925 Market St,Bee Cave,3,98.67,96,100,2025-11-26,96,Restaurant & Food Service,BC - Total Wine
12393394,L. East Poultry Co.,2615 E 6th St,Austin,3,98.67,98,99,2026-04-01,98,Restaurant & Food Service,L. East Poultry Co.
12397415,PF - Deshidra LLC,15812 Windermere Dr Ste 300A,Pflugerville,3,98.67,96,100,2026-02-03,96,Restaurant & Food Service,PF - Deshidra LLC
12397672,BC - Cost Plus World Market,12700 Shops Pkwy Ste 200,Bee Cave,3,98.67,98,99,2025-12-08,99,Grocery,BC - Cost Plus World Market
12399272,Oumi Sushi @ Sprouts #162,1201 Barbara Jordan Blvd Ste 700,Austin,6,98.67,96,100,2026-03-31,96,Grocery,Oumi Sushi @ Sprouts
12186362,Chipotle Mexican Grill #3328,1109 E 5th St Ste 130,Austin,5,98.6,96,100,2026-01-13,98,Restaurant & Food Service,Chipotle Mexican Grill
12395339,"Learning Experience, The",7814 W US 290 Hwy,Austin,5,98.6,95,100,2026-03-23,100,School & Childcare,"Learning Experience, The"
12399109,COTA - Austin Smoque Main Grand Stands,9201 Circuit of the Americas Blvd,Del Valle,5,98.6,96,100,2026-03-26,98,Venue & Concessions,COTA - Austin Smoque Main Grand Stands
12185933,Kiddie Academy of Bee Cave,16003 W SH 71,Austin,7,98.57,96,100,2026-04-06,100,School & Childcare,Kiddie Academy of Bee Cave
12392630,PF - Parkcrest Middle school,1500 N Railroad Ave,Pflugerville,7,98.57,95,100,2026-03-03,99,School & Childcare,PF - Parkcrest Middle school
12397524,Burger King,6000 FM 969 Rd,Austin,7,98.57,95,100,2026-03-05,95,Restaurant & Food Service,Burger King
12397772,Paradigm Treatment Texas,11949 Escarpment Blvd,Austin,7,98.57,97,100,2026-04-03,99,Restaurant & Food Service,Paradigm Treatment Texas
2800219,O' Henry Jr High School,2610 W 10th St,Austin,6,98.5,95,100,2026-04-15,100,School & Childcare,O' Henry Jr High School
2800249,Bertha Sadler Means YWLA - OOB,6401 N Hampton Dr,Austin,4,98.5,94,100,2025-12-08,100,Restaurant & Food Service,Bertha Sadler Means YWLA - OOB
2800330,Bedichek Jr High School,6809 Bill Hughes Rd,Austin,6,98.5,96,100,2026-05-11,98,School & Childcare,Bedichek Jr High School
2800443,Murchison Middle School,3700 N Hills Dr,Austin,6,98.5,96,100,2026-04-21,99,School & Childcare,Murchison Middle School
2800444,Lamar Middle School,6201 Wynona Ave,Austin,6,98.5,97,100,2026-02-05,97,School & Childcare,Lamar Middle School
2800597,Blanton Elementary,5408 Westminster Dr,Austin,6,98.5,96,100,2026-04-21,99,School & Childcare,Blanton Elementary
2800674,Wells Branch Elementary School,14650 Merriltown Rd,Austin,6,98.5,95,100,2026-05-11,96,School & Childcare,Wells Branch Elementary School
2800881,Bailey Middle School,4020 Lost Oasis Holw,Austin,6,98.5,93,100,2026-02-27,98,School & Childcare,Bailey Middle School
2801076,Clint Small Middle School,4801 Monterey Oaks Blvd,Austin,6,98.5,97,100,2026-05-21,97,School & Childcare,Clint Small Middle School
2802859,Creedmoor Elementary School,5604 FM 1327,Creedmoor,6,98.5,96,100,2026-05-15,100,School & Childcare,Creedmoor Elementary School
2803197,Maplewood Elementary,3808 Maplewood Ave,Austin,6,98.5,96,100,2026-04-21,99,School & Childcare,Maplewood Elementary
10066459,Overton Elementary,7201 Colony Loop Dr,Austin,6,98.5,95,100,2026-04-07,100,School & Childcare,Overton Elementary
10122139,Austin Community College Children's Lab School,3401 Webberville Rd Bldg 5000,Austin,4,98.5,96,100,2026-03-05,100,School & Childcare,Austin Community College Children's Lab School
10184824,KIPP Austin Arts & Letters,8509 FM 969 Rd Ste 652,Austin,6,98.5,96,100,2026-04-22,99,Restaurant & Food Service,KIPP Austin Arts & Letters
10307208,Pioneer Crossing Cafeteria,11300 Samsung Blvd,Austin,6,98.5,96,100,2026-05-11,100,Institutional & Catering,Pioneer Crossing Cafeteria
10467333,Wal-Mart Supercenter #4554,2525 W Anderson Ln,Austin,4,98.5,94,100,2025-09-29,94,Grocery,Wal-Mart Supercenter
10500566,Nana's Playhouse Learning Center,4406 Russell Dr,Austin,4,98.5,96,100,2026-02-10,99,School & Childcare,Nana's Playhouse Learning Center
10720273,Randall's # 2987 Bakery,5145 FM 620 N,Austin,6,98.5,96,100,2026-04-21,98,Restaurant & Food Service,Randall's # 2987 Bakery
11293606,Sam's Club #6188 - Bakery,10901 Lakeline Mall Dr,Austin,4,98.5,95,100,2025-11-25,99,Grocery,Sam's Club #6188 - Bakery
11382999,First Class Child Development Center 3,1901 National Park Blvd,Austin,4,98.5,96,100,2026-03-17,98,School & Childcare,First Class Child Development Center
11393396,Montessori For All,5100 Pecan Brook Dr,Austin,6,98.5,96,100,2026-05-06,100,School & Childcare,Montessori For All
11864782,ABIA - Barton Springs East/Ruta Maya,3600 Presidential Blvd Ste 110,Austin,4,98.5,98,100,2025-07-15,98,Venue & Concessions,ABIA - Barton Springs East
12084828,"Goddard School @ Avery Ranch, The",9313 Pearson Ranch Rd,Austin,4,98.5,96,100,2026-05-18,100,School & Childcare,"Goddard School @ Avery Ranch, The"
12392567,Chick-Fil-A Four Points,7710 N FM 620 Rd Bldg 9,Austin,4,98.5,95,100,2026-03-02,95,Restaurant & Food Service,Chick-Fil-A Four Points
12392568,Whole Foods Market,901 E 5th St,Austin,4,98.5,97,100,2025-07-21,97,Grocery,Whole Foods Market
12393234,Doss Elementary School,7005 Northledge Dr,Austin,6,98.5,95,100,2026-04-22,100,School & Childcare,Doss Elementary School
2801952,LW - Whataburger #796,2011 S FM 620 Rd,Lakeway,5,98.4,97,100,2026-02-25,100,Restaurant & Food Service,LW - Whataburger
10261986,BC - Starbucks Coffee #6397,12400 W SH 71 Unit 710,Bee Cave,5,98.4,97,100,2026-02-06,100,Restaurant & Food Service,BC - Starbucks Coffee
10657955,Starbucks Coffee #15747,11521 N FM 620 Rd Ste 950,Austin,5,98.4,95,100,2026-03-26,99,Restaurant & Food Service,Starbucks Coffee
11371926,YMOK DayCare Austin LLC,510 Clarke St,Austin,5,98.4,96,100,2026-01-13,96,School & Childcare,YMOK DayCare Austin LLC
12397031,PF- Five Guys Burgers & Fries #4026,2424 FM 685 Ste 200,Pflugerville,5,98.4,96,100,2026-02-25,100,Restaurant & Food Service,PF- Five Guys Burgers & Fries
2800006,Webb Middle School,601 E Saint Johns Ave,Austin,6,98.33,97,100,2026-02-26,98,School & Childcare,Webb Middle School
2800056,Whataburger #84 D-3800,6106 Cameron Rd,Austin,6,98.33,97,100,2026-02-12,98,Restaurant & Food Service,Whataburger #84 D-3800
2800178,Reilly Elementary,405 Denson Dr,Austin,6,98.33,96,99,2026-03-05,98,School & Childcare,Reilly Elementary
2800206,Bryker Woods Elementary School,3309 Kerbey Ln,Austin,6,98.33,97,99,2026-03-26,99,School & Childcare,Bryker Woods Elementary School
2800242,NorthEast High School,7104 Berkman Dr,Austin,6,98.33,92,100,2026-02-26,100,School & Childcare,NorthEast High School
2800711,Barton Creek Elementary School,1370 Patterson Rd,Austin,6,98.33,97,100,2026-04-01,98,School & Childcare,Barton Creek Elementary School
2801163,Stepping Stone School,8121 Shoal Creek Blvd,Austin,3,98.33,97,100,2026-04-02,98,School & Childcare,Stepping Stone School
2801250,Mills Elementary School,6201 Davis Ln,Austin,6,98.33,97,100,2026-05-01,100,School & Childcare,Mills Elementary School
2801401,Gardner BettsTravis County,2515 S Congress Ave,Austin,6,98.33,97,100,2026-02-02,97,Restaurant & Food Service,Gardner BettsTravis County
2801722,Happy Faces Bilingual Child Care,7109 Blessing Ave,Austin,3,98.33,95,100,2026-03-19,100,School & Childcare,Happy Faces Bilingual Child Care
2801976,Einstein Bros Bagels #3111,3010 W Anderson Ln,Austin,3,98.33,97,100,2025-11-04,100,Restaurant & Food Service,Einstein Bros Bagels
2802524,Target T-1953 (Starbucks),11220 Fm 2222 Rd,Austin,3,98.33,97,99,2026-03-04,99,Grocery,Target T-1953 (Starbucks)
2803492,Whole Foods Market,9607 Research NB Blvd Unit 300,Austin,3,98.33,96,100,2026-01-21,99,Grocery,Whole Foods Market
2803533,HEB Food Store #161- Retail,7112 Ed Bluestein Blvd,Austin,3,98.33,96,100,2025-12-08,100,Grocery,HEB Food Store #161- Retail
2803869,Walgreens #3724,9801 Menchaca Rd,Austin,3,98.33,97,100,2025-07-28,97,Convenience & Fuel,Walgreens
10002749,WL - Valley View Elementary School,1201 S Capital of Texas Hwy,West Lake Hills,6,98.33,94,100,2026-04-10,98,School & Childcare,WL - Valley View Elementary School
10108941,Walgreens #11513,5011 W Slaughter Ln Bldg 4,Austin,3,98.33,95,100,2026-04-29,95,Convenience & Fuel,Walgreens
10195157,Starbucks Coffee #14663,7709 E Ben White Blvd Ste 104,Austin,3,98.33,96,100,2026-03-17,96,Restaurant & Food Service,Starbucks Coffee
10212392,Fleming's Prime Steakhouse & Wine Bar,11600 Century Oaks Ter,Austin,3,98.33,98,99,2026-01-22,98,Restaurant & Food Service,Fleming's Prime Steakhouse & Wine Bar
10262251,OK Pizza & Ice Cream,10601 N Lamar Blvd,Austin,3,98.33,96,100,2026-04-10,99,Restaurant & Food Service,OK Pizza & Ice Cream
10333344,Del Valle ISD- Concession Stand #3 (Baseball),5201 Ross Rd,Del Valle,3,98.33,98,99,2026-03-23,98,School & Childcare,Del Valle ISD- Concession Stand #3 (Baseball)
10339308,"Austin Montessori School, Inc",6819 Great Northern Blvd,Austin,3,98.33,97,100,2026-01-07,98,School & Childcare,"Austin Montessori School, Inc"
10698451,Antonelli's Cheese Shop,500 Park Blvd,Austin,3,98.33,97,100,2026-05-06,98,Restaurant & Food Service,Antonelli's Cheese Shop
11015631,Oak Hill Coffee,6501 W William Cannon Dr,Austin,3,98.33,97,99,2025-05-27,97,Restaurant & Food Service,Oak Hill Coffee
11222208,Harmony School of Innovation - Austin,2124 E Saint Elmo Rd,Austin,6,98.33,93,100,2026-03-31,100,School & Childcare,Harmony School of Innovation - Austin
11402734,Shadowglen Elementary School,12000 Shadowglen Trce,Manor,6,98.33,97,100,2026-05-11,97,School & Childcare,Shadowglen Elementary School
11496272,"Honey Baked Ham Company LLC, The",9029 Research NB Blvd,Austin,3,98.33,96,100,2026-02-17,100,Restaurant & Food Service,"Honey Baked Ham Company LLC, The"
11788049,Samsung Cafe 300,12100 Samsung Blvd,Austin,3,98.33,96,100,2025-03-05,96,Restaurant & Food Service,Samsung Cafe
11852715,BC - Gigi's Cupcakes,3944 S FM 620 Rd Unit 130,Bee Cave,3,98.33,97,99,2025-04-11,99,Restaurant & Food Service,BC - Gigi's Cupcakes
11977360,Stepping Stone School,3811 Harmon Ave,Austin,3,98.33,95,100,2026-03-20,95,School & Childcare,Stepping Stone School
12041876,Angels Care & Learning Center,7806 S 1st St,Austin,3,98.33,97,99,2025-04-11,99,School & Childcare,Angels Care & Learning Center
12392521,PF - Starbucks Coffee #14446,2604 W Pecan St Ste B,Pflugerville,6,98.33,97,100,2026-05-21,97,Restaurant & Food Service,PF - Starbucks Coffee
12393010,PF -Typhoon Texas Waterpark - Snackin' Wagon,18500 N Sh 130 Service Rd,Pflugerville,3,98.33,97,100,2025-05-02,98,Restaurant & Food Service,PF -Typhoon Texas Waterpark - Snackin' Wagon
12395185,Dine by Design Catering,4311 Small Dr,Austin,3,98.33,97,100,2026-02-09,98,Institutional & Catering,Dine by Design Catering
12397374,Canteen @ Expedia,11920 Alterra Pkwy,Austin,3,98.33,97,100,2025-08-18,98,Institutional & Catering,Canteen @ Expedia
12398639,Tesla Cafe Paint & Plastics,1 Tesla Rd,Austin,3,98.33,97,100,2025-12-15,100,Restaurant & Food Service,Tesla Cafe Paint & Plastics
12399162,citizenM Hotel,617 Colorado St,Austin,3,98.33,97,100,2026-01-16,100,Restaurant & Food Service,citizenM Hotel
12399919,"Homegrown School, The",16407 Decker Creek Dr,Manor,3,98.33,97,100,2026-03-30,97,School & Childcare,"Homegrown School, The"
12400955,Insomnia Cookies,1401 E 6th St Unit 203,Austin,3,98.33,97,100,2026-04-13,98,Restaurant & Food Service,Insomnia Cookies
12401844,Poke House,1201 Barbara Jordan Blvd Ste 1410,Austin,3,98.33,96,100,2026-02-23,99,Restaurant & Food Service,Poke House
10564130,Macho's Taco's,12110 Manchaca Rd,Austin,7,98.29,97,99,2026-05-06,97,Restaurant & Food Service,Macho's Taco's
11954531,Popeye's #306,1613 E Parmer Ln,Austin,7,98.29,91,100,2026-04-23,100,Restaurant & Food Service,Popeye's
12392421,PF - HEB Food Store #479 (Meat & Seafood),201 FM 685,Pflugerville,7,98.29,97,100,2026-04-21,97,Grocery,PF - HEB Food Store #479 (Meat & Seafood)
12394682,WL - Poke House,3652 Bee Caves Rd # 4,West Lake Hills,7,98.29,91,100,2026-04-13,100,Restaurant & Food Service,WL - Poke House
2800499,Child Inc. - Fountain Plaza,825 E 53Rd Half St,Austin,4,98.25,95,100,2026-01-07,100,Restaurant & Food Service,Child Inc. - Fountain Plaza
2802293,Stepping Stone School,9405 Brodie Ln,Austin,4,98.25,97,100,2025-12-15,98,School & Childcare,Stepping Stone School
10389065,Child's Day Child Development Center,2525 Wallingwood Dr Ste 100 Bldg 1,Austin,4,98.25,96,100,2026-01-22,100,School & Childcare,Child's Day Child Development Center
11078207,Ashley's Playhouse,13343 N US 183 Hwy NB Service Rd Unit 200,Austin,4,98.25,94,100,2026-02-09,100,Restaurant & Food Service,Ashley's Playhouse
12186034,Catering by Rosemary 11th Floor,10721 Domain Dr,Austin,4,98.25,97,100,2025-06-06,98,Institutional & Catering,Catering by Rosemary 11th Floor
2800007,Whataburger #132,9516 N Lamar Blvd,Austin,5,98.2,96,100,2026-01-13,96,Restaurant & Food Service,Whataburger
2802959,Tokyo Gardens,500 W Canyon Ridge Dr,Austin,5,98.2,96,100,2026-04-21,100,Restaurant & Food Service,Tokyo Gardens
10218828,Compass Group @ Dimensional Fund Advisors,6300 FM 2244 Rd,Austin,5,98.2,97,99,2026-01-29,98,Institutional & Catering,Compass Group @ Dimensional Fund Advisors
10789764,Jack in the Box #810,7901 Burnet Rd,Austin,5,98.2,96,100,2026-02-17,96,Restaurant & Food Service,Jack in the Box
11096280,Taco Bell #030263,1548 E Parmer Ln,Austin,5,98.2,96,99,2025-11-13,99,Restaurant & Food Service,Taco Bell
12392439,PF - Chipotle Mexican Grill #2634,2424 FM 685,Pflugerville,5,98.2,93,100,2026-05-21,93,Restaurant & Food Service,PF - Chipotle Mexican Grill
12395575,Starbucks Coffee Company #65081,611 W 22nd St,Austin,5,98.2,96,100,2026-01-08,100,Restaurant & Food Service,Starbucks Coffee Company
12399124,COTA - SS Pizza Main Grand Stands,9201 Circuit of the Americas Blvd,Del Valle,5,98.2,95,100,2026-03-26,95,Venue & Concessions,COTA - SS Pizza Main Grand Stands
12400004,PF- Starbucks Coffee #79929,17510 Schultz Ln Bldg 1,Pflugerville,5,98.2,97,100,2026-05-21,98,Restaurant & Food Service,PF- Starbucks Coffee
2800158,Cook Elementary School,1511 Cripple Creek Dr,Austin,6,98.17,95,100,2026-05-08,99,School & Childcare,Cook Elementary School
2800218,Linder Elementary,2800 Metcalfe Rd,Austin,6,98.17,96,100,2026-05-11,98,School & Childcare,Linder Elementary
2800286,Summit Elementary,12207 Brigadoon Ln,Austin,6,98.17,95,100,2026-04-24,99,School & Childcare,Summit Elementary
2800329,Joslin Elementary School,4500 Menchaca Rd,Austin,6,98.17,95,100,2026-05-05,98,School & Childcare,Joslin Elementary School
2800338,Barton Hills Elementary School,2108 Barton Hills Dr,Austin,6,98.17,97,100,2026-05-05,98,School & Childcare,Barton Hills Elementary School
2800431,Lively Middle School,201 E Mary St,Austin,6,98.17,97,100,2026-05-11,99,School & Childcare,Lively Middle School
2800433,Becker Elementary School,906 W Milton St,Austin,6,98.17,96,100,2026-05-05,96,School & Childcare,Becker Elementary School
2800690,McNeil High School,5720 McNeil Dr,Austin,6,98.17,92,100,2026-05-20,100,School & Childcare,McNeil High School
2800880,John Connally High School,13212 N Lamar Blvd,Austin,6,98.17,96,99,2026-05-19,98,School & Childcare,John Connally High School
2801448,Akins High School,10701 S 1st St,Austin,6,98.17,97,100,2026-04-28,97,School & Childcare,Akins High School
2801598,Del Valle Elementary School,5400 Ross Rd,Del Valle,6,98.17,94,100,2026-03-13,98,School & Childcare,Del Valle Elementary School
11145733,Raising Canes Chicken Fingers,3201 Bee Caves Rd Ste 175,Austin,6,98.17,96,100,2026-02-24,97,Restaurant & Food Service,Raising Canes Chicken Fingers
11192837,Challenger School Elementary,15101 Avery Ranch Blvd,Austin,6,98.17,94,100,2026-04-15,100,School & Childcare,Challenger School Elementary
12392622,PF - Mott Elementary School,20101 Hodde Ln,Pflugerville,6,98.17,96,100,2026-03-09,98,School & Childcare,PF - Mott Elementary School
12392648,PF - Weiss High School,5201 Wolf Pack Dr,Pflugerville,6,98.17,95,100,2026-04-14,95,School & Childcare,PF - Weiss High School
2800331,Mendez Middle School,5106 Village Square Dr,Austin,6,98,95,100,2026-05-11,99,School & Childcare,Mendez Middle School
2800490,SV - Sunset Valley Elementary School,3000 Jones Rd,Sunset Valley,6,98,93,100,2026-05-11,97,School & Childcare,SV - Sunset Valley Elementary School
2800492,Lil'Angels Day Care,6006 Cameron Rd,Austin,3,98,97,99,2025-11-20,98,School & Childcare,Lil'Angels Day Care
2800584,Peoples Pharmacy,4018 N Lamar Blvd,Austin,3,98,95,100,2025-07-17,95,Convenience & Fuel,Peoples Pharmacy
2800928,Rosie's Day Care,7512 Cameron Rd,Austin,4,98,96,100,2026-01-08,97,School & Childcare,Rosie's Day Care
2801064,Baty Elementary School,2101 Faro Dr,Austin,6,98,95,100,2026-05-11,100,School & Childcare,Baty Elementary School
2801483,Joy of Learning Center,12300 Amherst Dr,Austin,4,98,96,100,2026-03-12,100,School & Childcare,Joy of Learning Center
2801499,Sonesta ES Suites Austin Arboretum,10201 Stonelake Blvd,Austin,3,98,97,99,2026-05-20,98,Restaurant & Food Service,Sonesta ES Suites Austin Arboretum
2801728,Decker Lake Cafeteria,8500 Decker Ln,Austin,6,98,95,100,2026-03-04,99,Institutional & Catering,Decker Lake Cafeteria
2802329,Hilton Austin -Starbucks,500 E 4th St,Austin,3,98,96,100,2026-04-15,96,Restaurant & Food Service,Hilton Austin -Starbucks
2802523,Target #1953 (Grocery),11220 Fm 2222 Rd,Austin,4,98,93,100,2026-03-04,100,Grocery,Target #1953 (Grocery)
2802624,Starbucks Coffee #9612,3706 Guadalupe St,Austin,3,98,97,99,2025-08-12,98,Restaurant & Food Service,Starbucks Coffee
2803002,Tokyo Gardens Catering,6900 Brodie Ln,Austin,3,98,97,99,2025-05-06,99,Institutional & Catering,Tokyo Gardens Catering
2803047,Whole Foods - Meat Market,525 N Lamar Blvd,Austin,3,98,96,99,2026-03-02,99,Grocery,Whole Foods - Meat Market
2803048,Whole Foods - Bakery,525 N Lamar Blvd,Austin,3,98,97,99,2026-03-02,99,Grocery,Whole Foods - Bakery
2803420,Sam's Club #6453 Produce & Groceries,9700 N Capital of Texas Hwy,Austin,3,98,96,100,2026-03-24,98,Grocery,Sam's Club #6453 Produce & Groceries
2803878,Anderson's Coffee Roasters,1601 W 38th St,Austin,3,98,95,100,2025-10-20,100,Restaurant & Food Service,Anderson's Coffee Roasters
2804010,CVS Pharmacy #6822,5256 Burnet Rd,Austin,3,98,96,99,2026-04-28,99,Convenience & Fuel,CVS Pharmacy
10017515,CVS/Pharmacy #3881,520 W Slaughter Ln,Austin,3,98,96,99,2025-07-03,96,Convenience & Fuel,CVS
10082173,HEB #031Retail Food,12860 N US 183 Hwy SB Service Rd,Austin,3,98,94,100,2026-04-20,100,Grocery,HEB #031Retail Food
10103530,"Wanna Play, LLC",14010 N US 183 Hwy SB Service Rd,Austin,3,98,97,100,2025-06-12,97,Restaurant & Food Service,"Wanna Play, LLC"
10111260,CVS Pharmacy # 59,4001 W William Cannon Dr,Austin,3,98,97,99,2025-06-27,98,Convenience & Fuel,CVS Pharmacy
10175477,Twin Liquors,1000 E 41st St Ste 810,Austin,3,98,95,100,2025-10-20,100,Restaurant & Food Service,Twin Liquors
10176813,Chipotle Mexican Grill #56,4400 N Lamar Blvd Ste 101,Austin,4,98,97,99,2026-05-04,99,Restaurant & Food Service,Chipotle Mexican Grill
10176919,Chipotle Mexican Grill #427,11301 Lakeline Blvd Ste 230,Austin,5,98,97,100,2026-04-30,98,Restaurant & Food Service,Chipotle Mexican Grill
10189964,Oak Meadows Elementary,5600 Decker Ln,Austin,6,98,94,100,2026-03-04,94,School & Childcare,Oak Meadows Elementary
10323192,Del Valle ISD Opportunity Center,5301 Ross Rd Ste B,Del Valle,4,98,96,100,2026-05-18,96,School & Childcare,Del Valle ISD Opportunity Center
10383930,Trinity Child Development Center,5801 Westminster Dr,Austin,4,98,95,100,2026-01-29,100,School & Childcare,Trinity Child Development Center
10416747,Houndstooth Coffee,4200 N Lamar Blvd Ste 120,Austin,3,98,96,100,2025-12-15,96,Restaurant & Food Service,Houndstooth Coffee
10431989,CVS/pharmacy #1430,2101 S Lamar Blvd Unit B,Austin,3,98,95,100,2026-04-03,95,Convenience & Fuel,CVS
10559492,KIPP Austin Public Schools,8509 FM 969 Rd Bldg 615,Austin,6,98,95,100,2026-04-22,98,School & Childcare,KIPP Austin Public Schools
10592894,"Mediterranean Chef, The",5908 Aurora Dr,Austin,3,98,96,100,2026-04-15,96,Restaurant & Food Service,"Mediterranean Chef, The"
10613899,Randall's Food Stores #2471 - Retail Food,2727 Exposition Blvd,Austin,4,98,95,99,2026-04-02,95,Restaurant & Food Service,Randall's Food Stores #2471 - Retail Food
10631897,Child Inc.-American YouthWorks,1911 E Ben White Blvd,Austin,4,98,94,100,2026-04-15,98,Restaurant & Food Service,Child Inc.-American YouthWorks
10634307,Joseph Gilbert Elementary,5412 Gilbert Rd,Austin,6,98,95,100,2026-04-01,100,School & Childcare,Joseph Gilbert Elementary
10720138,Randall's # 2987 Grocery,5145 FM 620 N,Austin,5,98,97,99,2026-04-21,99,Grocery,Randall's # 2987 Grocery
10750623,Tokyo Gardens Catering,2508 E Riverside Dr,Austin,4,98,94,100,2026-03-09,94,Institutional & Catering,Tokyo Gardens Catering
10764429,Whole Foods Market - Bakery,4301 W William Cannon Dr Bldg B,Austin,5,98,96,100,2026-02-09,96,Grocery,Whole Foods Market - Bakery
10789973,Jack in the Box #864,14910 FM 1825,Pflugerville,4,98,97,99,2026-02-23,98,Restaurant & Food Service,Jack in the Box
11055570,Whole Foods Market - Meat Department,11920 Domain Dr,Austin,3,98,95,100,2025-05-28,95,Grocery,Whole Foods Market - Meat Department
11066721,Taco Bell #030168,2600 W Braker Ln,Austin,4,98,94,100,2026-03-03,100,Restaurant & Food Service,Taco Bell
11119806,LW - Wendy's Old Fashion Hamburgers #122,2404 S FM 620 Rd,Lakeway,7,98,95,100,2026-04-16,98,Restaurant & Food Service,LW - Wendy's Old Fashion Hamburgers
11199110,Dearing Elementary School,4301 Gattis School Rd,Pflugerville,6,98,95,100,2026-03-24,95,School & Childcare,Dearing Elementary School
11281491,Circle K #2743958,12307 Dessau Rd,Austin,3,98,98,98,2026-01-14,98,Convenience & Fuel,Circle K
11399164,Seton Northwest Coffee Shop,11113 Research NB Blvd,Austin,3,98,96,99,2025-12-08,96,Restaurant & Food Service,Seton Northwest Coffee Shop
11413884,Tiff's Treats,1235 E 51st St,Austin,3,98,96,100,2026-01-15,100,Restaurant & Food Service,Tiff's Treats
11570634,IDEA Public Schools,1700 E Slaughter Ln,Austin,6,98,95,100,2026-05-18,97,School & Childcare,IDEA Public Schools
11661013,Reel Popcorn,8708 S Congress Ave,Austin,3,98,98,98,2025-09-16,98,Restaurant & Food Service,Reel Popcorn
11726156,Austinuts,12911 Beltex Rd,Manor,3,98,97,99,2025-12-18,99,Restaurant & Food Service,Austinuts
11979541,Atrium Gift Shop,919 E 32nd St,Austin,3,98,95,100,2026-03-30,95,Restaurant & Food Service,Atrium Gift Shop
12045490,Homewood Suites Austin NW,10925 Stonelake Blvd,Austin,4,98,96,100,2026-05-21,98,Restaurant & Food Service,Homewood Suites Austin NW
12134032,"Crossmark, Inc # 6188",10901 Lakeline Mall Dr,Austin,3,98,97,99,2025-04-28,99,Restaurant & Food Service,"Crossmark, Inc"
12185951,Primrose School of Austin at Mueller,2200 Aldrich St Ste 130,Austin,5,98,96,100,2026-04-27,96,School & Childcare,Primrose School of Austin at Mueller
12392631,PF - Cele Middle School,6000 Cele Rd,Pflugerville,6,98,96,100,2026-03-09,96,School & Childcare,PF - Cele Middle School
12392899,PF - Target Store T-2495 (Starbucks),18700 Limestone Commercial Dr Ste 100,Pflugerville,6,98,96,99,2026-03-23,99,Grocery,PF - Target Store T-2495 (Starbucks)
12393406,Little Explorers Child Care,2313 Teri Rd,Austin,3,98,96,99,2025-06-02,96,School & Childcare,Little Explorers Child Care
12393641,Mr. Gattis Pizza #106,12110 Manchaca Rd,Austin,6,98,96,99,2026-04-16,98,Restaurant & Food Service,Mr. Gattis Pizza
12394543,Campus on Lake Austin - Charlie's Place,4907 Fm 2222,Austin,3,98,96,99,2026-01-16,96,Restaurant & Food Service,Campus on Lake Austin - Charlie's Place
12395299,PF - Baskin Robbins,1552 FM 685 Ste 103,Pflugerville,3,98,97,99,2025-07-28,98,Restaurant & Food Service,PF - Baskin Robbins
12396238,Dell Jewish Community Ctr (Shalom Austin) Concession,7300 Hart Ln,Austin,3,98,97,100,2025-12-01,97,Venue & Concessions,Dell Jewish Community Ctr (Shalom Austin) Concession
12396299,Central Health,2901 Montopolis Dr,Austin,4,98,97,100,2026-01-16,98,Restaurant & Food Service,Central Health
12396557,CookUnity Inc.,1300 E Anderson Ln Apt 1002 Bldg D,Austin,3,98,97,100,2026-03-17,100,Restaurant & Food Service,CookUnity Inc.
12397150,Jinx Bread,3400 Comsouth Dr,Austin,4,98,96,100,2026-01-16,100,Restaurant & Food Service,Jinx Bread
12397480,PF - Amazing Explorers Academy,19124 Pleasant Bay Dr,Pflugerville,4,98,94,100,2025-07-25,94,School & Childcare,PF - Amazing Explorers Academy
12398159,McDonald's #22727,12443 Metric Blvd,Austin,5,98,94,100,2026-03-10,99,Restaurant & Food Service,McDonald's
12398169,"Tokyo Gardens Catering, LLC",2652 Lake Austin Blvd,Austin,8,98,95,100,2026-04-14,99,Institutional & Catering,"Tokyo Gardens Catering, LLC"
12398182,Caffe Macs Beverage/Storage,6900 W Parmer Ln,Austin,3,98,94,100,2025-12-18,94,Restaurant & Food Service,Caffe Macs Beverage
12398184,Caffe Macs North,6900 W Parmer Ln,Austin,3,98,95,100,2025-12-18,95,Restaurant & Food Service,Caffe Macs North
12398800,Caffe Macs AC1 Catering,6900 W Parmer Ln,Austin,3,98,97,100,2025-12-18,97,Institutional & Catering,Caffe Macs AC1 Catering
12399115,COTA - Velocity Bar (V-Grill {right} & V-Smoque {left}),9201 Circuit of the Americas Blvd,Del Valle,5,98,95,100,2026-03-26,95,Venue & Concessions,COTA - Velocity Bar (V-Grill {right} & V-Smoque {left})
12399381,Sprouts Farmers Market #162,1201 Barbara Jordan Blvd Ste 700,Austin,5,98,95,100,2026-02-03,96,Grocery,Sprouts Farmers Market
12400511,Tiny Pies,5035 Burnet Rd Ste 100,Austin,4,98,96,100,2026-01-21,96,Restaurant & Food Service,Tiny Pies
12401679,Violette Bakehouse,2901 Medical Arts St Ste 300,Austin,3,98,94,100,2026-02-04,94,Restaurant & Food Service,Violette Bakehouse
12396015,McDonald's #424,5355 N Interstate 35 Unit B,Austin,8,97.88,92,100,2026-03-30,99,Restaurant & Food Service,McDonald's
12186659,PF - Wingstop #1112,18816 Limestone Commercial Dr Ste 400,Pflugerville,7,97.86,95,100,2026-03-02,95,Restaurant & Food Service,PF - Wingstop
12392366,PF - Taco Bell # 30092,1712 FM 685,Pflugerville,7,97.86,95,100,2026-02-25,97,Restaurant & Food Service,PF - Taco Bell
12392431,PF - Whataburger #982,18609 Limestone Commercial Dr,Pflugerville,7,97.86,96,99,2026-03-13,99,Restaurant & Food Service,PF - Whataburger
2800008,Wooldridge Elementary,1412 Norseman Ter,Austin,6,97.83,96,100,2026-04-23,99,School & Childcare,Wooldridge Elementary
2800116,Liberal Arts and Science Academy (LASA),1012 Arthur Stiles Rd,Austin,6,97.83,95,100,2026-04-22,100,School & Childcare,Liberal Arts and Science Academy (LASA)
2800590,Casis Elementary School,2710 Exposition Blvd,Austin,6,97.83,95,100,2026-04-02,100,School & Childcare,Casis Elementary School
2800920,Bluebonnet Trail Elementary,11316 Farmhaven Rd,Austin,6,97.83,95,100,2026-04-15,95,School & Childcare,Bluebonnet Trail Elementary
2801291,Dennis Cowan Elementary School,2817 Kentish Dr,Austin,6,97.83,95,100,2026-05-21,98,School & Childcare,Dennis Cowan Elementary School
2801702,Dessau Middle School,12900 Dessau Rd,Austin,6,97.83,97,100,2026-05-08,100,School & Childcare,Dessau Middle School
10066455,Blazier Elementary School,8601 Vertex Blvd,Austin,6,97.83,93,100,2026-04-10,96,School & Childcare,Blazier Elementary School
12178069,Tokyo Gardens Catering,2701 E 7th St,Austin,6,97.83,94,100,2026-02-23,100,Institutional & Catering,Tokyo Gardens Catering
12185830,Idea Parmer Park,1438 E Yager Ln,Austin,6,97.83,97,99,2026-05-11,98,Restaurant & Food Service,Idea Parmer Park
12392645,PF - Murchison Elementary School,2215 Kelly Ln,Pflugerville,6,97.83,94,100,2026-05-19,98,School & Childcare,PF - Murchison Elementary School
12395995,PF - McDonald's,1517 FM 685,Pflugerville,6,97.83,95,100,2025-12-05,95,Restaurant & Food Service,PF - McDonald's
12396009,Delicious Tamales,1931 E Oltorf St Ste G,Austin,6,97.83,94,100,2026-05-21,99,Restaurant & Food Service,Delicious Tamales
2802238,St Francis School,300 E Huntland Dr,Austin,5,97.8,96,100,2026-05-19,100,School & Childcare,St Francis School
11249530,Chipotle Mexican Grill,1920 E Riverside Dr Unit 150,Austin,5,97.8,96,100,2026-02-17,99,Restaurant & Food Service,Chipotle Mexican Grill
11258261,BC - Einstein Bros. Bagels #3633,12532 Bee Cave Rd,Bee Cave,5,97.8,94,100,2026-01-07,98,Restaurant & Food Service,BC - Einstein Bros. Bagels
11826728,Almost Grown,18901 Hamilton Pool Rd,Dripping Springs,5,97.8,95,99,2026-01-22,97,Restaurant & Food Service,Almost Grown
2801468,Children's Courtyard,11718 Metric Blvd,Austin,4,97.75,95,100,2026-03-10,99,Restaurant & Food Service,Children's Courtyard
2801522,Whataburger #736,14310 N Ih 35,Austin,4,97.75,95,99,2026-02-03,98,Restaurant & Food Service,Whataburger
2803042,Whataburger,6301 W Parmer Ln,Austin,4,97.75,96,100,2026-01-22,97,Restaurant & Food Service,Whataburger
10004620,LW - Brookdale Lakeway Skilled Nursing,1917 Lohmans Crossing Rd,Lakeway,4,97.75,94,99,2025-08-28,99,Healthcare,LW - Brookdale Lakeway Skilled Nursing
10008532,Panda Express #1415,7718 Burnet Rd,Austin,4,97.75,96,99,2026-02-18,96,Restaurant & Food Service,Panda Express
10767728,Kikka@Whole Foods Arbor Trails,4301 W William Cannon Dr Bldg B,Austin,4,97.75,92,100,2026-02-09,92,Grocery,Kikka@Whole Foods Arbor Trails
11239863,"Soup Peddler, The",13219 N US 183 Hwy NB Service Rd Unit 400,Austin,4,97.75,96,99,2026-03-06,96,Restaurant & Food Service,"Soup Peddler, The"
11558514,Yummi Sushi/GB Division,4001 N Lamar Blvd,Austin,4,97.75,97,99,2025-07-09,98,Restaurant & Food Service,Yummi Sushi
12101266,Starbucks # 52483,2401 Cardinal Loop,Del Valle,4,97.75,96,99,2026-03-30,99,Restaurant & Food Service,Starbucks
12393026,Chipotle Mexican Grill #3527,5000 W Slaughter Ln Bldg 3,Austin,4,97.75,96,99,2025-07-15,98,Restaurant & Food Service,Chipotle Mexican Grill
12396089,Mr Gattis Pizza #108,3720 Far West Blvd Ste 114,Austin,4,97.75,96,99,2026-02-26,99,Restaurant & Food Service,Mr Gattis Pizza
12397130,Anderson Mill KinderCare,9706 Anderson Mill Rd,Austin,4,97.75,95,100,2025-12-03,100,School & Childcare,Anderson Mill KinderCare
12397267,BC - Lake Hills Church,11431 Bee Cave Rd,Bee Cave,4,97.75,93,100,2026-05-19,98,Restaurant & Food Service,BC - Lake Hills Church
12392543,PF - Golden Chick,1103 W Pecan St,Pflugerville,7,97.71,94,100,2026-03-12,99,Restaurant & Food Service,PF - Golden Chick
12392904,"PF - Tokyo Garden Catering, LLC",201 FM 685,Pflugerville,7,97.71,95,100,2026-04-21,95,Institutional & Catering,"PF - Tokyo Garden Catering, LLC"
2800127,Barrington Elementary,400 Cooper Dr,Austin,6,97.67,96,100,2026-03-30,96,School & Childcare,Barrington Elementary
2800261,Sanchez Elementary School,73 San Marcos St,Austin,6,97.67,90,100,2026-05-19,99,School & Childcare,Sanchez Elementary School
2800282,Kealing Jr. High School,1607 Pennsylvania Ave,Austin,6,97.67,96,99,2026-05-19,99,School & Childcare,Kealing Jr. High School
2800529,Flea Market #stage,9500 E US 290 Hwy WB Service Rd,Austin,3,97.67,97,99,2026-02-07,97,Restaurant & Food Service,Flea Market #stage
2800612,Crockett High School,5601 Menchaca Rd,Austin,6,97.67,94,100,2026-05-18,97,School & Childcare,Crockett High School
2800970,Little Folks Bilingual CDC,5706 Reicher Dr,Austin,3,97.67,95,100,2025-11-03,98,School & Childcare,Little Folks Bilingual CDC
2801001,Whole Foods Market/Deli,9607 Research NB Blvd Unit 300,Austin,3,97.67,95,100,2026-01-21,100,Grocery,Whole Foods Market
2801129,HEB #20 Deli & Bakery,6001 W Parmer Ln,Austin,3,97.67,96,99,2026-02-04,99,Grocery,HEB #20 Deli & Bakery
2801406,Forest North Elementary School,13414 Broadmeade Ave,Austin,6,97.67,95,99,2026-05-11,97,School & Childcare,Forest North Elementary School
2802625,Tokyo Gardens Catering,7301 N FM 620 Rd Ste 660,Austin,3,97.67,96,100,2026-02-19,97,Institutional & Catering,Tokyo Gardens Catering
2803419,Walgreen's #2462,1144 Airport Blvd,Austin,3,97.67,96,99,2026-01-28,98,Convenience & Fuel,Walgreen's
2803714,Walgreens #4761,6200 W William Cannon Dr,Austin,3,97.67,96,99,2025-08-29,96,Convenience & Fuel,Walgreens
2803742,Walgreens #04704,4501 Guadalupe St,Austin,3,97.67,95,100,2026-03-17,98,Convenience & Fuel,Walgreens
2803921,Sam's Club #6453 Bakery,9700 N Capital of Texas Hwy,Austin,3,97.67,96,100,2026-03-24,96,Grocery,Sam's Club #6453 Bakery
2804029,CVS/Pharmacy #7719,2900 W Anderson Ln,Austin,3,97.67,96,100,2025-11-25,96,Convenience & Fuel,CVS
2804053,Whole Foods Market - Retail Foods,525 N Lamar Blvd,Austin,3,97.67,96,100,2026-03-02,96,Grocery,Whole Foods Market - Retail Foods
10002549,MN - Manor Middle School,12900 Gregg Manor Rd,Manor,6,97.67,91,100,2026-03-04,100,School & Childcare,MN - Manor Middle School
10038665,Samsung Austin Semiconductor- A2/Compass Group,12100 Samsung Blvd,Austin,3,97.67,96,99,2025-03-05,98,Institutional & Catering,Samsung Austin Semiconductor- A2
10172143,Tiff's Treats,11011 Research NB Blvd Unit 310,Austin,3,97.67,96,99,2025-10-30,99,Restaurant & Food Service,Tiff's Treats
10340373,Subway #45205,9900 W Parmer Ln Unit 110,Austin,3,97.67,95,99,2025-11-05,99,Restaurant & Food Service,Subway
10352489,Con'olio Oils & Vinegars,10000 Research SB Blvd Unit 130,Austin,3,97.67,95,100,2025-10-28,100,Restaurant & Food Service,Con'olio Oils & Vinegars
10405942,Congress Ave Grocery,227 Congress Ave,Austin,3,97.67,93,100,2026-03-03,100,Grocery,Congress Ave Grocery
10770465,Tania's Tots Learning Center,15400 Marsha St,Austin,3,97.67,93,100,2026-04-06,100,School & Childcare,Tania's Tots Learning Center
10795300,D Lites Ice Cream Shop,4404 W William Cannon Dr,Austin,3,97.67,95,99,2026-04-28,95,Restaurant & Food Service,D Lites Ice Cream Shop
11050957,In-N-Out Burger,4515 Airport Blvd,Austin,6,97.67,97,98,2026-05-11,97,Restaurant & Food Service,In-N-Out Burger
11075085,Starbucks Coffee Company #19801,301 W 3rd St,Austin,3,97.67,95,99,2026-02-04,95,Restaurant & Food Service,Starbucks Coffee Company
11127582,Dollar Tree # 3211,13729 N US 183 NB Hwy Unit 650,Austin,3,97.67,96,100,2026-01-20,97,Convenience & Fuel,Dollar Tree
11205559,"SquareRut Kava Bar Lamar, LLC",5000 N Lamar Blvd Unit 106,Austin,3,97.67,97,99,2025-02-10,99,Restaurant & Food Service,"SquareRut Kava Bar Lamar, LLC"
11326696,Trader Joe's # 452,211 Walter Seaholm Dr,Austin,3,97.67,94,100,2026-01-15,99,Grocery,Trader Joe's
11538432,"Your Dream Wedding & Events, Inc.",8309 Research NB Blvd,Austin,3,97.67,97,99,2026-05-08,99,Restaurant & Food Service,"Your Dream Wedding & Events, Inc."
11958735,11 Degrees Daiquiri,2700 W Pecan St,Pflugerville,3,97.67,96,100,2026-04-09,96,Restaurant & Food Service,11 Degrees Daiquiri
12021398,"Salvation Army, The",4700 Manor Rd,Austin,3,97.67,97,98,2026-03-25,98,Restaurant & Food Service,"Salvation Army, The"
12090172,Sonesta Simply Suites Austin Arboretum,9701 Stonelake Blvd,Austin,3,97.67,96,99,2026-05-20,99,Restaurant & Food Service,Sonesta Simply Suites Austin Arboretum
12134018,"Crossmark, Inc CSC# 6453",9700 N Capital of Texas Hwy,Austin,3,97.67,95,100,2026-03-24,98,Restaurant & Food Service,"Crossmark, Inc CSC#"
12185708,LW - Tokyo Gardens Catering LLC,2000 S FM 620 Rd,Lakeway,3,97.67,96,100,2025-09-11,100,Institutional & Catering,LW - Tokyo Gardens Catering LLC
12185784,Murphy USA #6929,1030 Norwood Park Blvd Bldg 2,Austin,3,97.67,97,99,2026-04-16,99,Restaurant & Food Service,Murphy USA
12186471,AmazonFresh-UTX9,4616 W Howard Ln,Austin,3,97.67,95,100,2026-05-21,98,Restaurant & Food Service,AmazonFresh-UTX9
12392611,BC - WOW Donut,3267 Bee Caves Rd Ste 113,Austin,3,97.67,95,100,2026-04-02,95,Restaurant & Food Service,BC - WOW Donut
12394210,LW - Texas Beef Traders,2127 Lohmans Crossing Rd Ste 310,Austin,3,97.67,97,98,2026-03-25,98,Restaurant & Food Service,LW - Texas Beef Traders
12396406,Dominos,6929 Airport Blvd Ste 100,Austin,3,97.67,96,100,2026-01-29,97,Restaurant & Food Service,Dominos
12396656,BC - Sunlife Organics,3944 S FM 620 Rd Bldg 6,Bee Cave,3,97.67,96,100,2026-02-20,97,Restaurant & Food Service,BC - Sunlife Organics
12396779,Dutch Bros Coffee,1815 E Parmer Ln,Austin,3,97.67,97,98,2025-11-20,97,Restaurant & Food Service,Dutch Bros Coffee
12397908,Whataburger #1316,3201 Bee Caves Rd Ste 180,Austin,3,97.67,95,100,2026-02-24,98,Restaurant & Food Service,Whataburger
12400679,BC - Schlotzsky's,3944 S FM 620 Rd Bldg 2 Ste 100,Austin,3,97.67,94,100,2025-11-20,100,Restaurant & Food Service,BC - Schlotzsky's
12400866,BC - International School of Texas,15506 W Sh 71,Bee Cave,3,97.67,96,99,2026-04-28,98,School & Childcare,BC - International School of Texas
12400975,BC - Curry Pizza House - Bee Cave,3620 S FM 620 Rd Ste 160,Bee Cave,3,97.67,96,100,2026-03-31,97,Restaurant & Food Service,BC - Curry Pizza House - Bee Cave
2800654,HEB Deli #236,1434 W Wells Branch Pkwy,Pflugerville,5,97.6,96,100,2026-01-20,96,Grocery,HEB Deli
2802961,Mr. Gatti's,1615 Grand Avenue Pkwy,Pflugerville,5,97.6,96,100,2026-03-09,96,Restaurant & Food Service,Mr. Gatti's
10061666,Dominos Pizza,9616 n Lamar Blvd,Austin,5,97.6,95,99,2026-01-29,95,Restaurant & Food Service,Dominos Pizza
10243922,Tender Memories Learning Center,308 W Stassney Ln,Austin,5,97.6,95,99,2026-01-14,95,School & Childcare,Tender Memories Learning Center
10260547,BC - Chick-Fil-A of Lake Travis,3600 S FM 620 Rd Ste C,Bee Cave,5,97.6,95,100,2026-02-25,100,Restaurant & Food Service,BC - Chick-Fil-A of Lake Travis
10720286,Randall's # 2987 Meat / Seafood,5145 FM 620 N,Austin,5,97.6,94,100,2026-04-21,97,Restaurant & Food Service,Randall's # 2987 Meat
11356592,Austin Achieve Public Schools,5908 Manor Rd,Austin,5,97.6,94,100,2026-05-14,99,School & Childcare,Austin Achieve Public Schools
11648746,Wingstop # 1219,5455 N Interstate 35,Austin,5,97.6,94,99,2025-12-18,94,Restaurant & Food Service,Wingstop
11714231,Double Dave's Pizzaworks,8947 FM 2244 Rd Ste 201,Austin,5,97.6,95,100,2026-02-17,95,Restaurant & Food Service,Double Dave's Pizzaworks
11755890,Starbucks #48298,3120 Palm Way Ste 110,Austin,5,97.6,93,100,2026-01-12,97,Restaurant & Food Service,Starbucks
11927026,Sweet Briar CDC LLC,205 Sandra St,Austin,5,97.6,91,100,2026-03-27,91,School & Childcare,Sweet Briar CDC LLC
12392385,PF - Popeye's #303,1547 FM 685,Pflugerville,5,97.6,94,100,2025-11-18,98,Restaurant & Food Service,PF - Popeye's
12393475,PF - Recs Hushpuppie Heaven,200 E Pecan St Ste 1,Pflugerville,5,97.6,94,99,2025-11-20,98,Restaurant & Food Service,PF - Recs Hushpuppie Heaven
12396012,McDonald's #14128,1024 E Anderson WB Ln,Austin,5,97.6,95,99,2026-02-09,99,Restaurant & Food Service,McDonald's
12396766,Chick - Fil - A Barton Creek Square Mall,2901 S Capital of Texas Hwy Ste Vc8,Austin,5,97.6,95,100,2026-04-23,97,Restaurant & Food Service,Chick - Fil - A Barton Creek Square Mall
2800061,Chi Omega,2711 Rio Grande St,Austin,4,97.5,96,99,2026-02-05,97,Restaurant & Food Service,Chi Omega
2800268,Covington Jr High School,3700 Convict Hill Rd,Austin,6,97.5,94,100,2026-05-11,98,School & Childcare,Covington Jr High School
2800281,Graham Elementary School,11211 Tom Adams Dr,Austin,6,97.5,95,100,2026-05-11,95,School & Childcare,Graham Elementary School
2800327,Martin Jr High School,1601 Haskell St,Austin,6,97.5,94,100,2026-05-19,97,School & Childcare,Martin Jr High School
2800454,Campbell Elementary School,2613 Rogers Ave,Austin,6,97.5,94,100,2026-05-20,98,School & Childcare,Campbell Elementary School
2800498,Stepping Stone Child Care,1710 Richcreek Rd,Austin,4,97.5,95,99,2025-11-07,95,School & Childcare,Stepping Stone Child Care
2800695,West Ridge Middle School,9201 Scenic Bluff Dr,Austin,6,97.5,90,99,2026-04-01,99,School & Childcare,West Ridge Middle School
2801095,Hillcrest Elementary School,6910 E William Cannon Dr,Austin,6,97.5,95,100,2026-04-27,97,School & Childcare,Hillcrest Elementary School
2803584,Wheatsville Food Co-Op,3101 Guadalupe St,Austin,4,97.5,96,100,2026-04-07,96,Restaurant & Food Service,Wheatsville Food Co-Op
11293693,Sam's Club #6188 - Snack Bar,10901 Lakeline Mall Dr,Austin,4,97.5,95,100,2025-11-25,99,Grocery,Sam's Club #6188 - Snack Bar
11499690,Parmer Lane 5 Caffe Macs-Upstairs,5505 W Parmer Ln Bldg 5,Austin,4,97.5,96,100,2025-12-18,96,Restaurant & Food Service,Parmer Lane 5 Caffe Macs-Upstairs
11914205,Sage Recovery Villa,7201 Gilbert Rd,Manor,4,97.5,90,100,2026-04-22,100,Restaurant & Food Service,Sage Recovery Villa
12176451,Omni Barton Creek Resort & Spa - Pavilion,8212 Barton Club Dr Bldg E,Austin,4,97.5,94,99,2026-01-21,98,Restaurant & Food Service,Omni Barton Creek Resort & Spa - Pavilion
12185967,Fat Cats Organic Coffee & Desserts,7020 Easy Wind Dr Ste 140,Austin,4,97.5,95,100,2025-10-23,97,Restaurant & Food Service,Fat Cats Organic Coffee & Desserts
12186624,Whataburger,1616 E Oltorf St,Austin,6,97.5,95,99,2026-05-06,99,Restaurant & Food Service,Whataburger
12392494,PF - Pizza Hut,1713 FM 685 Ste 100,Pflugerville,6,97.5,93,100,2026-04-16,95,Restaurant & Food Service,PF - Pizza Hut
12392628,PF - Pflugerville Elementary School,701 Immanuel Rd,Pflugerville,6,97.5,92,100,2026-03-24,99,School & Childcare,PF - Pflugerville Elementary School
12392640,PF - Caldwell Elementary School,1718 Picadilly Dr,Round Rock,6,97.5,95,100,2026-02-17,95,School & Childcare,PF - Caldwell Elementary School
12393069,Tokyo Garden Catering LLC,9414 N Lamar Blvd,Austin,4,97.5,94,100,2026-01-16,99,Institutional & Catering,Tokyo Garden Catering LLC
12394024,Primrose School of Shady Hollow,12341 Brodie Ln,Austin,6,97.5,95,100,2026-01-09,98,School & Childcare,Primrose School of Shady Hollow
12394358,House of Little Angels,5611 West Gate Blvd,Austin,4,97.5,95,100,2026-02-24,98,Restaurant & Food Service,House of Little Angels
12397032,Five Guys Burgers & Fries #1097,4301 W William Cannon Dr Ste B180,Austin,4,97.5,97,98,2026-04-20,98,Restaurant & Food Service,Five Guys Burgers & Fries
12398699,LW - Jimmy John's,2410 S FM 620 Rd Unit 100,Austin,4,97.5,94,100,2026-04-15,97,Restaurant & Food Service,LW - Jimmy John's
2802892,Wingstop #188,9616 n Lamar Blvd,Austin,5,97.4,91,100,2025-09-03,97,Restaurant & Food Service,Wingstop
2803045,Whole Foods - Prepared Foods #2,525 N Lamar Blvd,Austin,5,97.4,96,100,2026-03-03,97,Grocery,Whole Foods - Prepared Foods
10745429,LW - Starbucks Coffee Company #6364,2410 S FM 620 Rd,Lakeway,5,97.4,96,99,2026-04-15,97,Restaurant & Food Service,LW - Starbucks Coffee Company
10747701,Tokyo Gardens Catering,1434 W Wells Branch Pkwy,Pflugerville,5,97.4,93,100,2026-01-20,96,Institutional & Catering,Tokyo Gardens Catering
11113295,WL - Juiceland,701 S Capital of Texas Hwy Ste E580,West Lake Hills,5,97.4,94,100,2026-01-23,100,Restaurant & Food Service,WL - Juiceland
11407604,"LW - Goddard School, The",301 Medical Pkwy,Lakeway,5,97.4,94,100,2026-02-04,97,School & Childcare,"LW - Goddard School, The"
11853705,Fairmont Austin - Employee Cafeteria (Level 2),101 Red River St,Austin,5,97.4,96,99,2025-12-01,97,Institutional & Catering,Fairmont Austin - Employee Cafeteria (Level 2)
12044030,Hampton Inn- Austin NW,3908 W Braker Ln,Austin,5,97.4,95,100,2026-03-04,95,Restaurant & Food Service,Hampton Inn- Austin NW
2800164,Navarro High School,1201 Payton Gin Rd,Austin,6,97.33,95,99,2026-02-18,99,School & Childcare,Navarro High School
2800200,Burnet Jr. High,8401 Hathaway Dr,Austin,6,97.33,94,100,2026-02-18,98,Restaurant & Food Service,Burnet Jr. High
2800627,Kathy Caraway Elementary School,11104 Oak View Dr,Austin,6,97.33,95,100,2026-05-11,96,School & Childcare,Kathy Caraway Elementary School
2800676,Northwest Elementary School,14014 Thermal Dr,Austin,6,97.33,91,100,2026-05-20,100,School & Childcare,Northwest Elementary School
2800909,Randall's #2482-Deli,8040 Mesa Dr,Austin,3,97.33,96,99,2025-12-05,97,Restaurant & Food Service,Randall's #2482-Deli
2801131,Starbucks Coffee #6227,2727 Exposition Blvd Ste 126,Austin,3,97.33,95,100,2026-05-21,100,Restaurant & Food Service,Starbucks Coffee
2801497,Bright Horizons Family Solution,2411 W Braker Ln,Austin,3,97.33,94,100,2025-02-13,100,Restaurant & Food Service,Bright Horizons Family Solution
2801701,Westlake High School,3800 Westbank Dr,West Lake Hills,6,97.33,95,99,2026-04-16,99,School & Childcare,Westlake High School
2802103,Wal-Mart #3569 (Deli/Bakery),12900 N IH 35 Service Rd SB,Austin,3,97.33,96,99,2026-04-15,97,Grocery,Wal-Mart #3569 (Deli
2802860,"Children's Center of Austin, The",8100 FM 2244 Rd,Austin,6,97.33,94,100,2025-12-19,99,Restaurant & Food Service,"Children's Center of Austin, The"
2803506,Walgreens #3341,5600 S 1st St,Austin,3,97.33,96,98,2026-02-04,96,Convenience & Fuel,Walgreens
2803679,Target #1542,5621 N IH 35 Service Rd Nb,Austin,3,97.33,96,98,2026-03-26,98,Grocery,Target
2803812,C- Mart #9,8523 Research NB Blvd,Austin,3,97.33,94,100,2026-02-17,94,Restaurant & Food Service,C- Mart
10016822,Hampton Inn and Suites Austin,10811 Pecan Park Blvd,Austin,3,97.33,97,98,2026-04-28,97,Restaurant & Food Service,Hampton Inn and Suites Austin
10064817,Presidential Meadows Elementary Kitchen,13252 George Bush St,Manor,6,97.33,93,100,2026-04-13,96,School & Childcare,Presidential Meadows Elementary Kitchen
10219601,Child Development Center,3901 Shoal Creek Blvd,Austin,3,97.33,94,99,2026-05-19,94,School & Childcare,Child Development Center
10307237,Randall's #2475- Bakery,5311 Balcones Dr,Austin,3,97.33,96,99,2026-01-28,97,Restaurant & Food Service,Randall's #2475- Bakery
10512069,Harmony Science Academy-Pflugerville,1421 W Wells Branch Pkwy,Pflugerville,6,97.33,94,100,2026-04-27,100,School & Childcare,Harmony Science Academy-Pflugerville
10538425,Deerpark Middle School,8849 Anderson Mill Rd,Austin,6,97.33,96,99,2026-04-24,98,School & Childcare,Deerpark Middle School
11018773,Subway,9300 N Lamar Blvd Unit B,Austin,3,97.33,96,99,2026-02-04,97,Restaurant & Food Service,Subway
11027874,Star Stop 77,13466 N US 183 Hwy SB Service Rd,Austin,3,97.33,95,99,2026-03-23,98,Restaurant & Food Service,Star Stop
11759428,MN - Lagos Elementary,11817 Murchison St,Manor,6,97.33,95,100,2026-03-26,99,School & Childcare,MN - Lagos Elementary
11862547,MN - Red Roof Inn & Suites,11301 E US 290 EB Hwy,Manor,3,97.33,95,100,2025-09-09,97,Restaurant & Food Service,MN - Red Roof Inn & Suites
11985424,Wayside Schools,10704 Bradshaw Rd,Austin,6,97.33,94,100,2026-05-18,94,School & Childcare,Wayside Schools
12030548,Savory Spice Shop,10000 Research SB Blvd Unit 129,Austin,3,97.33,94,100,2026-02-23,100,Restaurant & Food Service,Savory Spice Shop
12039703,Next Level Veggie Grill,525 N Lamar Blvd,Austin,3,97.33,96,99,2025-07-03,96,Restaurant & Food Service,Next Level Veggie Grill
12185626,Insomnia Cookies,2323 San Antonio St,Austin,3,97.33,97,98,2025-09-15,98,Restaurant & Food Service,Insomnia Cookies
12186338,Les Bobos,2707 Rio Grande St Ste 100,Austin,3,97.33,95,100,2026-04-10,95,Restaurant & Food Service,Les Bobos
12392442,CVS / Pharmacy #11210,2213 Airport Blvd,Austin,3,97.33,95,99,2026-03-18,99,Convenience & Fuel,CVS
12392680,PF - Cinemark Stonehill #1058,18820 Hilltop Commercial Dr,Pflugerville,3,97.33,94,100,2025-08-18,94,Restaurant & Food Service,PF - Cinemark Stonehill
12392733,PF - Aldi #97,1415 FM 685 Rd,Pflugerville,3,97.33,96,99,2025-12-02,97,Restaurant & Food Service,PF - Aldi
12393307,"ABCDee Preschool and Daycare, LLC",7202 Dee St,Austin,3,97.33,97,98,2025-08-19,98,School & Childcare,"ABCDee Preschool and Daycare, LLC"
12393515,Mr. Gattis Pizza #102,2121 W Parmer Ln Ste 104,Austin,3,97.33,97,98,2025-06-30,98,Restaurant & Food Service,Mr. Gattis Pizza
12393516,Mr. Gattis Pizza #103,7525 E US 290 Hwy EB Service Rd,Austin,6,97.33,91,100,2026-05-20,100,Restaurant & Food Service,Mr. Gattis Pizza
12395191,Wingstop #1624,7826 W US 290 Hwy Unit 104,Austin,3,97.33,96,100,2025-05-23,100,Restaurant & Food Service,Wingstop
12395233,PF - Jessica Carpenter Elementary School,5100 Pleasanton Pkwy,Pflugerville,6,97.33,92,100,2026-05-19,100,School & Childcare,PF - Jessica Carpenter Elementary School
12396781,Sorrento's Coffee,3021 W Anderson Ln,Austin,3,97.33,97,98,2026-01-27,98,Restaurant & Food Service,Sorrento's Coffee
12397386,DashMart,3709 Promontory Point Dr Ste 212,Austin,3,97.33,96,100,2026-05-11,96,Restaurant & Food Service,DashMart
12398185,Caffe Macs South,6900 W Parmer Ln,Austin,3,97.33,95,100,2025-12-18,100,Restaurant & Food Service,Caffe Macs South
12399262,MN - Manor New Rise Academy,13300 N FM 973 Rd,Manor,6,97.33,94,100,2026-03-30,100,School & Childcare,MN - Manor New Rise Academy
12400668,Lovely - Nutrition LLC,3400 Comsouth Dr,Austin,3,97.33,96,99,2026-01-23,99,Restaurant & Food Service,Lovely - Nutrition LLC
12401259,Jersey Mike's Subs,12407 N Mopac NB Expy,Austin,3,97.33,95,100,2026-05-01,95,Restaurant & Food Service,Jersey Mike's Subs
2802634,Tokyo Garden Catering,7025 Village Center Dr,Austin,4,97.25,95,98,2025-11-07,98,Institutional & Catering,Tokyo Garden Catering
10010126,Domino's Pizza,1807 W Slaughter Ln Ste 465,Austin,4,97.25,96,98,2026-02-18,96,Restaurant & Food Service,Domino's Pizza
10099385,Walgreens #10615,5345 N Interstate 35,Austin,4,97.25,96,98,2026-04-22,98,Convenience & Fuel,Walgreens
12186631,PF - Kinder Haus Child Care Center,18700 Weiss Ln,Pflugerville,4,97.25,93,100,2026-05-01,98,School & Childcare,PF - Kinder Haus Child Care Center
12392993,Starbucks Coffee Company #54430,2711 W Braker Ln,Austin,4,97.25,96,98,2025-11-21,98,Restaurant & Food Service,Starbucks Coffee Company
12395696,"Tokyo Gardens Catering, LLC",7901 W US 290 Hwy,Austin,4,97.25,93,100,2025-07-23,97,Institutional & Catering,"Tokyo Gardens Catering, LLC"
12396851,Fibonacci Food,1300 E Anderson Ln,Austin,4,97.25,93,100,2026-03-30,97,Restaurant & Food Service,Fibonacci Food
2801162,Regal Gateway 16 Cinema #638,9700 Stonelake Blvd,Austin,5,97.2,95,99,2026-05-20,99,Restaurant & Food Service,Regal Gateway 16 Cinema
11066411,Taco Bell #030146,6511 S Ih 35,Austin,5,97.2,96,99,2026-05-14,98,Restaurant & Food Service,Taco Bell
11119229,Wendy's W115/8401,1910 W Braker Ln,Austin,5,97.2,95,100,2026-02-26,98,Restaurant & Food Service,Wendy's W115
11531765,LW - Raising Cane's Restaurants,1600 S FM 620 Rd,Lakeway,5,97.2,95,99,2025-11-20,96,Restaurant & Food Service,LW - Raising Cane's Restaurants
12076818,LW - Lexus of Lakeway,108 S FM 620 Rd,Lakeway,5,97.2,93,99,2025-11-24,99,Restaurant & Food Service,LW - Lexus of Lakeway
12393093,"BC - Auberge at Bee Cave, The",14058 Bee Cave Pkwy Bldg A,Bee Cave,5,97.2,93,100,2025-11-05,100,Restaurant & Food Service,"BC - Auberge at Bee Cave, The"
12394209,Whataburger,2901 Spirit of Texas Dr Ste 100,Austin,5,97.2,95,100,2026-01-29,100,Restaurant & Food Service,Whataburger
12395592,Jeni's Splendid Ice Cream,4616 Triangle Ave Ste 200,Austin,5,97.2,95,99,2025-12-23,95,Restaurant & Food Service,Jeni's Splendid Ice Cream
12398824,Del Valle Middle School (Cafeteria & Concession),5500 Ross Rd,Del Valle,5,97.2,95,98,2026-03-13,95,School & Childcare,Del Valle Middle School (Cafeteria & Concession)
2800216,Allison Elementary,515 Vargas Rd,Austin,6,97.17,92,100,2026-04-22,100,School & Childcare,Allison Elementary
2800332,Patton Elementary School,6001 Westcreek Dr,Austin,6,97.17,93,100,2026-04-22,93,School & Childcare,Patton Elementary School
2800569,Jollyville Elementary,6720 Corpus Christi Dr,Austin,6,97.17,94,99,2026-04-14,97,School & Childcare,Jollyville Elementary
2800602,Bowie High School,4103 W Slaughter Ln,Austin,6,97.17,93,100,2026-05-12,97,School & Childcare,Bowie High School
10018050,MN - Manor New Tech High School,10323 E US 290 Hwy EB Service Rd,Manor,6,97.17,92,100,2026-03-05,92,School & Childcare,MN - Manor New Tech High School
10136746,Harmony School of Science-Austin,11800 Stonehollow Dr,Austin,6,97.17,94,100,2026-05-08,99,School & Childcare,Harmony School of Science-Austin
10179442,WL - Chipotle Mexican Grill #43,3300 Bee Caves Rd Ste 670,West Lake Hills,6,97.17,92,100,2026-05-20,94,Restaurant & Food Service,WL - Chipotle Mexican Grill
10331481,Harmony School of Excellence-Austin,2100 E Saint Elmo Rd Unit 100,Austin,6,97.17,94,100,2026-03-31,98,School & Childcare,Harmony School of Excellence-Austin
11742213,Market Street Pizza,13000 N IH 35 Service Rd SB,Austin,6,97.17,96,99,2026-03-03,96,Restaurant & Food Service,Market Street Pizza
12186645,PF - Rollie Rolls,1101 W Pecan St Ste 8,Pflugerville,6,97.17,93,100,2026-04-30,93,Restaurant & Food Service,PF - Rollie Rolls
12392624,PF - Pace School,700 W Pecan St,Pflugerville,6,97.17,91,100,2026-03-26,100,School & Childcare,PF - Pace School
12394579,Rudy's,2451 S Capital of Texas Hwy,Austin,6,97.17,96,98,2026-05-06,97,Restaurant & Food Service,Rudy's
12394730,Domino's Pizza 8007,11150 Research SB Blvd Unit 203,Austin,6,97.17,93,100,2026-02-02,98,Restaurant & Food Service,Domino's Pizza
12395124,Techridge Burger King,13216 N IH 35 Service Rd SB,Austin,6,97.17,94,100,2026-04-21,100,Restaurant & Food Service,Techridge Burger King
12398076,McDonald's 15170,4501 E Ben White Blvd,Austin,6,97.17,96,98,2026-02-20,97,Restaurant & Food Service,McDonald's
2800054,Palm Elementary School,7601 Dixie Dr,Austin,6,97,94,99,2026-05-04,99,School & Childcare,Palm Elementary School
2800088,Whataburger #481,11135 N IH 35 Service Rd NB,Austin,4,97,91,100,2025-11-07,100,Restaurant & Food Service,Whataburger
2800096,Walnut Creek School,401 W Braker Ln,Austin,6,97,95,99,2026-02-19,95,School & Childcare,Walnut Creek School
2800126,Kiker Elementary School,5913 La Crosse Ave,Austin,6,97,94,99,2026-05-21,96,School & Childcare,Kiker Elementary School
2800350,Gullett Elementary,6310 Treadwell Blvd,Austin,7,97,93,100,2026-04-17,95,School & Childcare,Gullett Elementary
2800525,Flea Market #H,9500 E US 290 Hwy WB Service Rd,Austin,3,97,95,99,2026-02-07,95,Restaurant & Food Service,Flea Market #H
2800549,Helping Hand Home For Children,3804 Avenue B,Austin,4,97,94,100,2026-04-15,97,Restaurant & Food Service,Helping Hand Home For Children
2800847,"Children's Courtyard, The",11012 Harris Branch Pkwy,Austin,4,97,93,99,2026-04-15,93,Restaurant & Food Service,"Children's Courtyard, The"
2801523,McBee Elementary,1001 W Braker Ln,Austin,6,97,94,98,2026-02-19,94,School & Childcare,McBee Elementary
2802113,McDonalds #26418,15900 N Ih 35,Austin,5,97,94,100,2026-05-08,100,Restaurant & Food Service,McDonalds
2802195,Target (Pizza Hut),5621 N IH 35 Service Rd Nb,Austin,5,97,95,99,2026-03-26,99,Grocery,Target (Pizza Hut)
2802655,Wal-Mart Supercenter Deli/Bakery #5317,9300 S Interstate 35 Ste B,Austin,3,97,96,98,2025-07-07,98,Grocery,Wal-Mart Supercenter Deli
2802657,Whole Foods - Kikka,525 N Lamar Blvd,Austin,5,97,93,99,2026-03-02,97,Grocery,Whole Foods - Kikka
2802812,Parque Zaragoza Recreation Center,2608 Gonzales St,Austin,3,97,96,98,2025-08-19,98,Restaurant & Food Service,Parque Zaragoza Recreation Center
2802976,Seton SW Healthcare,7900 FM 1826,Austin,3,97,96,98,2025-06-04,96,Restaurant & Food Service,Seton SW Healthcare
2802997,ABC's & 123's Infant and Child Care Cntr,13419 E US 290 Hwy EB,Manor,4,97,94,98,2026-04-06,98,School & Childcare,ABC's & 123's Infant and Child Care Cntr
2803164,Tokyo Gardens,2110 W Slaughter Ln,Austin,3,97,94,100,2025-07-08,100,Restaurant & Food Service,Tokyo Gardens
2803531,Randall's #2475-Retail,5311 Balcones Dr,Austin,3,97,93,99,2026-01-28,99,Restaurant & Food Service,Randall's #2475-Retail
2804040,Pronto C-Store,8630 Research SB Blvd,Austin,3,97,94,100,2025-10-21,100,Restaurant & Food Service,Pronto C-Store
10002488,CVS Pharmacy #526,10550 W Parmer Ln,Austin,4,97,93,100,2025-10-24,96,Convenience & Fuel,CVS Pharmacy
10005680,Chick-Fil-A,500 E Ben White Blvd Ste B,Austin,3,97,95,99,2025-07-16,95,Restaurant & Food Service,Chick-Fil-A
10030528,CVS/Pharmacy #0213,5526 S Congress Ave,Austin,3,97,97,97,2026-03-31,97,Convenience & Fuel,CVS
10168145,School in the Hills,2900 N Quinlan Park Rd Ste 400,Austin,4,97,91,100,2026-05-20,97,School & Childcare,School in the Hills
10179207,Chipotle Mexican Grill #262,1700 W Parmer Ln Ste 200,Austin,5,97,94,100,2026-04-17,96,Restaurant & Food Service,Chipotle Mexican Grill
10182044,Sommer Elementary,16200 Avery Ranch Blvd,Austin,5,97,95,99,2026-04-15,95,School & Childcare,Sommer Elementary
10184409,"Gustavo ""Gus"" L. Garcia Recreation Center",1201 E Rundberg Ln,Austin,4,97,94,99,2026-01-27,99,Restaurant & Food Service,"Gustavo ""Gus"" L. Garcia Recreation Center"
10184418,Starbuck's,10107 Research NB Blvd,Austin,5,97,95,99,2026-04-30,99,Restaurant & Food Service,Starbuck's
10260923,BC - HEB Food Store #404 (Deli/Bakery),12400 W SH 71,Bee Cave,3,97,92,100,2025-09-19,99,Grocery,BC - HEB Food Store #404 (Deli
10262029,BC - Target #1812 - Starbucks,3702 S FM 620 Rd,Austin,3,97,95,99,2026-05-18,97,Grocery,BC - Target #1812 - Starbucks
10262867,"BC - Yogurt Planet, LLC",12801 Hill Country Blvd Unit 103,Bee Cave,3,97,96,98,2026-05-20,98,Restaurant & Food Service,"BC - Yogurt Planet, LLC"
10357765,Chipotle Mexican Grill,2700 W Anderson Ln Ste 204,Austin,5,97,95,99,2026-04-28,97,Restaurant & Food Service,Chipotle Mexican Grill
10471466,Community Clinical Research,8334 Cross Park Dr,Austin,3,97,95,100,2026-04-03,96,Healthcare,Community Clinical Research
10652260,Stepping Stone School XVII,1007 E 40th St,Austin,3,97,96,98,2026-03-12,96,School & Childcare,Stepping Stone School XVII
10658286,Provident Memory Care,11013 Signal Hill Dr,Austin,3,97,96,98,2025-03-05,98,Healthcare,Provident Memory Care
10828111,Chipotle Mexican Grill #1723,2320 S Lamar Blvd,Austin,3,97,95,99,2026-03-30,95,Restaurant & Food Service,Chipotle Mexican Grill
10860672,Dollar General Store #13115,1401 S Pleasant Valley Rd,Austin,3,97,95,99,2026-04-06,95,Convenience & Fuel,Dollar General Store
10901300,WL - Pinkberry #170,3300 Bee Caves Rd,West Lake Hills,3,97,96,99,2025-11-03,96,Restaurant & Food Service,WL - Pinkberry
11040160,Juiceland,2601 E Cesar Chavez St,Austin,4,97,93,99,2026-02-23,93,Restaurant & Food Service,Juiceland
11050047,Royal Blue Grocery,301 Brazos St,Austin,3,97,93,100,2025-03-11,100,Grocery,Royal Blue Grocery
11055566,Whole Foods Market - Seafood,11920 Domain Dr,Austin,4,97,94,99,2025-11-13,97,Grocery,Whole Foods Market - Seafood
11066358,Hampton Inn Austin South,4141 Governors Row,Austin,3,97,95,98,2026-04-23,98,Restaurant & Food Service,Hampton Inn Austin South
11066733,Taco Bell #030141,4811 W Braker Ln,Austin,4,97,92,99,2025-12-26,99,Restaurant & Food Service,Taco Bell
11066742,Taco Bell #030140,201 E Oltorf St,Austin,3,97,94,99,2026-03-12,98,Restaurant & Food Service,Taco Bell
11066744,Taco Bell #030139,3501 Wells Branch Pkwy,Austin,5,97,94,100,2026-02-17,100,Restaurant & Food Service,Taco Bell
11152173,Dollar General # 6619,2205 W Pecan St,Pflugerville,3,97,92,100,2026-04-17,92,Convenience & Fuel,Dollar General
11178828,Kellie's Baking Co.,5245 Burnet Rd,Austin,3,97,95,100,2025-12-23,100,Restaurant & Food Service,Kellie's Baking Co.
11275726,CVS Pharmacy # 10139,7300 N FM 620 Rd,Austin,3,97,95,98,2026-02-24,98,Convenience & Fuel,CVS Pharmacy
11468467,Child Craft School,800 W 30th St,Austin,5,97,95,99,2026-04-22,95,School & Childcare,Child Craft School
11474011,MN - Starbucks # 26036,12608 Lexington St,Manor,6,97,92,100,2026-03-04,98,Restaurant & Food Service,MN - Starbucks
11663014,Sprinkles,3120 Palm Way Ste 100,Austin,4,97,94,99,2025-09-24,94,Restaurant & Food Service,Sprinkles
11663244,Austin Ridge Bible Church,9300 FM 2244 Rd,Austin,5,97,95,99,2026-02-17,96,Restaurant & Food Service,Austin Ridge Bible Church
11688224,First Watch Restaurants #351,2525 W Anderson Ln Unit 145,Austin,3,97,96,98,2026-02-03,97,Restaurant & Food Service,First Watch Restaurants
12134127,Candlewood Suites Austin N,8000 Cross Park Dr,Austin,3,97,95,98,2025-11-19,98,Restaurant & Food Service,Candlewood Suites Austin N
12134961,3Ten,310 W 2nd St Unit 1A,Austin,3,97,95,100,2025-10-27,96,Restaurant & Food Service,3Ten
12176463,Omni Barton Creek Resort & Spa - Banquet Kitchen,8212 Barton Club Dr Bldg G,Austin,5,97,93,99,2026-01-21,96,Restaurant & Food Service,Omni Barton Creek Resort & Spa - Banquet Kitchen
12183593,Omni Barton Creek Resort & Spa - Velvet Joes,8212 Barton Club Dr,Austin,3,97,94,100,2026-01-21,94,Restaurant & Food Service,Omni Barton Creek Resort & Spa - Velvet Joes
12186155,American YouthWorks,1901 E Ben White Blvd,Austin,4,97,96,98,2025-11-21,97,Restaurant & Food Service,American YouthWorks
12186303,Southside Market & BBQ,10515 N Mopac NB Expy Unit 225,Austin,5,97,94,100,2026-04-16,98,Restaurant & Food Service,Southside Market & BBQ
12186436,Tru by Hilton,7900 E Ben White Blvd,Austin,4,97,95,99,2026-05-21,97,Restaurant & Food Service,Tru by Hilton
12392430,First Watch The Daytime Cafe,10710 Research SB Blvd Unit 110,Austin,3,97,96,99,2026-01-28,96,Restaurant & Food Service,First Watch The Daytime Cafe
12392626,PF - Kelly Lane Middle School,18900 Falcon Pointe Blvd,Pflugerville,6,97,90,100,2026-03-24,90,School & Childcare,PF - Kelly Lane Middle School
12393157,Little Sunshine's Playhouse and Preschool,7710 N FM 620 Rd,Austin,4,97,94,100,2026-03-02,100,School & Childcare,Little Sunshine's Playhouse and Preschool
12393235,Norman-Sims Elementary,4001 Tannehill Ln,Austin,6,97,95,100,2026-02-20,100,School & Childcare,Norman-Sims Elementary
12394408,Subway,8023 Mesa Dr,Austin,3,97,95,98,2025-07-18,98,Restaurant & Food Service,Subway
12395255,Whataburger #1191,1719 E Parmer Ln,Austin,8,97,89,100,2026-03-02,100,Restaurant & Food Service,Whataburger
12395691,PF - Abacus Children's Academy,2300 Rowe Ln,Pflugerville,4,97,94,100,2026-02-18,94,School & Childcare,PF - Abacus Children's Academy
12395919,7-Eleven Convenience Store # 41166A,17000 Sweetwater Village Dr,Bee Cave,5,97,94,98,2026-05-04,97,Convenience & Fuel,7-Eleven Convenience Store # 41166A
12396274,Barry's Austin,408 W 2nd St,Austin,3,97,96,98,2025-04-30,98,Restaurant & Food Service,Barry's Austin
12396328,Sleep Inn & Suites,14004 Owen Tech Blvd,Austin,4,97,93,100,2026-04-06,93,Restaurant & Food Service,Sleep Inn & Suites
12396728,Menchie's,1000 E 41st St Ste 255,Austin,3,97,96,99,2025-10-20,96,Restaurant & Food Service,Menchie's
12397989,TXB 63,15701 W SH 71,Austin,5,97,93,100,2025-12-12,93,Restaurant & Food Service,TXB
12398629,Chicknic,15511 W SH 71,Bee Cave,4,97,94,99,2026-04-06,97,Restaurant & Food Service,Chicknic
12399087,Uncle Tetsu #31015,6929 Airport Blvd Ste 151,Austin,4,97,92,99,2026-02-06,98,Restaurant & Food Service,Uncle Tetsu
12399112,COTA - SS Pizza Grand Plaza,9201 Circuit of the Americas Blvd,Del Valle,5,97,95,100,2026-03-26,95,Venue & Concessions,COTA - SS Pizza Grand Plaza
12399114,COTA - SS Pizza Turn 1,9201 Circuit of the Americas Blvd,Del Valle,5,97,93,100,2026-03-26,98,Venue & Concessions,COTA - SS Pizza Turn
12399116,COTA - Rojas Main Grand Stands,9201 Circuit of the Americas Blvd,Del Valle,5,97,94,100,2026-03-26,98,Venue & Concessions,COTA - Rojas Main Grand Stands
12399226,MN - Manor ISD Early College High School,14832 N FM 973 Rd,Manor,5,97,93,100,2026-03-27,98,School & Childcare,MN - Manor ISD Early College High School
12400298,Hawaiian Bros 0084 LLC,3400 Comsouth Dr,Austin,4,97,92,100,2026-01-16,98,Restaurant & Food Service,Hawaiian Bros 0084 LLC
12401327,Rositas Tacos and More,5610 N IH 35 Service Rd SB,Austin,4,97,92,99,2026-05-01,99,Restaurant & Food Service,Rositas Tacos and More
12397220,BC - Maple Street Biscuit Company,3944 FM 620 S Ste 130 Bldg G1,Austin,7,96.86,93,100,2025-12-22,100,Restaurant & Food Service,BC - Maple Street Biscuit Company
2800283,Winn Elementary School,3500 Susquehanna Ln,Austin,6,96.83,93,100,2026-04-22,100,School & Childcare,Winn Elementary School
2800285,Westview Middle School,1805 Scofield Ln,Austin,6,96.83,96,99,2026-04-16,96,School & Childcare,Westview Middle School
2800346,Blackshear Elementary,1712 E 11th St,Austin,6,96.83,94,100,2026-03-06,100,School & Childcare,Blackshear Elementary
2800428,Mathews Elementary School,906 W Lynn St,Austin,6,96.83,96,98,2026-04-02,97,School & Childcare,Mathews Elementary School
2801854,Delco Primary,12900 Dessau Rd,Austin,6,96.83,94,100,2026-05-05,97,Restaurant & Food Service,Delco Primary
10002742,WL - Starbucks Coffee #691,3300 Bee Caves Rd Ste 250,West Lake Hills,6,96.83,95,99,2026-05-20,96,Restaurant & Food Service,WL - Starbucks Coffee
12392339,PF - IDEA Public Schools,1901 E Wells Branch Pkwy,Pflugerville,6,96.83,95,99,2026-04-27,99,School & Childcare,PF - IDEA Public Schools
12393073,SONIC DRIVE-IN #5736,1605 E Parmer Ln,Austin,6,96.83,95,98,2026-04-28,97,Restaurant & Food Service,SONIC DRIVE-IN
12395748,PF - Hissho Sushi @ Target #2495,18700 Limestone Commercial Dr Ste 100,Pflugerville,6,96.83,94,99,2026-04-23,98,Grocery,PF - Hissho Sushi @ Target
2801294,Starbuck's Coffee #6328,4400 N Lamar Blvd,Austin,5,96.8,94,100,2025-12-16,97,Restaurant & Food Service,Starbuck's Coffee
10000498,Chick-Fil-A,161 W Slaughter Ln Bldg B,Austin,5,96.8,93,99,2026-04-16,93,Restaurant & Food Service,Chick-Fil-A
10176471,Chipotle Mexican Grill #92,2230 Guadalupe St,Austin,5,96.8,96,98,2025-11-18,96,Restaurant & Food Service,Chipotle Mexican Grill
11053776,Wayside Schools,6215 Menchaca Rd,Austin,5,96.8,96,98,2026-02-03,97,School & Childcare,Wayside Schools
11629151,Cannon + Belle Restaurant,500 E 4th St,Austin,5,96.8,93,100,2026-01-08,93,Restaurant & Food Service,Cannon + Belle Restaurant
11784413,Starbucks #27863,1606 E Parmer Ln,Austin,5,96.8,94,99,2025-11-04,99,Restaurant & Food Service,Starbucks
11853711,Fairmont Austin - Rules & Regs Pool & Bar (Level 7),101 Red River St,Austin,5,96.8,92,100,2025-12-01,98,Restaurant & Food Service,Fairmont Austin - Rules & Regs Pool & Bar (Level 7)
12394754,Centro,2348 Guadalupe St,Austin,5,96.8,93,100,2026-01-05,99,Restaurant & Food Service,Centro
12395417,SV- CAVA Grill Sunset Valley,5601 Brodie Ln Unit 1525,Sunset Valley,5,96.8,93,100,2025-04-24,99,Restaurant & Food Service,SV- CAVA Grill Sunset Valley
12397780,BC - Panera Bread #6315,12901 Hill Country Blvd,Bee Cave,5,96.8,95,100,2025-11-20,100,Restaurant & Food Service,BC - Panera Bread
12398062,McDonald's 11983,6503 S Ih 35,Austin,5,96.8,94,100,2025-12-17,94,Restaurant & Food Service,McDonald's
12398157,McDonald's #3608,9422 N Lamar Blvd,Austin,5,96.8,94,98,2026-04-29,94,Restaurant & Food Service,McDonald's
2800603,Wally's Burger Express,8107 Mesa Dr,Austin,4,96.75,93,100,2026-05-21,100,Restaurant & Food Service,Wally's Burger Express
2801921,Wingstop Restaurant,500 W William Cannon Dr Ste 422,Austin,4,96.75,95,99,2025-12-22,97,Restaurant & Food Service,Wingstop Restaurant
2802167,Tokyo Gardens Catering,1000 E 41st St,Austin,4,96.75,96,98,2025-12-15,96,Institutional & Catering,Tokyo Gardens Catering
10744463,BC - Whole Foods Market - Prepared Foods,12601 Hill Country Blvd,Bee Cave,4,96.75,92,100,2026-05-11,96,Grocery,BC - Whole Foods Market - Prepared Foods
11388003,Shake Shack The Domain Austin LLC,11228 Domain Dr,Austin,4,96.75,96,97,2026-04-20,96,Restaurant & Food Service,Shake Shack The Domain Austin LLC
11984070,LW - Baylor Scott & White Insitute for Rehabilitation - Lakeway,2000 Medical Dr,Lakeway,4,96.75,91,100,2026-05-22,100,Healthcare,LW - Baylor Scott & White Insitute for Rehabilitation - Lakeway
12392331,PF - Hiwot Injera,616 FM 685 Ste 110A,Pflugerville,4,96.75,95,98,2026-03-10,98,Restaurant & Food Service,PF - Hiwot Injera
2800052,Baby Acapulco #1,1705 S Lakeshore Blvd Ste A,Austin,3,96.67,94,99,2026-04-06,94,Restaurant & Food Service,Baby Acapulco
2800429,Austin High School,1715 W Cesar Chavez St,Austin,6,96.67,94,100,2026-03-26,96,School & Childcare,Austin High School
2800540,Kinder Care Learning Center,6434 S Congress Ave,Austin,3,96.67,96,98,2025-02-20,96,School & Childcare,Kinder Care Learning Center
2800592,Target Store T-0095,8601 Research NB Blvd,Austin,3,96.67,94,99,2025-11-13,97,Grocery,Target Store T-0095
2801056,Popham Elementary School,7014 Elroy Rd,Del Valle,6,96.67,90,100,2026-04-28,100,School & Childcare,Popham Elementary School
2801336,Starbuck's Coffee #6330,2900 W Anderson Ln,Austin,3,96.67,94,98,2026-04-20,98,Restaurant & Food Service,Starbuck's Coffee
2801634,Meals On Wheels and More,3227 E 5th St,Austin,3,96.67,94,98,2025-09-16,94,Restaurant & Food Service,Meals On Wheels and More
2802067,Whataburger #809,3400 W Slaughter Ln,Austin,3,96.67,94,99,2025-03-11,97,Restaurant & Food Service,Whataburger
2803617,"HEB (Packaged, Produce Dairy)",7301 N FM 620 Rd Ste 660,Austin,3,96.67,95,98,2026-02-19,97,Grocery,"HEB (Packaged, Produce Dairy)"
2803661,Walgreens #6861,9307 N Lamar Blvd,Austin,3,96.67,95,99,2026-03-30,99,Convenience & Fuel,Walgreens
10002408,Super 8 Motel,8128 N Interstate 35,Austin,3,96.67,95,99,2026-02-05,95,Restaurant & Food Service,Super 8 Motel
10061972,Starbucks Coffee #11556,2505 W Parmer Ln,Austin,3,96.67,94,100,2026-03-09,100,Restaurant & Food Service,Starbucks Coffee
10065891,Starbucks Coffee #13418,1201 Barbara Jordan Blvd Ste 500,Austin,3,96.67,96,98,2025-12-03,98,Restaurant & Food Service,Starbucks Coffee
10085073,Mobile Loaves & Fishes-Dwntwn Alliance/Churches,1201 Lavaca St,Austin,3,96.67,94,100,2026-05-18,94,Restaurant & Food Service,Mobile Loaves & Fishes-Dwntwn Alliance
10220360,Crisis Respite Center,6222 N Lamar Blvd,Austin,3,96.67,95,99,2025-12-19,96,Restaurant & Food Service,Crisis Respite Center
10243103,Stepping Stone School,12301 Hymeadow Dr,Austin,3,96.67,95,99,2026-03-24,95,School & Childcare,Stepping Stone School
10262022,BC - Target #1812,3702 S FM 620 Rd,Austin,3,96.67,95,99,2026-05-18,95,Grocery,BC - Target
10314272,Westwood High School,12400 Mellow Meadow Dr,Austin,6,96.67,92,100,2026-05-12,92,School & Childcare,Westwood High School
10624924,Dollar General Store #12561,6600 FM 969 Rd,Austin,3,96.67,96,97,2025-09-12,96,Convenience & Fuel,Dollar General Store
10676946,Wienerschnitzel #816,2512 W Braker Ln,Austin,3,96.67,95,99,2026-02-24,95,Restaurant & Food Service,Wienerschnitzel
10789961,Jack in the Box #906,7404 McNeil Dr,Austin,6,96.67,92,99,2026-05-20,98,Restaurant & Food Service,Jack in the Box
10971092,Juiceland Oakhill,6705 W US 290 Hwy Unit 610,Austin,3,96.67,96,97,2025-09-17,96,Restaurant & Food Service,Juiceland Oakhill
11005845,Asian American Resource Center (AARC),8401 Cameron Rd,Austin,3,96.67,94,98,2026-04-03,98,Restaurant & Food Service,Asian American Resource Center (AARC)
11146920,Trader Joe's #454,9722 Great Hills Trl,Austin,3,96.67,90,100,2025-07-21,90,Grocery,Trader Joe's
11190716,Cedar Bend Child Development Center,1808 Cedar Bend Dr,Austin,3,96.67,96,97,2026-03-25,97,School & Childcare,Cedar Bend Child Development Center
11318405,IDEA Public Schools-IDEA Allan,1701 Vargas Rd,Austin,6,96.67,94,100,2026-04-21,96,School & Childcare,IDEA Public Schools-IDEA Allan
11593294,MN - Whataburger #1108,12003 E US 290 EB Hwy,Manor,6,96.67,93,100,2025-11-18,97,Restaurant & Food Service,MN - Whataburger
11621369,Dollar General #16198,13903 FM 812 Rd,Del Valle,3,96.67,94,100,2026-05-05,94,Convenience & Fuel,Dollar General
12186503,ABIA- Starbucks,3600 Presidential Blvd Unit 3701,Austin,3,96.67,93,99,2025-07-15,93,Venue & Concessions,ABIA- Starbucks
12392336,PF - Chili's Grill & Bar,18901 Limestone Commercial Dr,Pflugerville,6,96.67,94,99,2026-02-18,99,Restaurant & Food Service,PF - Chili's Grill & Bar
12392464,PF - Menchie's Frozen Yogurt,2324 FM 685 Ste 200,Pflugerville,3,96.67,96,98,2025-07-28,98,Restaurant & Food Service,PF - Menchie's Frozen Yogurt
12393016,PF - Typhoon Texas Waterpark - The Patio,18500 N Sh 130 Service Rd,Pflugerville,3,96.67,94,100,2025-05-02,96,Restaurant & Food Service,PF - Typhoon Texas Waterpark - The Patio
12393165,Sweetgreen,1007 S Congress Ave Apt 110,Austin,3,96.67,95,99,2026-03-04,95,Restaurant & Food Service,Sweetgreen
12393421,KIPP Met 10,6800 Metropolis Dr Bldg 10,Austin,6,96.67,93,100,2026-05-01,95,Restaurant & Food Service,KIPP Met
12393625,PF - Zaxby's,1301 FM 685,Pflugerville,6,96.67,93,99,2026-01-30,96,Restaurant & Food Service,PF - Zaxby's
12395210,Eastside High School,901 Neal St Unit A,Austin,6,96.67,93,99,2026-04-01,99,School & Childcare,Eastside High School
12396683,McDonald's Restaurant #10125,2114 W Slaughter Ln,Austin,6,96.67,93,100,2025-12-23,96,Restaurant & Food Service,McDonald's Restaurant
12397340,Flo's Wine Bar and Bottle Shop,3111 W 35th St # A,Austin,3,96.67,95,98,2026-03-31,98,Restaurant & Food Service,Flo's Wine Bar and Bottle Shop
12397445,Summer Moon Coffee,15511 W SH 71 Unit 100,Bee Cave,3,96.67,95,99,2026-01-09,99,Restaurant & Food Service,Summer Moon Coffee
12397503,Cava Mezze Grill,10000 Research SB Blvd Unit 101,Austin,3,96.67,94,98,2026-05-01,98,Restaurant & Food Service,Cava Mezze Grill
12398570,Covenant Presbyterian Church,3003 Northland Dr,Austin,3,96.67,95,98,2026-02-12,98,Restaurant & Food Service,Covenant Presbyterian Church
12400202,Nancy's Kitchen,5610 N IH 35 Service Rd SB,Austin,3,96.67,91,100,2026-05-01,91,Restaurant & Food Service,Nancy's Kitchen
12400646,BC - Nothing Bundt Cakes,13011 Shops Pkwy Ste 500,Bee Cave,3,96.67,95,99,2026-01-22,95,Restaurant & Food Service,BC - Nothing Bundt Cakes
12401018,Susie Cakes Bakery,1111 W 6th St Bldg A Ste 110,Austin,3,96.67,94,99,2026-04-14,99,Restaurant & Food Service,Susie Cakes Bakery
12401047,BC - New One Taco,3944 S FM 620 Rd Bldg 3 Ste 130,Austin,3,96.67,90,100,2025-11-20,100,Restaurant & Food Service,BC - New One Taco
2801398,Whataburger #709,13201 N FM 620 NB Rd,Austin,5,96.6,93,99,2026-03-02,99,Restaurant & Food Service,Whataburger
2802441,Whataburger,6611 S Mopac NB Expy,Austin,5,96.6,94,100,2025-12-18,96,Restaurant & Food Service,Whataburger
10664733,Pflugerville Donuts,1700 Grand Avenue Pkwy,Pflugerville,5,96.6,94,100,2026-01-05,95,Restaurant & Food Service,Pflugerville Donuts
10942718,WL - Starbucks Coffee #6238,701 S Capital of Texas Hwy Ste B200,West Lake Hills,5,96.6,91,99,2026-02-02,96,Restaurant & Food Service,WL - Starbucks Coffee
10959881,Circle K #2741551,12300 Harris Branch Pkwy,Manor,5,96.6,95,98,2026-01-14,97,Convenience & Fuel,Circle K
11119761,Wendy's W-105/2022,12421 N Mopac NB Expy,Austin,5,96.6,93,100,2026-02-24,98,Restaurant & Food Service,Wendy's W-105
11666597,El Teriyaki,10601 N Lamar Blvd,Austin,5,96.6,94,99,2026-04-10,99,Restaurant & Food Service,El Teriyaki
11853708,"Fairmont Austin - Banquet Operation (Level 3,4,5)",101 Red River St,Austin,5,96.6,94,99,2025-12-01,97,Restaurant & Food Service,"Fairmont Austin - Banquet Operation (Level 3,4,5)"
12392496,PF - 1st Step Early Learning Center,401 FM 685 Ste 104,Pflugerville,5,96.6,95,98,2026-05-13,97,School & Childcare,PF - 1st Step Early Learning Center
12392990,PF - Panda Express # 1872,18600 Limestone Commercial Dr,Pflugerville,5,96.6,92,99,2025-12-17,92,Restaurant & Food Service,PF - Panda Express
12395315,Bird Bird Biscuit,1401 W Koenig Ln,Austin,5,96.6,94,100,2026-02-12,94,Restaurant & Food Service,Bird Bird Biscuit
12398696,Jimmy John's,10900 Research SB Blvd Unit B-220,Austin,5,96.6,92,100,2026-04-06,97,Restaurant & Food Service,Jimmy John's
12398075,McDonald's 10919,2426 E Riverside Dr,Austin,7,96.57,91,100,2026-02-24,99,Restaurant & Food Service,McDonald's
12396680,WL - McDonald's Restaurant #11210,3300 Bee Caves Rd,West Lake Hills,9,96.56,92,100,2026-05-20,97,Restaurant & Food Service,WL - McDonald's Restaurant
2801346,St Andrews Episcopal School,1112 W 31st St,Austin,4,96.5,96,97,2026-04-30,97,School & Childcare,St Andrews Episcopal School
2801719,Austin Golf Club,24900 W SH 71,Spicewood,4,96.5,94,99,2026-03-04,94,Restaurant & Food Service,Austin Golf Club
2801787,McDonalds,5516 N Lamar Blvd,Austin,4,96.5,92,99,2026-04-28,92,Restaurant & Food Service,McDonalds
2802514,Panda Express,11521 N FM 620 Rd Bldg F,Austin,4,96.5,94,100,2026-03-26,94,Restaurant & Food Service,Panda Express
2803509,U PAK M,11940 Manchaca Rd,Austin,4,96.5,94,98,2026-01-21,98,Restaurant & Food Service,U PAK M
10039193,Virginia L Brown Recreation Center,7500 Blessing Ave,Austin,4,96.5,94,100,2026-04-16,100,Restaurant & Food Service,Virginia L Brown Recreation Center
10486271,John B. Connally HS-Culinary Kitchen,13212 N Lamar Blvd,Austin,6,96.5,95,98,2026-05-19,95,Restaurant & Food Service,John B. Connally HS-Culinary Kitchen
11057565,Kikka at Whole Foods Domain,11920 Domain Dr,Austin,4,96.5,95,99,2025-12-29,95,Grocery,Kikka at Whole Foods Domain
11466573,"Soup Peddler, The",4631 Airport Blvd Ste 130,Austin,4,96.5,93,99,2026-01-13,93,Restaurant & Food Service,"Soup Peddler, The"
11514130,Domino's Pizza #9285,3701 Guadalupe St,Austin,4,96.5,95,99,2025-07-17,95,Restaurant & Food Service,Domino's Pizza
11749365,Austin Travis County Integral Care,6600 E Ben White Blvd,Austin,6,96.5,91,100,2026-05-20,97,Restaurant & Food Service,Austin Travis County Integral Care
11759415,MN - Manor New Tech Middle School,12116 Joyce Turner Dr,Manor,6,96.5,92,100,2026-03-26,98,School & Childcare,MN - Manor New Tech Middle School
11776057,WL - Primrose School of West Lake Hills,3423 Bee Caves Rd Unit A,West Lake Hills,6,96.5,95,99,2026-04-24,96,School & Childcare,WL - Primrose School of West Lake Hills
11779206,MOD Pizza,9600 S Interstate 35,Austin,4,96.5,90,100,2025-06-05,90,Restaurant & Food Service,MOD Pizza
12394141,Salted Brands Inc.,5610 N IH 35,Austin,6,96.5,93,99,2026-04-16,96,Restaurant & Food Service,Salted Brands Inc.
12394862,PF - Precious Moments LLC,701 FM 685,Pflugerville,4,96.5,95,98,2026-04-24,95,Restaurant & Food Service,PF - Precious Moments LLC
12396070,Rainbow Scholars Academy,4600 Nuckols Crossing Rd,Austin,6,96.5,92,100,2026-03-05,96,School & Childcare,Rainbow Scholars Academy
12396111,Dan's Diner LLC (St. Ignatius Martyr School),120 W Oltorf St,Austin,4,96.5,93,99,2026-05-14,93,School & Childcare,Dan's Diner LLC (St. Ignatius Martyr School)
12397315,PF - Dominos 9267,18701 Limestone Commercial Dr Unit 400,Pflugerville,8,96.5,91,100,2026-03-02,95,Restaurant & Food Service,PF - Dominos
12397514,Lefty's Pizza Kitchen Austin,18101 W SH 71 Ste 600,Austin,4,96.5,95,98,2025-12-03,97,Restaurant & Food Service,Lefty's Pizza Kitchen Austin
12398484,Arby's 8888,4411 S Lamar NB Blvd,Austin,4,96.5,95,98,2026-03-19,97,Restaurant & Food Service,Arby's
12398577,Domino's #9365,5701 W Slaughter Ln Bldg A160,Austin,4,96.5,96,98,2025-09-30,96,Restaurant & Food Service,Domino's
10176511,Chipotle Mexican Grill #973,1201 Barbara Jordan Blvd Ste 1300,Austin,5,96.4,94,99,2026-03-19,99,Restaurant & Food Service,Chipotle Mexican Grill
10374904,Abacus School of Austin,14115 Avery Ranch Blvd,Austin,5,96.4,91,100,2026-04-28,97,School & Childcare,Abacus School of Austin
11225177,BC - Primrose School of Bee Cave,3801 Juniper Trce,Austin,5,96.4,94,98,2026-03-16,98,School & Childcare,BC - Primrose School of Bee Cave
11526780,Firehouse Subs,11101 Burnet Rd Ste A120,Austin,5,96.4,95,100,2026-02-10,96,Restaurant & Food Service,Firehouse Subs
12186460,Burger King #4228,9523 N Lamar Blvd,Austin,5,96.4,95,98,2026-01-28,97,Restaurant & Food Service,Burger King
12395511,Cielito Lindo Spanish Immersion Preschool,12410 Tomanet Trl,Austin,5,96.4,90,100,2026-03-23,99,School & Childcare,Cielito Lindo Spanish Immersion Preschool
2800110,Avenue B Grocery,4403 Avenue B,Austin,3,96.33,94,100,2026-02-13,94,Grocery,Avenue B Grocery
2800287,Whataburger #347,2801 W Anderson Ln,Austin,3,96.33,95,98,2026-03-03,95,Restaurant & Food Service,Whataburger
2801411,Starbucks Coffee #6284,504 W 24th St,Austin,3,96.33,94,98,2025-07-24,98,Restaurant & Food Service,Starbucks Coffee
2801648,Springhill Suites,10936 Stonelake Blvd,Austin,3,96.33,92,100,2026-05-20,100,Restaurant & Food Service,Springhill Suites
2801883,Book People Coffeeshop,603 N Lamar Blvd,Austin,3,96.33,94,100,2026-05-06,95,Restaurant & Food Service,Book People Coffeeshop
2801892,Brookdale North Austin,5310 Duval Rd,Austin,6,96.33,95,99,2026-05-22,95,Restaurant & Food Service,Brookdale North Austin
2802155,Kikka Sushi @ Whole Foods,9607 Research NB Blvd,Austin,3,96.33,92,100,2026-01-21,100,Grocery,Kikka Sushi @ Whole Foods
2803291,Independence Brewing Co.,3913 Todd Ln,Austin,3,96.33,95,99,2025-04-08,95,Restaurant & Food Service,Independence Brewing Co.
2803430,Circle K # 2741396,10713 Jollyville Rd,Austin,3,96.33,96,97,2026-04-13,97,Convenience & Fuel,Circle K
2803468,Randall's #2482 (Retail),8040 Mesa Dr,Austin,3,96.33,95,97,2025-12-05,97,Restaurant & Food Service,Randall's #2482 (Retail)
2803733,Walgreens #05160,6812 N Lamar Blvd,Austin,3,96.33,91,100,2026-02-12,98,Convenience & Fuel,Walgreens
2804009,CVS Pharmacy #7442,11300 N Lamar Blvd,Austin,3,96.33,94,98,2025-10-23,94,Convenience & Fuel,CVS Pharmacy
2804011,CVS Pharmacy #6893,3569 Far West Blvd,Austin,3,96.33,94,100,2025-11-19,100,Convenience & Fuel,CVS Pharmacy
10003502,Family Dollar Store #6846,4701 E Martin Luther King Jr Blvd,Austin,3,96.33,95,99,2026-03-05,99,Convenience & Fuel,Family Dollar Store
10118311,Cedar International Academy II,8416 N Interstate 35,Austin,6,96.33,95,99,2026-04-13,95,School & Childcare,Cedar International Academy II
10260609,Longhorn Village - Formal Dining,12501 Longhorn Pkwy,Austin,3,96.33,93,98,2025-11-20,98,Restaurant & Food Service,Longhorn Village - Formal Dining
10720284,Randall's # 2987 Deli,5145 FM 620 N,Austin,6,96.33,92,100,2026-04-21,92,Restaurant & Food Service,Randall's # 2987 Deli
11062319,Twin Creeks Cellar,12521 Twin Creeks Rd,Austin,3,96.33,94,98,2026-02-19,97,Restaurant & Food Service,Twin Creeks Cellar
11119824,Wendy's Old Fashion Hamburger,10203 Lake Creek Pkwy,Austin,3,96.33,95,98,2026-04-24,96,Restaurant & Food Service,Wendy's Old Fashion Hamburger
11159730,Royal Blue Grocery,51 Rainey St Apt 120,Austin,3,96.33,94,100,2026-04-01,94,Grocery,Royal Blue Grocery
11330041,BC - Sonesta Bee Cave,12525 Bee Cave Pkwy,Bee Cave,3,96.33,90,100,2026-02-23,99,Restaurant & Food Service,BC - Sonesta Bee Cave
11400309,"St. James Child Development Center, Child Inc",1941 Webberville Rd,Austin,3,96.33,94,100,2025-08-11,94,School & Childcare,"St. James Child Development Center, Child Inc"
11459777,Our Lady's Maronite Catholic Church,1320 E 51st St,Austin,3,96.33,93,100,2026-03-25,100,Restaurant & Food Service,Our Lady's Maronite Catholic Church
11523805,Americas Best Value Inn,909 E Koenig EB Ln,Austin,3,96.33,94,100,2026-03-19,95,Restaurant & Food Service,Americas Best Value Inn
11694062,Foodie Kids,3818 Far West Blvd,Austin,3,96.33,93,99,2026-02-26,97,Restaurant & Food Service,Foodie Kids
11703726,Lick Ice Creams,1905 Aldrich St Ste 150,Austin,3,96.33,95,98,2025-12-09,96,Restaurant & Food Service,Lick Ice Creams
11768775,Total Wine & More,1201 Barbara Jordan Blvd,Austin,3,96.33,95,97,2026-04-21,97,Restaurant & Food Service,Total Wine & More
11951123,P.Terry's Burger Stand #15,1551 E SH 71 WB,Austin,6,96.33,93,100,2026-03-10,94,Restaurant & Food Service,P.Terry's Burger Stand
12003576,MN-Manor Senior High School - Culinary Arts,14832 N FM 973 Rd,Manor,6,96.33,90,100,2026-03-27,100,School & Childcare,MN-Manor Senior High School - Culinary Arts
12093793,ZHI TEA,1023 Springdale Rd Unit A,Austin,3,96.33,96,97,2025-08-19,97,Restaurant & Food Service,ZHI TEA
12185791,"Wingman Kitchens, LLC",1023 Springdale Rd Bldg 1,Austin,3,96.33,94,98,2025-08-05,97,Restaurant & Food Service,"Wingman Kitchens, LLC"
12392625,PF - Pflugerville High School,1301 W Pecan St,Pflugerville,6,96.33,93,100,2026-03-26,93,School & Childcare,PF - Pflugerville High School
12392627,PF - Timmerman Elementary School,412 Swenson Farms Blvd,Pflugerville,6,96.33,92,100,2026-03-06,97,School & Childcare,PF - Timmerman Elementary School
12392947,Hawaiian Bros.,8023 Burnet Rd,Austin,3,96.33,92,99,2025-02-13,98,Restaurant & Food Service,Hawaiian Bros.
12393350,PF - Nearby Coffee Co.,16921 Joe Barbee Dr Unit B,Pflugerville,6,96.33,92,99,2026-02-24,97,Restaurant & Food Service,PF - Nearby Coffee Co.
12393613,Snack Plus,2901 S Capital of Texas Hwy Ste N3,Austin,3,96.33,90,100,2026-03-02,90,Restaurant & Food Service,Snack Plus
12395289,Juniper Breeze,208 Barton Springs Rd,Austin,3,96.33,94,100,2025-12-11,94,Restaurant & Food Service,Juniper Breeze
12397523,Sur La Table,11800 Domain Blvd Ste 130,Austin,3,96.33,95,98,2026-02-12,98,Restaurant & Food Service,Sur La Table
12397965,ZMART,10616 Menchaca Rd,Austin,6,96.33,95,98,2026-02-23,97,Restaurant & Food Service,ZMART
12401154,Texas Pecan Cakes,3400 Comsouth Dr,Austin,3,96.33,96,97,2026-01-16,97,Restaurant & Food Service,Texas Pecan Cakes
12401190,Honest Mary's,2021 Aldrich St,Austin,3,96.33,95,97,2026-03-20,97,Restaurant & Food Service,Honest Mary's
12392522,PF - Starbucks Coffee #14099,1709 E Pflugerville Pkwy,Pflugerville,7,96.29,90,99,2026-05-22,99,Restaurant & Food Service,PF - Starbucks Coffee
2800536,Stepping Stone School II,8419 Bowling Green Dr,Austin,4,96.25,92,100,2025-09-05,99,School & Childcare,Stepping Stone School II
2800727,Episcopal Seminary Southwest School,606 Rathervue Pl,Austin,4,96.25,94,99,2026-02-18,97,School & Childcare,Episcopal Seminary Southwest School
10091620,Subway #43067,1910 W Braker Ln Ste 900,Austin,4,96.25,93,99,2026-01-28,99,Restaurant & Food Service,Subway
10352305,Tiff's Treats,3201 Bee Caves Rd Unit 172,Austin,4,96.25,92,99,2026-03-11,98,Restaurant & Food Service,Tiff's Treats
11119183,Wendy's W120,1425 W Wells Branch Pkwy,Pflugerville,4,96.25,94,98,2025-12-30,96,Restaurant & Food Service,Wendy's W120
11388129,Wells Branch Burger King,1420 W Wells Branch Pkwy,Pflugerville,4,96.25,93,99,2025-11-04,99,Restaurant & Food Service,Wells Branch Burger King
11473247,7-Eleven Convenience Store #36561A,1822 Rutland Dr,Austin,4,96.25,94,99,2026-02-24,97,Convenience & Fuel,7-Eleven Convenience Store #36561A
11499693,Parmer Lane 5 Caffe Macs-Back Kitchen,5505 W Parmer Ln Bldg 5,Austin,4,96.25,95,97,2025-12-18,95,Restaurant & Food Service,Parmer Lane 5 Caffe Macs-Back Kitchen
11659989,Dell Seton Medical Center University of Texas Coffee Shop,1500 Red River St,Austin,4,96.25,94,100,2025-05-06,96,School & Childcare,Dell Seton Medical Center University of Texas Coffee Shop
11997321,Firefly Sushi,901 W Ben White Blvd,Austin,4,96.25,93,100,2026-03-20,93,Restaurant & Food Service,Firefly Sushi
12392489,Fairfield Inn,4525 S Ih 35,Austin,4,96.25,94,98,2026-05-18,98,Restaurant & Food Service,Fairfield Inn
12392699,Walmart #5479,1548 FM 685,Pflugerville,4,96.25,92,99,2025-12-15,97,Grocery,Walmart
12393966,China Fun,825 E Rundberg Ln Ste G5,Austin,4,96.25,95,99,2026-02-12,96,Restaurant & Food Service,China Fun
12395950,Cinful Sweets,9415 Burnet Rd Ste 106,Austin,4,96.25,95,97,2026-03-26,96,Restaurant & Food Service,Cinful Sweets
12396411,Burnet Go To,6800 Burnet Rd Ste 2,Austin,4,96.25,93,100,2025-12-19,96,Restaurant & Food Service,Burnet Go To
12397961,David Doughie's,1300 E Anderson Ln Apt 1205 Bldg D,Austin,4,96.25,94,100,2026-03-12,96,Restaurant & Food Service,David Doughie's
12400206,PF - QuikTrip #4180,1105 Old Austin Hutto Rd,Pflugerville,4,96.25,93,98,2026-05-21,93,Convenience & Fuel,PF - QuikTrip
10402647,HEB Plus #12 - Deli/Bakery/Produce,2508 E Riverside Dr,Austin,5,96.2,92,98,2026-03-09,98,Grocery,HEB Plus #12 - Deli
10826815,Pinthouse Pizza,4729 Burnet Rd,Austin,5,96.2,91,99,2025-10-22,95,Restaurant & Food Service,Pinthouse Pizza
11392135,Good Shepherd Parish Life Center,3201 Windsor Rd Bldg B,Austin,5,96.2,93,99,2026-03-30,99,Restaurant & Food Service,Good Shepherd Parish Life Center
11853714,Fairmont Austin - Gold Lounge (Level 35),101 Red River St,Austin,5,96.2,90,100,2025-12-01,100,Restaurant & Food Service,Fairmont Austin - Gold Lounge (Level 35)
12395103,Summer Moon Coffee,5145 FM 620 N,Austin,5,96.2,92,99,2026-02-23,95,Restaurant & Food Service,Summer Moon Coffee
12396306,"Kerlin BBQ, LLC",3400 Comsouth Dr,Austin,5,96.2,94,100,2026-01-16,94,Restaurant & Food Service,"Kerlin BBQ, LLC"
12399120,COTA - Fairlanes Main Grand Stands,9201 Circuit of the Americas Blvd,Del Valle,5,96.2,93,99,2026-03-26,98,Venue & Concessions,COTA - Fairlanes Main Grand Stands
2800675,Dessau Elementary School,1501 Dessau Ridge Ln,Austin,6,96.17,92,100,2026-05-08,100,School & Childcare,Dessau Elementary School
2801727,Del Valle High Cafeteria,5201 Ross Rd,Del Valle,6,96.17,87,100,2026-03-23,96,Institutional & Catering,Del Valle High Cafeteria
11081676,Wendy's Old Fashioned Hamburgers #113,6210 E Ben White Blvd WB Service Rd,Austin,6,96.17,90,100,2026-03-16,100,Restaurant & Food Service,Wendy's Old Fashioned Hamburgers
12392632,PF - Hendrickson High School,2905 FM 685,Pflugerville,6,96.17,91,100,2026-01-20,97,School & Childcare,PF - Hendrickson High School
12393832,Sweetgreen,2234 Guadalupe St,Austin,6,96.17,95,99,2026-02-05,99,Restaurant & Food Service,Sweetgreen
2800165,Parmer Lane Elementary School,1806 W Parmer Ln,Austin,6,96,94,99,2026-04-24,95,School & Childcare,Parmer Lane Elementary School
2800289,Williams Elementary School,500 Mairo St,Austin,6,96,90,100,2026-05-19,96,School & Childcare,Williams Elementary School
2800349,Delta Delta Delta,503 W 27th St,Austin,4,96,94,98,2026-01-20,98,Restaurant & Food Service,Delta Delta Delta
2800352,Canyon Vista Middle School,8455 Spicewood Springs Rd,Austin,6,96,92,98,2026-03-03,97,School & Childcare,Canyon Vista Middle School
2800658,Marbridge Foundation-Winters,2310 Bliss Spillar Rd,Manchaca,6,96,94,97,2026-03-05,94,Restaurant & Food Service,Marbridge Foundation-Winters
2800705,Laurel Mountain Elem School,10111 D K Ranch Rd,Austin,6,96,91,99,2026-05-11,96,School & Childcare,Laurel Mountain Elem School
2800741,Ebenezer Child Development Center,1014 E 10th St,Austin,3,96,93,98,2025-02-27,97,School & Childcare,Ebenezer Child Development Center
2801161,Stardust Club,11940 Manchaca Rd,Austin,3,96,95,98,2026-01-20,98,Restaurant & Food Service,Stardust Club
2801814,Starbucks Coffee #6368,501 W 15th St,Austin,3,96,93,99,2025-12-02,99,Restaurant & Food Service,Starbucks Coffee
2801946,Hilton Austin -Banquet & Cafeteria,500 E 4th St,Austin,5,96,90,99,2026-04-15,90,Institutional & Catering,Hilton Austin -Banquet & Cafeteria
2802207,Super 8 Motel,5526 N Interstate 35,Austin,3,96,95,97,2026-02-03,95,Restaurant & Food Service,Super 8 Motel
2802413,Whataburger,9300 S Interstate 35,Austin,4,96,93,99,2025-07-02,95,Restaurant & Food Service,Whataburger
2803345,Lamme's Candies,5330 Airport Blvd,Austin,3,96,95,97,2026-02-10,95,Restaurant & Food Service,Lamme's Candies
2803469,HEB Central Mkt #061 Grocery/Market/Seafood,4001 N Lamar Blvd,Austin,4,96,90,99,2025-07-09,96,Grocery,HEB Central Mkt #061 Grocery
2803609,HEB - Retail - Dairy,1000 E 41st St,Austin,6,96,91,99,2026-05-07,97,Grocery,HEB - Retail - Dairy
10019057,Cilantro's Mexican Restaurant,1025 W Stassney Ln,Austin,3,96,92,98,2025-09-02,98,Restaurant & Food Service,Cilantro's Mexican Restaurant
10111225,WL - HEB #29,701 S Capital of Texas Hwy,West Lake Hills,4,96,92,99,2026-04-01,92,Grocery,WL - HEB
10469793,"Wal-Mart Supercenter #4554 (Bakery, Deli)",2525 W Anderson Ln,Austin,4,96,92,100,2026-03-05,96,Grocery,"Wal-Mart Supercenter #4554 (Bakery, Deli)"
10744462,BC - Whole Foods Market - Produce,12601 Hill Country Blvd,Bee Cave,3,96,93,98,2026-05-07,98,Grocery,BC - Whole Foods Market - Produce
10913519,Dollar Tree #3279,5310 Burnet Rd Ste 120,Austin,3,96,94,99,2026-05-07,94,Convenience & Fuel,Dollar Tree
10995740,CEFCO #91,14200 N FM 620 SB Rd,Austin,3,96,92,99,2026-02-24,97,Restaurant & Food Service,CEFCO
11012704,Holiday Inn Express,10711 Research Blvd,Austin,5,96,94,98,2025-10-23,96,Restaurant & Food Service,Holiday Inn Express
11055573,Whole Foods Market - Bakery,11920 Domain Dr,Austin,3,96,94,99,2025-05-28,95,Grocery,Whole Foods Market - Bakery
11060354,Cafe Creme,1834 E Oltorf St,Austin,3,96,92,98,2026-03-24,92,Restaurant & Food Service,Cafe Creme
11067537,Yummi Taco,12518 Research SB Blvd Unit M,Austin,3,96,93,98,2026-02-04,98,Restaurant & Food Service,Yummi Taco
11143265,Blacks Barbecue,3110 Guadalupe St Ste 150,Austin,4,96,92,100,2025-07-24,100,Restaurant & Food Service,Blacks Barbecue
11236312,LW - Lake Travis Middle School Concessions,4932 Bee Creek Rd,Spicewood,3,96,91,100,2025-03-25,91,School & Childcare,LW - Lake Travis Middle School Concessions
11274923,J W Marriott Austin - Starbucks,110 E 2nd St,Austin,3,96,95,98,2026-04-07,95,Restaurant & Food Service,J W Marriott Austin - Starbucks
11532027,"KIPP Austin Public Schools, Inc",8004 Cameron Rd,Austin,6,96,93,98,2026-05-07,98,School & Childcare,"KIPP Austin Public Schools, Inc"
11621342,Hampton Inn & Suites Austin-Airport,7712 E Riverside Dr,Austin,3,96,92,100,2025-06-24,100,Restaurant & Food Service,Hampton Inn & Suites Austin-Airport
11761881,Supermercado Los Vaqueros #1(Grocery&Produce),8752 Research SB Blvd,Austin,4,96,95,97,2026-04-23,95,Grocery,Supermercado Los Vaqueros #1(Grocery&Produce)
11778095,CVS/Pharmacy #10888,500 Congress Ave,Austin,3,96,94,97,2026-01-20,97,Convenience & Fuel,CVS
11823591,Schlotzsky's,2545 W Anderson Ln,Austin,5,96,92,100,2026-02-23,96,Restaurant & Food Service,Schlotzsky's
11853696,Fairmont Austin - Revue & Garrison (Level 1 & P1),101 Red River St,Austin,5,96,87,100,2025-12-01,94,Restaurant & Food Service,Fairmont Austin - Revue & Garrison (Level 1 & P1)
12155982,Encompass Health Rehabilitation Hospital of Austin,330 W Ben White Blvd,Austin,4,96,95,97,2025-12-16,95,Healthcare,Encompass Health Rehabilitation Hospital of Austin
12185642,Cypress Cafe,2930 Alvin Devane Blvd,Austin,3,96,96,96,2025-11-05,96,Restaurant & Food Service,Cypress Cafe
12185805,BC - Jules Design Bar,12700 Hill Country Blvd Ste T-110,Austin,3,96,92,100,2026-05-21,100,Restaurant & Food Service,BC - Jules Design Bar
12392401,Lone Star Family Market #2,7110 Cameron Rd,Austin,3,96,95,97,2025-06-16,96,Restaurant & Food Service,Lone Star Family Market
12392830,JuiceLand LMR,525 N Lamar Blvd,Austin,3,96,93,100,2025-07-03,93,Restaurant & Food Service,JuiceLand LMR
12393113,Tokyo Gardens Caterings LLC,8801 S Congress Ave,Austin,3,96,94,99,2025-07-29,94,Institutional & Catering,Tokyo Gardens Caterings LLC
12393133,Domino's 6593,2407 S Congress Ave Ste 200,Austin,4,96,95,98,2026-04-02,98,Restaurant & Food Service,Domino's
12393374,BC -Guidepost Montessori at Bee Cave,14058 Bee Cave Pkwy Bldg C,Bee Cave,6,96,93,100,2025-12-12,100,School & Childcare,BC -Guidepost Montessori at Bee Cave
12394651,Chuck E. Cheese's,10515 N Mopac NB Expy,Austin,4,96,92,99,2025-12-30,97,Restaurant & Food Service,Chuck E. Cheese's
12395228,TownePlace Suites Austin,2237 W Braker Ln,Austin,3,96,94,97,2026-02-26,97,Restaurant & Food Service,TownePlace Suites Austin
12396184,Lucky Lime,3400 Comsouth Dr Unit 117,Austin,3,96,94,98,2026-01-16,94,Restaurant & Food Service,Lucky Lime
12397268,BC - Crumbl Cookies,3944 S FM 620 Rd Ste 120,Bee Cave,3,96,92,100,2025-10-03,100,Restaurant & Food Service,BC - Crumbl Cookies
12397539,Lulu's Austin LLC,10402 Menchaca Rd Bldg 3,Austin,3,96,95,97,2025-12-30,96,Restaurant & Food Service,Lulu's Austin LLC
12397775,PF - Panera Bread #6318,18701 Limestone Commercial Dr,Pflugerville,6,96,91,99,2026-02-26,96,Restaurant & Food Service,PF - Panera Bread
12398004,Sonic,8602 FM 969 Rd Bldg 2,Austin,7,96,92,99,2026-02-26,93,Restaurant & Food Service,Sonic
12398077,McDonald's 23614,3909 S Congress Ave,Austin,5,96,95,97,2026-03-17,96,Restaurant & Food Service,McDonald's
12398244,Side Eye Pie LLC,3400 Comsouth Dr Unit 129,Austin,3,96,93,100,2026-01-16,93,Restaurant & Food Service,Side Eye Pie LLC
12399126,CookUnity Inc.,1300 E Anderson Ln Apt 1314 Bldg D,Austin,3,96,94,98,2026-03-17,98,Restaurant & Food Service,CookUnity Inc.
2800342,Oak Springs Elementary,3601 Webberville Rd,Austin,6,95.83,92,99,2026-02-20,99,School & Childcare,Oak Springs Elementary
10314222,Anderson Mill Elementary School,10610 Salt Mill Holw,Austin,6,95.83,92,100,2026-05-18,92,School & Childcare,Anderson Mill Elementary School
10936961,Wayside Schools,6405 S Ih 35,Austin,6,95.83,90,100,2026-05-08,100,School & Childcare,Wayside Schools
11066712,Taco Bell #030074,2308 E Riverside Dr,Austin,6,95.83,89,100,2026-03-24,99,Restaurant & Food Service,Taco Bell
11119162,Wendy's W-125/9854,5760 Airport Blvd,Austin,6,95.83,91,100,2026-04-13,96,Restaurant & Food Service,Wendy's W-125
2801271,Stepping Stone School,6616 McNeil Dr,Austin,5,95.8,91,100,2026-05-21,94,School & Childcare,Stepping Stone School
11087502,MN - Wal-Mart # 3169 - Deli,11923 E US 290 EB Hwy,Manor,5,95.8,93,99,2025-11-25,95,Grocery,MN - Wal-Mart # 3169 - Deli
11523816,"Texas New Leaf, LLC.",11711 N Lamar Blvd,Austin,5,95.8,95,97,2026-01-23,95,Restaurant & Food Service,"Texas New Leaf, LLC."
11943085,Bird Bird Biscuit,2701 Manor Rd,Austin,5,95.8,94,97,2026-03-10,97,Restaurant & Food Service,Bird Bird Biscuit
12076836,Lexus of Austin,9910 Stonelake Blvd,Austin,5,95.8,90,98,2026-05-20,98,Restaurant & Food Service,Lexus of Austin
12170830,Texas Republic Pizza Company,4631 Airport Blvd Ste 124,Austin,5,95.8,89,99,2026-05-01,95,Restaurant & Food Service,Texas Republic Pizza Company
12186462,Burger King #17526,2500 E Riverside Dr,Austin,5,95.8,92,99,2025-12-02,96,Restaurant & Food Service,Burger King
12397053,Manana,111 Sandra Muraida Way Ste 101,Austin,5,95.8,94,98,2025-07-31,96,Restaurant & Food Service,Manana
12398690,Jimmy John's,2937 W Anderson Ln,Austin,5,95.8,93,100,2026-02-11,94,Restaurant & Food Service,Jimmy John's
12399111,COTA - 34 Chophouse Grand Plaza,9201 Circuit of the Americas Blvd,Del Valle,5,95.8,93,100,2026-03-26,96,Venue & Concessions,COTA - 34 Chophouse Grand Plaza
2800556,Joe's Bakery,2305 E 7th St,Austin,4,95.75,94,97,2025-07-08,97,Restaurant & Food Service,Joe's Bakery
2801175,Waterloo Ice House,8600 Burnet Rd,Austin,4,95.75,92,98,2026-03-03,98,Restaurant & Food Service,Waterloo Ice House
2801800,Auntie Anne's,11200 Lakeline Mall Dr,Cedar Park,4,95.75,94,97,2025-12-15,97,Restaurant & Food Service,Auntie Anne's
2801851,Child Inc-- Forbes,2217 Forbes Dr,Austin,4,95.75,95,97,2025-12-04,95,Restaurant & Food Service,Child Inc-- Forbes
10176495,Chipotle Mexican Grill #501,801 Congress Ave,Austin,4,95.75,93,98,2026-02-03,93,Restaurant & Food Service,Chipotle Mexican Grill
11458710,Parmer Lane 5 Caffe Macs,5505 W Parmer Ln Bldg 5,Austin,4,95.75,94,100,2025-12-18,95,Restaurant & Food Service,Parmer Lane 5 Caffe Macs
12029818,East Side Pies,13265 N US 183 Hwy NB Service Rd Unit B,Austin,4,95.75,93,98,2026-04-03,98,Restaurant & Food Service,East Side Pies
12089715,Life Family Learning Center,1504 E 51st St,Austin,4,95.75,94,100,2025-03-24,100,School & Childcare,Life Family Learning Center
12393300,Chipotle Mexican Grill # 3660,1700 E Oltorf St Ste 120,Austin,4,95.75,93,98,2026-01-08,95,Restaurant & Food Service,Chipotle Mexican Grill
12394811,Good Thymes Catering,12013 Fitzhugh Rd,Austin,4,95.75,92,99,2026-01-06,99,Institutional & Catering,Good Thymes Catering
12397190,LW - Cookie Dough Cowgirl,1310 FM 620 Ste A6,Austin,4,95.75,90,99,2026-04-17,99,Restaurant & Food Service,LW - Cookie Dough Cowgirl
12398013,"Daffodil Culinary, LLC",1023 Springdale Rd Bldg 1 Ste 1,Austin,4,95.75,90,100,2026-02-12,90,Restaurant & Food Service,"Daffodil Culinary, LLC"
12399366,BC - Park Manor Bee Cave,14058 Bee Cave Pkwy Bldg B,Bee Cave,4,95.75,90,100,2025-11-05,100,Restaurant & Food Service,BC - Park Manor Bee Cave
12399530,Pizza Patron,5717 S Ih 35,Austin,4,95.75,94,97,2026-04-16,97,Restaurant & Food Service,Pizza Patron
2800031,Upper Crust Bakery,4508 Burnet Rd,Austin,6,95.67,92,97,2026-02-18,95,Restaurant & Food Service,Upper Crust Bakery
2800768,Panda Express #318,11200 Lakeline Mall Dr Ste Vc4,Cedar Park,3,95.67,95,96,2026-04-21,96,Restaurant & Food Service,Panda Express
2800769,Best Western Plus Austin City Hotel,2200 S IH 35 Service Rd SB,Austin,3,95.67,91,99,2026-04-13,91,Restaurant & Food Service,Best Western Plus Austin City Hotel
2801326,Amy's Ice Cream,4477 S Lamar NB Blvd,Austin,3,95.67,94,97,2026-02-04,94,Restaurant & Food Service,Amy's Ice Cream
2801361,Starbucks Coffee # 6319,907 W 5th St Ste 102,Austin,3,95.67,94,97,2026-03-25,97,Restaurant & Food Service,Starbucks Coffee
2801399,Barnes and Nobles Booksellers,14010 N US 183 Hwy SB Service Rd,Austin,3,95.67,93,100,2025-12-18,94,Restaurant & Food Service,Barnes and Nobles Booksellers
2801405,HEB - Deli/Bakery/Produce - Brodie,6900 Brodie Ln,Austin,3,95.67,92,98,2025-05-06,97,Grocery,HEB - Deli
2802204,Alamo Senior Lunch,2100 Alamo St,Austin,3,95.67,94,97,2026-03-19,97,Restaurant & Food Service,Alamo Senior Lunch
2803137,Starbuck's Coffee #10618,9300 S Interstate 35,Austin,3,95.67,95,97,2026-04-16,95,Restaurant & Food Service,Starbuck's Coffee
2803530,Circle K #2741307,4600 W William Cannon Dr,Austin,3,95.67,93,99,2026-04-20,95,Convenience & Fuel,Circle K
2803808,Target Store T-1061,5300 S Mopac SB Expy,Austin,3,95.67,93,97,2026-04-10,93,Grocery,Target Store T-1061
2804084,"Corner Store, The",525 W Ben White Blvd,Austin,3,95.67,94,98,2025-09-16,95,Convenience & Fuel,"Corner Store, The"
10082179,Fresh Plus,1221 W Lynn St,Austin,3,95.67,92,98,2025-07-31,92,Restaurant & Food Service,Fresh Plus
10220716,Starbucks Coffee #14500,7015 W US 290 EB Hwy Unit Hp,Austin,3,95.67,94,97,2026-04-29,94,Restaurant & Food Service,Starbucks Coffee
10431038,Snap Kitchen,1014 W 6th St,Austin,3,95.67,95,96,2026-05-06,95,Restaurant & Food Service,Snap Kitchen
10655396,Happy Hearts Bilingual Learning Center,6615 Menchaca Rd,Austin,3,95.67,91,100,2025-08-26,100,School & Childcare,Happy Hearts Bilingual Learning Center
10712387,Austin Cake Ball LLC,5310 Burnet Rd Ste 107,Austin,3,95.67,88,100,2026-05-07,88,Restaurant & Food Service,Austin Cake Ball LLC
10758287,Circle K Store #2704688,11000 FM 2222 Rd,Austin,3,95.67,94,97,2026-03-04,96,Convenience & Fuel,Circle K Store
10789914,Jack in the Box #848,8630 N Lamar Blvd,Austin,3,95.67,95,97,2026-04-09,97,Restaurant & Food Service,Jack in the Box
10790317,Jack in the Box #922,12309 Dessau Rd,Austin,3,95.67,94,97,2025-12-23,97,Restaurant & Food Service,Jack in the Box
10910024,TopGolf USA Austin,2700 Esperanza Xing,Austin,3,95.67,90,99,2025-06-20,90,Restaurant & Food Service,TopGolf USA Austin
11274088,Onnit Academy,4401 Freidrich Ln Ste 301,Austin,3,95.67,93,99,2026-05-13,95,School & Childcare,Onnit Academy
11389241,Holy Roast Coffee Shop,4900 Mueller Blvd,Austin,3,95.67,93,99,2026-04-21,95,Restaurant & Food Service,Holy Roast Coffee Shop
11635507,Oakcrest Nursing & Rehabilitation Center,9808 Crofford Ln,Austin,3,95.67,95,97,2026-02-02,95,Healthcare,Oakcrest Nursing & Rehabilitation Center
11800305,Sabe Fruteria,707 E Braker Ln Ste 202,Austin,3,95.67,94,98,2026-04-14,95,Restaurant & Food Service,Sabe Fruteria
12185820,Manna Taim LLC,11200 Lakeline Mall Dr,Cedar Park,3,95.67,95,97,2025-12-04,95,Restaurant & Food Service,Manna Taim LLC
12186413,Captain Quakenbush's Coffee House,5326 Menchaca Rd,Austin,3,95.67,94,99,2026-02-25,94,Restaurant & Food Service,Captain Quakenbush's Coffee House
12392932,QuikTrip # 4126,861 E Braker Ln,Austin,3,95.67,94,97,2026-01-27,96,Convenience & Fuel,QuikTrip
12393017,PF - Typhoon Texas Waterpark - Fry Shack,18500 N Sh 130 Service Rd,Pflugerville,3,95.67,91,100,2025-05-02,96,Restaurant & Food Service,PF - Typhoon Texas Waterpark - Fry Shack
12394089,Third Coast Coffee,10515 Old Manchaca Rd Unit 100,Austin,3,95.67,93,97,2026-02-05,97,Restaurant & Food Service,Third Coast Coffee
12394325,PF - Hilton Home2/Tru Pflugerville,18700 Hilltop Commercial Dr,Pflugerville,3,95.67,87,100,2026-04-07,100,Restaurant & Food Service,PF - Hilton Home2
12394777,Microtel Inn and Suites,7705 Metro Center Dr,Austin,3,95.67,92,98,2025-07-03,98,Restaurant & Food Service,Microtel Inn and Suites
12395524,Asahi Imports,3005 S Lamar Blvd Ste 105B,Austin,3,95.67,95,96,2026-04-01,95,Restaurant & Food Service,Asahi Imports
12396909,CookUnity Inc.,1300 E Anderson Ln Apt 1201 Bldg D,Austin,3,95.67,95,96,2026-03-12,96,Restaurant & Food Service,CookUnity Inc.
12397339,Subway,3407 Wells Branch Pkwy Ste 900-A,Austin,3,95.67,94,97,2025-12-22,97,Restaurant & Food Service,Subway
12397953,LW - Firehouse Subs,900 S FM 620 Rd Ste A110,Lakeway,3,95.67,91,98,2026-03-26,98,Restaurant & Food Service,LW - Firehouse Subs
12398576,Domino's #6483,5353 W US 290 EB Hwy Unit 101,Austin,3,95.67,93,99,2026-04-15,95,Restaurant & Food Service,Domino's
12399123,COTA - Cafe Paddock,9201 Circuit of the Americas Blvd,Del Valle,6,95.67,94,99,2026-03-26,96,Venue & Concessions,COTA - Cafe Paddock
12399855,Spirited Food Co,3400 Comsouth Dr,Austin,3,95.67,91,98,2026-01-23,91,Restaurant & Food Service,Spirited Food Co
12401042,Spinning Buns,1200 Barbara Jordan Blvd Ste 360,Austin,3,95.67,93,100,2026-02-25,93,Restaurant & Food Service,Spinning Buns
12401361,Merfolk Coffee,4930 S Congress Ave Ste 304 Ste C,Austin,3,95.67,95,96,2025-12-31,95,Restaurant & Food Service,Merfolk Coffee
12401393,Spec's Liquors #62,10515 N Mopac NB Expy Bldg K,Austin,3,95.67,93,98,2026-02-20,98,Restaurant & Food Service,Spec's Liquors
2801464,Jason's Deli,1000 E 41st St Ste 940,Austin,5,95.6,92,98,2026-05-06,98,Restaurant & Food Service,Jason's Deli
10104313,Burger King,7105 N IH 35 Service Rd NB,Austin,5,95.6,90,100,2026-02-24,97,Restaurant & Food Service,Burger King
12086174,The Wayback,9601 FM 2244 Rd,Austin,5,95.6,89,99,2026-01-28,96,Restaurant & Food Service,The Wayback
12185971,7-Eleven Convenience Store # 38267H,5000 W Slaughter Ln Bldg 5,Austin,5,95.6,89,99,2026-02-09,89,Convenience & Fuel,7-Eleven Convenience Store # 38267H
12392880,Chick - Fil - A at North Mopac,12501 N Mopac NB Expy,Austin,5,95.6,92,100,2026-01-28,100,Restaurant & Food Service,Chick - Fil - A at North Mopac
12392945,Dairy Queen,13301 N US 183 Hwy NB Service Rd,Austin,5,95.6,93,98,2026-02-25,98,Restaurant & Food Service,Dairy Queen
12393769,Wingstop #1683,2900 W Anderson Ln Ste B,Austin,5,95.6,89,100,2026-04-01,100,Restaurant & Food Service,Wingstop
12397229,WL - Cava Mezze Grill,701 S Capital of Texas Hwy Ste G750,West Lake Hills,5,95.6,92,100,2026-04-20,100,Restaurant & Food Service,WL - Cava Mezze Grill
12397378,Modern Market #4004,3201 Bee Caves Rd Ste 144,Austin,5,95.6,91,100,2026-02-24,100,Restaurant & Food Service,Modern Market
12397495,Austin Community College - (Coffee shop - 1st floor),1212 Rio Grande St,Austin,5,95.6,95,96,2026-04-15,95,School & Childcare,Austin Community College - (Coffee shop - 1st floor)
12397670,Crossroads,19305 W SH 71,Austin,5,95.6,91,99,2026-02-20,97,Restaurant & Food Service,Crossroads
2800611,Thundercloud Subs,7930 Burnet Rd,Austin,4,95.5,94,98,2025-11-24,95,Restaurant & Food Service,Thundercloud Subs
2800911,HEB Central Mkt #061 Deli/ Bakery/Produce,4001 N Lamar Blvd,Austin,4,95.5,93,99,2025-07-09,95,Grocery,HEB Central Mkt #061 Deli
2801408,MN - Manor High School Cafeteria,12700 Gregg Manor Rd,Manor,6,95.5,91,100,2026-03-04,100,School & Childcare,MN - Manor High School Cafeteria
2801652,Children's Courtyard,4213 Spicewood Springs Rd,Austin,4,95.5,92,99,2025-05-22,99,Restaurant & Food Service,Children's Courtyard
2802712,Jersey Mike's Subs,11521 N FM 620 Rd Ste 350,Austin,6,95.5,92,98,2026-02-27,98,Restaurant & Food Service,Jersey Mike's Subs
10042667,Stepping Stone School XII,7700 W Parmer Ln,Austin,4,95.5,93,97,2026-03-26,97,School & Childcare,Stepping Stone School XII
10100146,Lifeworks,3708 S 2nd St,Austin,4,95.5,93,97,2026-05-05,93,Restaurant & Food Service,Lifeworks
10181716,Pizza Hut,5510 S Ih 35 Ste C,Austin,4,95.5,95,96,2025-12-23,95,Restaurant & Food Service,Pizza Hut
10481869,BC - Buenos Aires Cafe,13500 Galleria Cir Unit 120,Bee Cave,4,95.5,91,100,2026-01-13,100,Restaurant & Food Service,BC - Buenos Aires Cafe
10708625,Whataburger #1022,8300 N FM 620 Rd,Austin,4,95.5,92,99,2026-02-03,99,Restaurant & Food Service,Whataburger
10720292,Randall's # 2987 Produce,5145 FM 620 N,Austin,6,95.5,88,100,2026-04-21,92,Restaurant & Food Service,Randall's # 2987 Produce
10801679,Austin Montessori School,5677 Oak Blvd,Austin,6,95.5,85,99,2026-05-05,85,School & Childcare,Austin Montessori School
11574361,Cedars International High School,6700 Middle Fiskville Rd Ste 102,Austin,6,95.5,84,100,2026-05-18,100,School & Childcare,Cedars International High School
11754113,"BC - Prep School of Bee Cave, The",14001 Bee Cave Pkwy,Austin,4,95.5,90,100,2026-02-27,96,School & Childcare,"BC - Prep School of Bee Cave, The"
11789508,Kentucky Fried Chicken,13435 N US 183 Hwy NB Service Rd,Austin,6,95.5,93,98,2026-03-06,93,Restaurant & Food Service,Kentucky Fried Chicken
11804662,Susan's Deli,12015 Park Thirty Five Cir,Austin,4,95.5,94,96,2025-08-01,96,Restaurant & Food Service,Susan's Deli
12143483,ABIA - Thurman's Burger (West Food Park),3600 Presidential Blvd Unit D3376,Austin,4,95.5,94,97,2025-07-15,97,Venue & Concessions,ABIA - Thurman's Burger (West Food Park)
12392381,PF - Primrose School of Pflugerville,17721 Colorado Sand Dr,Pflugerville,4,95.5,90,100,2026-03-20,100,School & Childcare,PF - Primrose School of Pflugerville
12393433,Bright Beginnings,9414 Parkfield Dr Ste B,Austin,4,95.5,94,98,2026-02-10,95,Restaurant & Food Service,Bright Beginnings
12393595,Cava,3201 Bee Caves Rd Ste 100,Austin,4,95.5,92,100,2025-12-29,100,Restaurant & Food Service,Cava
12397782,Panera Bread #6319,13000 N IH 35 Service Rd SB,Austin,6,95.5,90,99,2026-02-19,99,Restaurant & Food Service,Panera Bread
12398631,Driskill Hotel - Banquet Kitchen,604 Brazos St,Austin,4,95.5,88,100,2025-11-21,94,Restaurant & Food Service,Driskill Hotel - Banquet Kitchen
12398632,Driskill Hotel - Bakery Kitchen,604 Brazos St,Austin,6,95.5,93,100,2026-05-11,95,Restaurant & Food Service,Driskill Hotel - Bakery Kitchen
10790632,Jack in the Box #912,6540 Ed Bluestein Blvd,Austin,7,95.43,92,98,2026-03-10,97,Restaurant & Food Service,Jack in the Box
12395477,RW - Nothing Bundt Cakes,2785 Bee Caves Rd Ste 333,Austin,7,95.43,93,98,2026-05-01,96,Restaurant & Food Service,RW - Nothing Bundt Cakes
12397313,Dominos 6616,13201 Pond Springs Rd Ste 102,Austin,7,95.43,90,98,2025-11-06,93,Restaurant & Food Service,Dominos
2800078,HEB Food Store #161,7112 Ed Bluestein Blvd,Austin,5,95.4,92,98,2026-04-21,94,Grocery,HEB Food Store
2800700,Marbridge Foundation-Villa,2504 Bliss Spillar Rd,Manchaca,5,95.4,92,98,2026-01-29,98,Restaurant & Food Service,Marbridge Foundation-Villa
2803191,Bowie H.S. Culinary Kitchen,4103 W Slaughter Ln,Austin,5,95.4,92,98,2025-12-17,97,Restaurant & Food Service,Bowie H.S. Culinary Kitchen
2803449,HEB #236,1434 W Wells Branch Pkwy,Pflugerville,5,95.4,90,98,2026-01-20,95,Grocery,HEB
10207450,Open Door Preschool,1717 W 10th St,Austin,5,95.4,93,100,2025-11-18,95,School & Childcare,Open Door Preschool
10262005,BC - Subway,12717 Shops Pkwy Ste 600,Bee Cave,5,95.4,85,99,2026-02-06,98,Restaurant & Food Service,BC - Subway
10978200,KIPP Austin Public Schools,5107 S Ih 35,Austin,5,95.4,94,96,2025-12-05,96,School & Childcare,KIPP Austin Public Schools
11163851,Juiceland Guadalupe,2828 Guadalupe St,Austin,5,95.4,88,99,2025-11-10,96,Restaurant & Food Service,Juiceland Guadalupe
11862857,Home Slice Pizza,501 E 53rd St Unit A,Austin,5,95.4,91,98,2025-12-03,94,Restaurant & Food Service,Home Slice Pizza
12393635,goPuff,2902 Medical Arts St,Austin,5,95.4,94,96,2026-01-23,96,Restaurant & Food Service,goPuff
12396013,McDonald's #11828,10732 Research SB Blvd,Austin,5,95.4,91,99,2026-03-10,98,Restaurant & Food Service,McDonald's
12398079,McDonald's 833,303 E Oltorf St,Austin,5,95.4,92,99,2025-12-30,92,Restaurant & Food Service,McDonald's
12398358,Delicious Tamales,1700 W Parmer Ln Ste 620,Austin,5,95.4,93,98,2026-03-11,94,Restaurant & Food Service,Delicious Tamales
2800908,Randall's #2485(Deli),2025 W Ben White Blvd,Austin,3,95.33,94,96,2026-04-15,96,Restaurant & Food Service,Randall's #2485(Deli)
2801805,Lee's Meat Market,1601 W 38th St Ste 12,Austin,3,95.33,94,98,2025-11-03,94,Restaurant & Food Service,Lee's Meat Market
2803118,Subway,5800 W Slaughter Ln,Austin,3,95.33,91,99,2025-06-30,91,Restaurant & Food Service,Subway
2803529,Circle K #2741311,7622 W SH 71,Austin,3,95.33,93,98,2025-05-19,98,Convenience & Fuel,Circle K
2803621,HEB #428 - Brodie,6900 Brodie Ln,Austin,3,95.33,93,98,2025-05-06,95,Grocery,HEB #428 - Brodie
10003495,Family Dollar Store #25520,5301 E Stassney Ln,Austin,3,95.33,91,100,2025-08-18,91,Convenience & Fuel,Family Dollar Store
10003497,Family Dollar Store #26170,9717 N Lamar Blvd,Austin,3,95.33,94,96,2026-03-09,96,Convenience & Fuel,Family Dollar Store
10006741,CVS Pharmacy #0357,1701 E Parmer Ln,Austin,3,95.33,94,97,2026-01-02,97,Convenience & Fuel,CVS Pharmacy
10260645,BC - Cinemark Hill Country,12812 Hill Country Blvd,Bee Cave,3,95.33,93,98,2025-12-11,98,Restaurant & Food Service,BC - Cinemark Hill Country
10382714,Antonelli's Cheese Shop,4220 Duval St,Austin,3,95.33,91,98,2026-01-27,97,Restaurant & Food Service,Antonelli's Cheese Shop
10403572,Family Dollar Store #6011,8764 Research SB Blvd,Austin,3,95.33,94,97,2026-02-12,94,Convenience & Fuel,Family Dollar Store
10555754,MN-Bistro M @ Manor HS (MHS Culinary Arts Class),12700 Gregg Manor Rd,Manor,6,95.33,90,100,2026-03-04,97,Restaurant & Food Service,MN-Bistro M @ Manor HS (MHS Culinary Arts Class)
10670645,Open Door Preschool,2918 E Martin Luther King Jr Blvd,Austin,3,95.33,94,97,2025-02-03,95,School & Childcare,Open Door Preschool
10764427,Whole Foods Market - Seafood Market,4301 W William Cannon Dr Bldg B,Austin,3,95.33,91,99,2026-02-09,91,Grocery,Whole Foods Market - Seafood Market
11008921,"Amy's Ice Creams, Inc",13265 N US 183 Hwy NB Service Rd Unit C,Austin,3,95.33,95,96,2025-11-07,95,Restaurant & Food Service,"Amy's Ice Creams, Inc"
11315175,Shake Shack South Lamar Austin,1100 S Lamar Blvd Ste 2100,Austin,3,95.33,94,96,2026-02-19,96,Restaurant & Food Service,Shake Shack South Lamar Austin
11520599,"Snooze, an A.M. Eatery",3800 N Lamar Blvd Ste 120,Austin,6,95.33,92,97,2026-04-14,92,Restaurant & Food Service,"Snooze, an A.M. Eatery"
11626994,Dominos Pizza,9001 Cameron Rd Ste 203,Austin,3,95.33,92,97,2025-12-15,92,Restaurant & Food Service,Dominos Pizza
11643729,Cafe Nenaí,1700 Montopolis Dr Ste A,Austin,3,95.33,89,99,2026-05-22,98,Restaurant & Food Service,Cafe Nenaí
11678679,Starbucks #6373,9617 Anderson Mill Rd,Austin,3,95.33,94,97,2026-02-27,94,Restaurant & Food Service,Starbucks
11761902,Supermercado Los Vaqueros #2 Bakery,6800 Berkman Dr,Austin,3,95.33,94,96,2025-12-30,96,Grocery,Supermercado Los Vaqueros #2 Bakery
11862266,Zaytouna,11800 N Lamar Blvd Unit B,Austin,3,95.33,93,97,2026-03-02,93,Restaurant & Food Service,Zaytouna
11862508,Antojitos La Botanita,10601 N Lamar Blvd,Austin,3,95.33,94,97,2026-04-10,97,Restaurant & Food Service,Antojitos La Botanita
11911410,Live Oak Estates,3123 Sunland Dr,Austin,3,95.33,94,98,2025-04-07,94,Restaurant & Food Service,Live Oak Estates
12045842,McDonald's # 12430,5762 N Mopac SB Expy,Austin,6,95.33,93,98,2026-01-16,94,Restaurant & Food Service,McDonald's
12183569,Omni Barton Creek Resort & Spa - Resort Pool Bar,8212 Barton Club Dr,Austin,3,95.33,94,98,2026-01-21,98,Restaurant & Food Service,Omni Barton Creek Resort & Spa - Resort Pool Bar
12185887,IDEA Health Professions,5816 Wilcab Rd,Austin,6,95.33,93,98,2026-04-21,95,Restaurant & Food Service,IDEA Health Professions
12186487,Alfred Coffee,111 E Cesar Chavez St,Austin,3,95.33,93,97,2025-09-18,97,Restaurant & Food Service,Alfred Coffee
12186493,ABIA - Vino Volo High Plains,3600 Presidential Blvd Unit 3244,Austin,3,95.33,93,97,2026-01-05,93,Venue & Concessions,ABIA - Vino Volo High Plains
12392312,PF - Baylor Scott and White Hospital,2600 E Pflugerville Pkwy,Pflugerville,6,95.33,90,100,2026-03-16,92,Healthcare,PF - Baylor Scott and White Hospital
12392639,PF - Dazzle Coffee,100 N 2nd St,Pflugerville,3,95.33,93,97,2026-04-10,93,Restaurant & Food Service,PF - Dazzle Coffee
12392969,QuikTrip # 4153,4802 S US 183 Hwy SB,Austin,6,95.33,91,99,2026-05-04,96,Convenience & Fuel,QuikTrip
12393596,Cava,2426 Guadalupe St,Austin,6,95.33,91,100,2025-12-11,94,Restaurant & Food Service,Cava
12394309,Speedway Market,104 E 31st St,Austin,3,95.33,92,98,2026-01-27,92,Restaurant & Food Service,Speedway Market
12394743,Soho House Austin (Top Floor Club & Kitchen),1011 S Congress Ave Bldg 2,Austin,3,95.33,91,99,2026-04-15,91,Restaurant & Food Service,Soho House Austin (Top Floor Club & Kitchen)
12397357,Sunrise at Shore,8665 W SH 71,Austin,3,95.33,93,97,2025-09-04,96,Restaurant & Food Service,Sunrise at Shore
12398585,Domino's #6592,7626 W SH 71 Unit 101,Austin,3,95.33,93,100,2026-02-03,93,Restaurant & Food Service,Domino's
12400433,HEB True TX BBQ,500 W Canyon Ridge Dr,Austin,3,95.33,93,98,2026-03-02,98,Grocery,HEB True TX BBQ
12099873,JuiceLand Dom,3120 Palm Way Ste 114,Austin,7,95.29,89,99,2026-04-28,97,Restaurant & Food Service,JuiceLand Dom
12397516,La Pera,3400 Comsouth Dr,Austin,7,95.29,90,98,2026-03-04,96,Restaurant & Food Service,La Pera
12398298,PF - Arby's #8675,1313 FM 685,Pflugerville,7,95.29,90,100,2026-04-01,98,Restaurant & Food Service,PF - Arby's
2802145,Child Inc.,8105 Brodie Ln,Austin,4,95.25,90,99,2025-08-25,98,Restaurant & Food Service,Child Inc.
2803090,Tucci's Southside Subs,7101 W SH 71,Austin,4,95.25,93,98,2025-09-17,93,Restaurant & Food Service,Tucci's Southside Subs
11114878,Wendy's 101 - 1671,1418 E Anderson WB Ln,Austin,4,95.25,89,100,2026-02-09,100,Restaurant & Food Service,Wendy's 101 -
11525394,Paola's Kitchen,1700 W Anderson Ln,Austin,4,95.25,87,100,2025-12-19,97,Restaurant & Food Service,Paola's Kitchen
11754117,Guckenheimer,500 W 2nd St,Austin,4,95.25,92,100,2026-04-01,100,Restaurant & Food Service,Guckenheimer
11833163,Apple Spice Box Lunch Delivery & Catering Co.,8900 Shoal Creek Blvd Ste 101,Austin,4,95.25,92,99,2026-02-24,95,Institutional & Catering,Apple Spice Box Lunch Delivery & Catering Co.
11963540,Austin Sonic Store #6664,5110 Ross Rd,Del Valle,4,95.25,90,98,2026-05-07,98,Restaurant & Food Service,Austin Sonic Store
12091462,Panda Express #3009,10900 Research SB Blvd Unit B-230,Austin,4,95.25,93,97,2026-01-06,96,Restaurant & Food Service,Panda Express
12186118,Kids R Kids #33,15111 Avery Ranch Blvd,Austin,4,95.25,93,100,2026-02-24,95,Restaurant & Food Service,Kids R Kids
12393519,Mr. Gattis Pizza #204,801 E William Cannon Dr,Austin,4,95.25,91,98,2025-11-25,98,Restaurant & Food Service,Mr. Gattis Pizza
12394649,"Kebab Shop, The",1201 Barbara Jordan Blvd Ste 200,Austin,8,95.25,90,99,2026-02-25,95,Restaurant & Food Service,"Kebab Shop, The"
12395028,La Dulzura,10601 N Lamar Blvd Ste R9,Austin,4,95.25,92,100,2026-04-03,96,Restaurant & Food Service,La Dulzura
12396682,McDonald's Restaurant #31246,9300 S Interstate 35 Ste B,Austin,4,95.25,95,96,2025-07-07,96,Restaurant & Food Service,McDonald's Restaurant
12396684,McDonald's Restaurant #14774,5017 W US 290 EB Hwy,Austin,4,95.25,94,97,2026-01-16,96,Restaurant & Food Service,McDonald's Restaurant
12397598,SusieCakes,3267 Bee Caves Rd Ste 123,Austin,4,95.25,90,98,2026-03-16,90,Restaurant & Food Service,SusieCakes
12399896,Snax Hut,16614 Hamilton Pool Rd,Austin,4,95.25,93,98,2026-02-24,93,Restaurant & Food Service,Snax Hut
12400195,"LW - Poke Hookup, The",1510 S FM 620 Rd Unit 400,Lakeway,4,95.25,92,99,2025-12-17,99,Restaurant & Food Service,"LW - Poke Hookup, The"
2802045,Westwood's Lakeview Cafe,3808 W 35th St,Austin,5,95.2,91,100,2026-01-15,99,Restaurant & Food Service,Westwood's Lakeview Cafe
2803623,Circle K #2742110,13014 Pond Springs Rd,Austin,5,95.2,91,99,2025-11-19,94,Convenience & Fuel,Circle K
10192566,SV - Chipotle,5400 Brodie Ln Ste 1240,Sunset Valley,5,95.2,90,100,2026-02-24,96,Restaurant & Food Service,SV - Chipotle
10655854,Harmony Science Academy (Austin),13415 N FM 620 NB Rd,Austin,5,95.2,91,100,2026-04-13,94,School & Childcare,Harmony Science Academy (Austin)
10905433,Marco's Pizza,11011 Research NB Blvd,Austin,5,95.2,93,97,2026-03-19,94,Restaurant & Food Service,Marco's Pizza
12186387,ZZa Pizza + Salad,15511 W SH 71 Unit 150,Bee Cave,5,95.2,92,98,2025-12-03,98,Restaurant & Food Service,ZZa Pizza + Salad
10314281,Grisham Middle School,10805 School House Ln,Austin,6,95.17,92,100,2026-05-12,92,School & Childcare,Grisham Middle School
10771894,WL - P. Terry's Burger Stand,701 S Capital of Texas Hwy Ste H,West Lake Hills,6,95.17,90,100,2026-05-20,91,Restaurant & Food Service,WL - P. Terry's Burger Stand
10937488,BC - Jersey Mike's Subs,4005 Market St,Bee Cave,6,95.17,89,97,2026-05-18,96,Restaurant & Food Service,BC - Jersey Mike's Subs
12392380,PF - Wells Point Lodge,401 S Heatherwilde Blvd,Pflugerville,6,95.17,92,99,2026-04-10,97,Restaurant & Food Service,PF - Wells Point Lodge
12392368,PF - Taco Bell # 30073,1605 W Pecan St,Pflugerville,7,95.14,92,98,2026-02-12,94,Restaurant & Food Service,PF - Taco Bell
12392382,Burger King #9100,3906 W Braker Ln,Austin,7,95.14,91,99,2026-02-24,93,Restaurant & Food Service,Burger King
12392644,PF - Yaghis Pizzeria,1552 FM 685 Ste 104,Pflugerville,7,95.14,91,98,2026-04-27,91,Restaurant & Food Service,PF - Yaghis Pizzeria
12392787,PF - Jersey Mikes,1608 Town Center Dr,Pflugerville,7,95.14,90,99,2026-02-26,98,Restaurant & Food Service,PF - Jersey Mikes
2800276,Conley Guerrero Sr. Activity,808 Nile St,Austin,3,95,94,96,2025-08-12,94,Restaurant & Food Service,Conley Guerrero Sr. Activity
2800519,Flea Market #B,9500 E US 290 Hwy WB Service Rd,Austin,3,95,89,100,2026-02-07,89,Restaurant & Food Service,Flea Market #B
2800615,Whataburger #162,3210 E Martin Luther King Jr Blvd,Austin,3,95,92,100,2025-04-24,93,Restaurant & Food Service,Whataburger
2800716,River Oak Elementary,12401 Scofield Farms Dr,Austin,6,95,93,98,2026-04-16,98,School & Childcare,River Oak Elementary
2800997,First English Lutheran Child,3001 Whitis Ave,Austin,4,95,84,100,2025-07-24,100,Restaurant & Food Service,First English Lutheran Child
2801456,Chick-Fil-A,10901 Research NB Blvd,Austin,3,95,92,100,2026-02-06,100,Restaurant & Food Service,Chick-Fil-A
2801629,Starbucks Coffee #6402,1700 W Parmer Ln,Austin,5,95,92,97,2026-03-12,94,Restaurant & Food Service,Starbucks Coffee
2801741,Flightpath Coffeehouse,5011 Duval St,Austin,3,95,92,98,2025-10-28,92,Restaurant & Food Service,Flightpath Coffeehouse
2802117,Arby's Roast Beef #07529,8648 Research SB Blvd,Austin,4,95,93,97,2026-02-05,96,Restaurant & Food Service,Arby's Roast Beef
2802330,Hilton Austin-Austin Taco Project,500 E 4th St Pmb 3112,Austin,5,95,89,99,2025-12-30,89,Restaurant & Food Service,Hilton Austin-Austin Taco Project
2802363,Starbucks Coffee #8632,2300 S IH 35 SB,Austin,4,95,93,97,2026-03-24,93,Restaurant & Food Service,Starbucks Coffee
2802427,Westlake PTO Stadium,4100 Westbank Dr,Austin,3,95,91,98,2026-04-16,98,Venue & Concessions,Westlake PTO Stadium
2802494,Austin Can! Academy,2406 Rosewood Ave,Austin,3,95,92,98,2025-04-03,95,School & Childcare,Austin Can! Academy
2802498,Chick-Fil-A,12901 N IH 35 Service Rd NB,Austin,3,95,92,99,2026-04-15,99,Restaurant & Food Service,Chick-Fil-A
2802846,Home Slice Pizza,1415 S Congress Ave,Austin,3,95,92,99,2025-09-09,94,Restaurant & Food Service,Home Slice Pizza
2803841,HEB #476,500 W Canyon Ridge Dr,Austin,3,95,93,98,2026-04-21,94,Grocery,HEB
2803926,HEB Food Store #68 - Slaughter,5800 W Slaughter Ln,Austin,4,95,91,99,2025-07-29,91,Grocery,HEB Food Store #68 - Slaughter
10017881,Jason's Deli,9600 S Interstate 35,Austin,4,95,92,98,2025-05-08,92,Restaurant & Food Service,Jason's Deli
10034421,Pizza Hut,1015 E Braker Ln,Austin,3,95,92,97,2026-03-20,92,Restaurant & Food Service,Pizza Hut
10176932,Chipotle Mexican Grill #847,10515 N Mopac NB Expy Unit 200,Austin,5,95,90,98,2025-12-31,90,Restaurant & Food Service,Chipotle Mexican Grill
10193322,Staybridge Hotel,1611 Airport Commerce Dr,Austin,3,95,92,99,2025-07-22,92,Restaurant & Food Service,Staybridge Hotel
10239563,Balcones Club Grill,8600 Balcones Club Dr,Austin,3,95,94,97,2025-12-11,94,Restaurant & Food Service,Balcones Club Grill
10423805,Tacodeli III,4200 N Lamar Blvd Ste 100,Austin,5,95,93,98,2026-05-04,94,Restaurant & Food Service,Tacodeli III
10470974,Riojas Elementary School,3400 Crispin Hall Ln,Pflugerville,6,95,93,98,2026-05-08,94,School & Childcare,Riojas Elementary School
10553299,Sunrise Mini Mart #9,8925 Anderson Mill Rd,Austin,3,95,90,98,2026-02-26,97,Restaurant & Food Service,Sunrise Mini Mart
10582054,"Collinfield House, The",9205 Collinfield Dr,Austin,4,95,90,98,2026-01-20,94,Restaurant & Food Service,"Collinfield House, The"
10682809,Westminster Manor AL & Arbour Dining Services,4100 Jackson Ave,Austin,5,95,83,100,2026-02-18,92,Restaurant & Food Service,Westminster Manor AL & Arbour Dining Services
10759314,Circle K Store #2704684,6412 W US 290 Hwy,Austin,5,95,91,98,2026-02-20,98,Convenience & Fuel,Circle K Store
11055550,Whole Foods Market - Prepared Foods,11920 Domain Dr,Austin,4,95,93,99,2025-12-29,93,Grocery,Whole Foods Market - Prepared Foods
11066730,Taco Bell #030080,3324 W Slaughter Ln,Austin,4,95,92,98,2026-04-01,92,Restaurant & Food Service,Taco Bell
11066732,Taco Bell #030153,5604 Cameron Rd,Austin,5,95,91,97,2026-04-15,96,Restaurant & Food Service,Taco Bell
11071750,LW - Juiceland,2422 S FM 620 Rd Ste 114,Lakeway,3,95,93,98,2026-04-13,94,Restaurant & Food Service,LW - Juiceland
11115668,Wendy's #W127,305 W Slaughter Ln,Austin,3,95,92,99,2025-06-20,99,Restaurant & Food Service,Wendy's #W127
11216106,"Tacodeli IV, LLC",7301 Burnet Rd Unit 100,Austin,3,95,93,98,2025-11-07,94,Restaurant & Food Service,"Tacodeli IV, LLC"
11389779,Circle K Store # 2704103,2609 W Pecan St,Pflugerville,3,95,94,97,2025-12-03,97,Convenience & Fuel,Circle K Store
11530205,Legend Oaks Healthcare & Rehabilitation,11020 Dessau Rd,Austin,4,95,92,97,2026-02-02,92,Healthcare,Legend Oaks Healthcare & Rehabilitation
11615523,DeSano Pizzeria Napoletana,8000 Burnet Rd,Austin,3,95,93,97,2025-11-04,93,Restaurant & Food Service,DeSano Pizzeria Napoletana
11632733,Rio Market,620 W 29th St,Austin,3,95,91,99,2025-09-23,95,Restaurant & Food Service,Rio Market
11661805,Hudson Tavern,5000 Hudson Bend Rd Apt D,Austin,3,95,93,96,2025-12-19,96,Restaurant & Food Service,Hudson Tavern
11670162,Phi Kappa PSI Fraternity House,2501 Nueces St,Austin,3,95,94,96,2026-01-12,96,Restaurant & Food Service,Phi Kappa PSI Fraternity House
11707657,Still Austin Distillery,440 E Saint Elmo Rd Ste F-1,Austin,3,95,91,99,2026-02-25,95,Restaurant & Food Service,Still Austin Distillery
11723124,Dollar Tree #07241,7101 W SH 71 Unit 2,Austin,3,95,93,97,2026-03-02,93,Convenience & Fuel,Dollar Tree
11745906,Wingstop # 1275,13450 N US 183 Hwy SB Service Rd Unit 238,Austin,4,95,92,96,2026-03-09,96,Restaurant & Food Service,Wingstop
11761896,Supermercado Los Vaqueros #1 (Bakery),8752 Research SB Blvd,Austin,6,95,93,99,2026-04-22,94,Grocery,Supermercado Los Vaqueros #1 (Bakery)
11761898,Supermercado Los Vaqueros #1 (Taqueria),8752 Research SB Blvd,Austin,6,95,92,97,2026-02-12,96,Grocery,Supermercado Los Vaqueros #1 (Taqueria)
11839872,Juiceland BLC,5521 Balcones Dr Unit B,Austin,3,95,92,100,2025-07-16,92,Restaurant & Food Service,Juiceland BLC
11860825,Dominos Pizza #6603,1931 E Oltorf St,Austin,4,95,89,100,2026-02-03,94,Restaurant & Food Service,Dominos Pizza
12087865,Dean's One Trick Pony,111 E Cesar Chavez St,Austin,4,95,92,98,2025-09-18,92,Restaurant & Food Service,Dean's One Trick Pony
12094369,Houndstooth Coffee,11501 Rock Rose Ave Ste 118,Austin,3,95,93,96,2025-07-09,93,Restaurant & Food Service,Houndstooth Coffee
12167275,Omni Hotels and Resort-Members Pool Bar,8212 Barton Club Dr,Austin,4,95,91,100,2026-01-28,100,Restaurant & Food Service,Omni Hotels and Resort-Members Pool Bar
12186555,Food Basket #9,3400 E Howard Ln,Austin,3,95,94,97,2025-12-08,97,Restaurant & Food Service,Food Basket
12186599,PF - Los Amigos Market (Grocery/Produce),15812 Windermere Dr Ste 200,Pflugerville,4,95,85,99,2025-05-12,85,Grocery,PF - Los Amigos Market (Grocery
12186656,Wingstop #1664,9600 S Interstate 35 Ste S325,Austin,4,95,91,98,2025-06-20,97,Restaurant & Food Service,Wingstop
12392405,PF - Pizza Hut,100 12th St Ste 100,Pflugerville,6,95,92,99,2026-04-24,94,Restaurant & Food Service,PF - Pizza Hut
12392500,Sohip Blenders and Bowls,4200 N Lamar Blvd Ste 110,Austin,5,95,90,97,2025-12-15,90,Restaurant & Food Service,Sohip Blenders and Bowls
12393068,Domino's 6617,311 W 5th St Unit 101,Austin,3,95,93,98,2026-03-25,98,Restaurant & Food Service,Domino's
12393137,Fast Market #4567,2001 E SH 71 WB,Austin,4,95,91,98,2026-03-30,98,Restaurant & Food Service,Fast Market
12393561,Nutrition 512,3636 Bee Caves Rd Ste 102,West Lake Hills,3,95,91,98,2025-10-28,98,Restaurant & Food Service,Nutrition
12393728,JuiceLand SWP,5030 W US 290 WB Hwy Bldg 11,Austin,3,95,94,97,2025-04-21,94,Restaurant & Food Service,JuiceLand SWP
12394392,Avid Hotel @ Tech Ridge,12413 Tech Ridge Blvd,Austin,3,95,93,99,2026-05-21,93,Restaurant & Food Service,Avid Hotel @ Tech Ridge
12395201,PF - QuikTrip 4147,3101 E Pecan St,Pflugerville,5,95,90,99,2026-05-21,91,Convenience & Fuel,PF - QuikTrip
12395996,BC - Longleaf Bee Cave,3936 S FM 620 Rd,Bee Cave,6,95,85,100,2025-11-24,97,Restaurant & Food Service,BC - Longleaf Bee Cave
12396981,Windsor Nursing & Rehabilitation Center of Duval,5301 Duval Rd,Austin,4,95,90,98,2026-05-22,98,Healthcare,Windsor Nursing & Rehabilitation Center of Duval
12397596,Songbird,3400 Comsouth Dr,Austin,5,95,90,100,2026-02-26,97,Restaurant & Food Service,Songbird
12398078,McDonald's 31248,710 E Ben White Blvd,Austin,6,95,93,97,2025-12-30,97,Restaurant & Food Service,McDonald's
12398678,CookUnity Inc,1300 E Anderson Ln Apt 1301 Bldg D,Austin,3,95,92,100,2026-03-12,100,Restaurant & Food Service,CookUnity Inc
12395994,PF - McDonald's,1700 W Pecan St,Pflugerville,8,94.88,91,97,2026-04-10,95,Restaurant & Food Service,PF - McDonald's
11637630,Popeye's #325,2320 E Riverside Dr,Austin,6,94.83,92,98,2025-12-02,95,Restaurant & Food Service,Popeye's
11848088,7-Eleven Convenience Store # 36630B,7844 Burnet Rd,Austin,6,94.83,93,96,2026-04-23,96,Convenience & Fuel,7-Eleven Convenience Store # 36630B
12393072,Sonic Drive - In #3874,1901 Montopolis Dr,Austin,6,94.83,89,99,2026-01-08,99,Restaurant & Food Service,Sonic Drive - In
2800720,Marbridge Found-Senior Dorm,2310 Bliss Spillar Rd,Manchaca,5,94.8,91,98,2026-01-12,98,Restaurant & Food Service,Marbridge Found-Senior Dorm
10233915,P. Terry's Burger Stand,3303 N Lamar Blvd,Austin,5,94.8,89,98,2025-12-01,95,Restaurant & Food Service,P. Terry's Burger Stand
10762040,Circle K Store #2704682,6500 S US 183 SB Hwy,Austin,5,94.8,93,97,2026-05-07,93,Convenience & Fuel,Circle K Store
11037284,Golden Chick,9600 N Lamar Blvd,Austin,5,94.8,92,97,2025-12-15,95,Restaurant & Food Service,Golden Chick
11144765,"WL - Tacodeli V, L.L.C.",701 S Capital of Texas Hwy Ste E590,West Lake Hills,5,94.8,92,99,2025-11-24,93,Restaurant & Food Service,"WL - Tacodeli V, L.L.C."
11643083,Jack in the Box,6800 Berkman Dr,Austin,5,94.8,83,100,2026-04-30,100,Restaurant & Food Service,Jack in the Box
12037481,Guckenheimer @ Google Austin 22nd Floor,500 W 2nd St,Austin,5,94.8,92,99,2026-04-01,97,Restaurant & Food Service,Guckenheimer @ Google Austin 22nd Floor
12393437,Williams-Sonoma #6298,4001 N Lamar Blvd Ste 310,Austin,5,94.8,88,99,2026-03-23,88,Restaurant & Food Service,Williams-Sonoma
12396734,Heritage Park Rehabilitation & Skilled Nursing Ctr,2806 Real St,Austin,5,94.8,92,97,2025-11-18,92,Healthcare,Heritage Park Rehabilitation & Skilled Nursing Ctr
12397241,Domino's,1200 Barbara Jordan Blvd Ste 322,Austin,5,94.8,93,96,2026-01-08,96,Restaurant & Food Service,Domino's
2800068,Alpha Chi Omega,2420 Nueces St,Austin,4,94.75,93,97,2026-01-12,93,Restaurant & Food Service,Alpha Chi Omega
2800732,Mainspring Schools,1100 W Live Oak St,Austin,4,94.75,92,98,2025-11-18,93,School & Childcare,Mainspring Schools
2802299,McDonald's,13813 Burnet Rd,Austin,4,94.75,92,96,2026-02-25,96,Restaurant & Food Service,McDonald's
2802910,IHOP,14310 N Ih 35,Austin,4,94.75,91,98,2026-02-03,97,Restaurant & Food Service,IHOP
10090277,Susy's Daycare Center,308 W William Cannon Dr Unit B,Austin,4,94.75,90,100,2026-02-25,92,School & Childcare,Susy's Daycare Center
10145387,Panda Express #1644,309 W Slaughter Ln,Austin,4,94.75,94,97,2025-09-15,94,Restaurant & Food Service,Panda Express
10237705,Subway #46185,1420 W Wells Branch Pkwy,Pflugerville,4,94.75,93,98,2026-01-06,93,Restaurant & Food Service,Subway
10584597,Brookside Farm,2213 Howard Ln,Austin,4,94.75,91,99,2026-02-09,93,Restaurant & Food Service,Brookside Farm
10755083,Central Texas Rehabilitation Hospital,700 W 45th St,Austin,4,94.75,87,99,2026-03-04,95,Healthcare,Central Texas Rehabilitation Hospital
10805134,Austin Presbyterian Theological Seminary,100 E 27th St,Austin,4,94.75,92,97,2026-04-27,94,Restaurant & Food Service,Austin Presbyterian Theological Seminary
10996570,Domino's Pizza Store #6609,1509 S Lamar Blvd Ste 500,Austin,4,94.75,93,98,2026-02-26,93,Restaurant & Food Service,Domino's Pizza Store
11593181,In-N-Out Burgers,12431 N IH 35 NB Service Rd,Austin,4,94.75,92,97,2026-01-20,94,Restaurant & Food Service,In-N-Out Burgers
12183152,SV - Ike's Love & Sandwiches,5207 Brodie Ln Ste 210,Sunset Valley,4,94.75,92,100,2025-05-20,94,Restaurant & Food Service,SV - Ike's Love & Sandwiches
12395670,PF - Holiday Inn Express,18616 Hilltop Commercial Dr,Pflugerville,4,94.75,88,99,2026-05-01,88,Restaurant & Food Service,PF - Holiday Inn Express
12395775,Shipley Do-Nuts,1945 W William Cannon Dr Unit 180,Austin,4,94.75,90,97,2025-10-23,90,Restaurant & Food Service,Shipley Do-Nuts
12398693,Jimmy John's,3203 Red River St,Austin,4,94.75,93,96,2026-05-06,95,Restaurant & Food Service,Jimmy John's
12399118,LW - Foodzone,1405 S FM 620 Rd,Lakeway,4,94.75,92,100,2025-07-01,92,Restaurant & Food Service,LW - Foodzone
12400349,Hawaiian Bros 0084 LLC,3400 Comsouth Dr Unit 118,Austin,4,94.75,93,96,2026-01-16,96,Restaurant & Food Service,Hawaiian Bros 0084 LLC
2800520,Flea Market #C,9500 E US 290 Hwy WB Service Rd,Austin,3,94.67,89,99,2026-02-07,89,Restaurant & Food Service,Flea Market #C
2800533,Zeta Beta Tau,710 W 28th St,Austin,3,94.67,94,95,2026-02-06,94,Restaurant & Food Service,Zeta Beta Tau
2800737,North Austin Medical Ctr.,12221 N Mopac NB Expy,Austin,3,94.67,93,96,2026-03-20,93,Restaurant & Food Service,North Austin Medical Ctr.
2801000,Amy's Ice Cream,3500 Guadalupe St,Austin,3,94.67,89,99,2025-09-30,96,Restaurant & Food Service,Amy's Ice Cream
2801079,HEB Bakery/Deli,1000 E 41st St,Austin,3,94.67,93,97,2026-05-07,93,Grocery,HEB Bakery
2801466,Orangewood Inn & Suites,9121 N Interstate 35,Austin,3,94.67,92,98,2025-09-23,98,Restaurant & Food Service,Orangewood Inn & Suites
2801749,TCBY,303 W Martin Luther King Jr Blvd,Austin,3,94.67,92,97,2026-04-14,97,Restaurant & Food Service,TCBY
2801942,Panda Express # 707,500 W Canyon Ridge Dr,Austin,3,94.67,91,97,2026-05-01,96,Restaurant & Food Service,Panda Express
2802750,Pizza Hut,2021 E Riverside Dr,Austin,3,94.67,91,97,2026-02-17,91,Restaurant & Food Service,Pizza Hut
2803458,Scenic Brook Food Mart,7216 W SH 71,Austin,3,94.67,94,95,2026-03-05,95,Convenience & Fuel,Scenic Brook Food Mart
10035755,Potbelly Sandwich Works,10515 N Mopac NB Expy Unit 300,Austin,3,94.67,92,97,2026-01-15,97,Restaurant & Food Service,Potbelly Sandwich Works
10363369,Yogurt Planet,3220 Feathergrass Ct,Austin,3,94.67,90,98,2025-12-23,96,Restaurant & Food Service,Yogurt Planet
10539808,Auguste Escoffier School of Culinary Arts,6020 Dillard Cir Ste B,Austin,3,94.67,92,97,2026-03-24,95,School & Childcare,Auguste Escoffier School of Culinary Arts
10781348,Dollar General Store #12967,6729 Manor Rd,Austin,3,94.67,93,98,2026-04-06,93,Convenience & Fuel,Dollar General Store
10815885,Ruth Barron Elementary School,14850 Harris Ridge Blvd,Pflugerville,6,94.67,92,97,2026-04-28,93,School & Childcare,Ruth Barron Elementary School
11028095,Epoch Coffee,2700 W Anderson Ln,Austin,3,94.67,90,99,2025-11-10,95,Restaurant & Food Service,Epoch Coffee
11180309,Figure 8 Coffee Purveyors,1111 Chicon St Unit A,Austin,3,94.67,93,96,2025-12-31,93,Restaurant & Food Service,Figure 8 Coffee Purveyors
11261275,Starbucks Coffee #22300,1801 E 51st St Bldg A Unit 190,Austin,3,94.67,89,98,2025-11-04,98,Restaurant & Food Service,Starbucks Coffee
11642557,Fairfield Inn and Suites Austin NW/Research,13087 N US 183 Hwy NB Service Rd,Austin,3,94.67,90,97,2025-11-25,97,Restaurant & Food Service,Fairfield Inn and Suites Austin NW
11790775,Austin Aquarium,13530 N US 183 Hwy SB Service Rd Unit 101,Austin,3,94.67,88,100,2026-03-26,96,Restaurant & Food Service,Austin Aquarium
11846221,Integral Care,1165 Airport Blvd,Austin,3,94.67,94,95,2026-03-05,94,Restaurant & Food Service,Integral Care
11865202,MN-Pizza Hut,11300 E US 290 WB Hwy Unit 300,Manor,6,94.67,94,96,2026-03-17,96,Restaurant & Food Service,MN-Pizza Hut
12176494,Omni Barton Creek Resort & Spa - Jim Bobs,8212 Barton Club Dr,Austin,3,94.67,90,98,2026-01-21,96,Restaurant & Food Service,Omni Barton Creek Resort & Spa - Jim Bobs
12185866,Natural Grocers,4615 N Lamar Blvd Ste 304,Austin,3,94.67,94,95,2025-11-18,94,Restaurant & Food Service,Natural Grocers
12186263,Fooda,7700 W Parmer Ln,Austin,3,94.67,91,100,2026-01-13,100,Restaurant & Food Service,Fooda
12392400,Lone Star Family Market #1,8756 Research SB Blvd Bldg B,Austin,3,94.67,94,96,2026-03-04,94,Restaurant & Food Service,Lone Star Family Market
12392453,PF - Crumbl Cookies,18817 Limestone Commercial Dr Ste 200,Pflugerville,3,94.67,90,98,2025-07-03,98,Restaurant & Food Service,PF - Crumbl Cookies
12393220,Bouldin Acres,10400 Menchaca Rd,Austin,3,94.67,94,96,2025-06-17,96,Restaurant & Food Service,Bouldin Acres
12393280,Malone Specialty Coffee,14735 Bratton Ln Ste 210,Austin,3,94.67,91,97,2025-12-02,97,Restaurant & Food Service,Malone Specialty Coffee
12394858,1 Stop Food Store,5101 Airport Blvd,Austin,3,94.67,93,96,2026-01-29,96,Restaurant & Food Service,1 Stop Food Store
12395383,DBG Austin Domain,10728 Burnet Rd,Austin,3,94.67,92,96,2025-09-02,96,Restaurant & Food Service,DBG Austin Domain
12395400,Inflatable Wonderland,11200 Lakeline Mall Dr,Cedar Park,3,94.67,91,98,2025-12-15,98,Restaurant & Food Service,Inflatable Wonderland
12397657,7-Eleven Convenience Store #34251B,9200 Burnet Rd,Austin,6,94.67,92,96,2026-01-12,92,Convenience & Fuel,7-Eleven Convenience Store #34251B
12399186,"Brass Tap, The",815 W 47th St Ste 103,Austin,3,94.67,91,97,2025-02-25,97,Restaurant & Food Service,"Brass Tap, The"
11392280,McDonalds's #27171,8500 E US 290 Hwy WB Service Rd,Austin,8,94.62,91,98,2026-02-27,96,Restaurant & Food Service,McDonalds's
10915040,McDonald's # 11150,1143 1/2 Airport Blvd,Austin,5,94.6,90,98,2026-03-05,97,Restaurant & Food Service,McDonald's
11423173,Popeyes # 305 - Z & H Inc,2919 Montopolis Dr,Austin,5,94.6,90,99,2026-03-19,90,Restaurant & Food Service,Popeyes # 305 - Z & H Inc
12395991,Angel's Icehouse,21815 W SH 71,Spicewood,5,94.6,91,97,2025-12-16,93,Restaurant & Food Service,Angel's Icehouse
12398219,Hayley Cakes & Cookies,9001 Brodie Ln,Austin,5,94.6,88,98,2026-03-31,88,Restaurant & Food Service,Hayley Cakes & Cookies
12399113,COTA - Commissary Grand Plaza,9201 Circuit of the Americas Blvd,Del Valle,5,94.6,92,96,2026-03-26,95,Institutional & Catering,COTA - Commissary Grand Plaza
12395494,"PF - Kebab Shop, The",18616 Limestone Commercial Dr Ste 300,Pflugerville,7,94.57,91,98,2026-04-15,91,Restaurant & Food Service,"PF - Kebab Shop, The"
2800311,Whataburger #346,601 Barton Springs Rd,Austin,4,94.5,91,98,2026-03-16,92,Restaurant & Food Service,Whataburger
2801216,Einstein Bros Bagels,4607 W Braker Ln Unit 500,Austin,6,94.5,92,97,2026-04-17,92,Restaurant & Food Service,Einstein Bros Bagels
2803175,Wingstop #164,2410 E Riverside Dr,Austin,4,94.5,91,99,2025-11-04,91,Restaurant & Food Service,Wingstop
10789915,Jack in the Box #840,110 E William Cannon Dr,Austin,4,94.5,93,96,2026-01-20,95,Restaurant & Food Service,Jack in the Box
10789984,Jack in the Box #904,6133 E Ben White Blvd,Austin,6,94.5,86,100,2026-02-20,96,Restaurant & Food Service,Jack in the Box
10939383,Chick-fil-A,503 W Martin Luther King Jr Blvd,Austin,6,94.5,91,96,2026-04-16,96,Restaurant & Food Service,Chick-fil-A
11999232,MN - Manor Senior High School,14832 N FM 973 Rd,Manor,6,94.5,91,97,2026-03-27,95,School & Childcare,MN - Manor Senior High School
12136724,Catering By Rosemary,10721 Domain Dr,Austin,4,94.5,93,97,2025-06-06,97,Institutional & Catering,Catering By Rosemary
12393398,Soup Peddler Real Food & Juice Bar,1401 Rosewood Ave Ste A-2,Austin,6,94.5,90,99,2026-02-20,90,Restaurant & Food Service,Soup Peddler Real Food & Juice Bar
12395065,Chick-fil-A 6th & Congress In-Line,600 Congress Ave Ste C150,Austin,4,94.5,94,96,2025-08-05,96,Restaurant & Food Service,Chick-fil-A 6th & Congress In-Line
12397876,Pita Fusion,2525 W Anderson Ln Unit 200,Austin,4,94.5,90,98,2025-10-29,90,Restaurant & Food Service,Pita Fusion
12398409,7-Eleven Convenience Store #38402B,18201 W SH 71,Bee Cave,4,94.5,92,97,2026-02-13,92,Convenience & Fuel,7-Eleven Convenience Store #38402B
12399326,Dan's Diner (St. Austin Catholic School),2026 Guadalupe St,Austin,6,94.5,90,98,2026-04-30,98,School & Childcare,Dan's Diner (St. Austin Catholic School)
12398624,PF - L & L Donuts,1300 W Pflugerville Pkwy Ste 350,Round Rock,7,94.43,87,100,2026-02-24,87,Restaurant & Food Service,PF - L & L Donuts
11112559,WL - Belmont Village West Lake Hills,4310 Bee Caves Rd,West Lake Hills,5,94.4,91,98,2025-12-29,98,Restaurant & Food Service,WL - Belmont Village West Lake Hills
12186412,WL - Jersey Mikes Subs,3300 Bee Caves Rd,West Lake Hills,5,94.4,92,98,2025-12-05,95,Restaurant & Food Service,WL - Jersey Mikes Subs
12394129,Tacodeli R&D,509 Hearn St,Austin,5,94.4,92,96,2025-07-07,92,Restaurant & Food Service,Tacodeli R&D
2800518,Flea Market #A,9500 E US 290 Hwy WB Service Rd,Austin,3,94.33,86,100,2026-02-07,86,Restaurant & Food Service,Flea Market #A
2801288,Copperfield Elementary,12135 Thompkins Dr,Austin,6,94.33,92,97,2026-04-30,96,School & Childcare,Copperfield Elementary
2801392,Chick-Fil-A,5033 W US 290 Hwy EB Service Rd Bldg D,Austin,3,94.33,90,99,2026-02-23,90,Restaurant & Food Service,Chick-Fil-A
2801542,Subway Sandwiches & Salads,1144 Airport Blvd,Austin,3,94.33,88,98,2026-01-28,98,Restaurant & Food Service,Subway Sandwiches & Salads
2802286,Hyde Park Baptist Church,3901 Speedway,Austin,3,94.33,93,96,2026-03-04,94,Restaurant & Food Service,Hyde Park Baptist Church
2802877,International House of Pancakes,901 E Koenig EB Ln,Austin,6,94.33,93,96,2026-03-12,95,Restaurant & Food Service,International House of Pancakes
2803185,Tokyo Garden,5800 W Slaughter Ln,Austin,3,94.33,92,96,2025-07-29,96,Restaurant & Food Service,Tokyo Garden
2803483,Kwik Mart,1200 N Lamar Blvd,Austin,3,94.33,90,99,2026-01-13,99,Restaurant & Food Service,Kwik Mart
2804095,CVS # 6895,1701 Briarcliff Blvd,Austin,3,94.33,91,98,2025-11-17,98,Convenience & Fuel,CVS
10778546,Econo Lodge,9100 Burnet Rd,Austin,3,94.33,89,97,2026-04-15,89,Restaurant & Food Service,Econo Lodge
10878668,Family Dollar Store #10276,7517 Cameron Rd Ste 115,Austin,3,94.33,91,97,2025-12-22,95,Convenience & Fuel,Family Dollar Store
11018822,MN - Domino's Pizza,11211 E US 290 Hwy EB,Manor,3,94.33,91,96,2025-11-20,91,Restaurant & Food Service,MN - Domino's Pizza
11025077,Tiff's Treats South Austin,4301 W William Cannon Dr Bldg E2,Austin,3,94.33,88,98,2025-07-23,97,Restaurant & Food Service,Tiff's Treats South Austin
11034139,Starbucks Coffee Company #6268,14028 N US 183 Hwy SB Service Rd Bldg H,Austin,3,94.33,88,100,2026-03-26,100,Restaurant & Food Service,Starbucks Coffee Company
11119775,SV - Wendy's W108,4961 W US 290 EB Hwy,Sunset Valley,3,94.33,91,99,2025-08-27,91,Restaurant & Food Service,SV - Wendy's W108
11474650,WL- Blenders and Bowls,3736 Bee Caves Rd Ste 8,West Lake Hills,3,94.33,93,95,2026-03-20,95,Restaurant & Food Service,WL- Blenders and Bowls
11504140,IDEA Public Schools - Rundberg,700 Showplace Ln,Austin,6,94.33,93,96,2026-03-12,93,School & Childcare,IDEA Public Schools - Rundberg
11504562,Donut Empire,1033 E Howard Ln Ste D,Austin,3,94.33,92,96,2025-10-24,92,Restaurant & Food Service,Donut Empire
11765394,Recovery Unplugged,7211 Albert Rd,Austin,3,94.33,92,96,2026-04-30,96,Restaurant & Food Service,Recovery Unplugged
11965890,LW - SP Churrascaria Brazililan Steakhouse,900 S FM 620 Rd Ste B108,Lakeway,3,94.33,93,96,2025-07-17,94,Restaurant & Food Service,LW - SP Churrascaria Brazililan Steakhouse
12094407,Sugar Pine,8578 Research Blvd Ste A,Austin,3,94.33,91,99,2025-07-14,99,Restaurant & Food Service,Sugar Pine
12392757,Dollar Tree #06372,9500 S Interstate 35 Ste J400,Austin,3,94.33,93,96,2026-04-06,93,Convenience & Fuel,Dollar Tree
12393991,Sonic Drive-In #1566,5105 E Stassney Ln,Austin,6,94.33,93,97,2026-05-06,94,Restaurant & Food Service,Sonic Drive-In
12396279,MN - MargieRita,10900 E US 290 Hwy WB,Manor,3,94.33,91,99,2025-07-24,93,Restaurant & Food Service,MN - MargieRita
12396566,Planet Smoothie,4211 S Lamar Blvd Ste E2,Austin,3,94.33,93,96,2026-02-25,94,Restaurant & Food Service,Planet Smoothie
12397242,Pizza Patron,7112 Ed Bluestein Blvd Ste 175,Austin,3,94.33,88,98,2026-01-12,97,Restaurant & Food Service,Pizza Patron
12397265,Guckenheimer at Atlassian Austin - Cafe,1401 E 6th St Ste 1000,Austin,3,94.33,90,100,2025-11-20,90,Restaurant & Food Service,Guckenheimer at Atlassian Austin - Cafe
12397551,Royal Blue Grocery,91 Red River St Unit 100,Austin,3,94.33,91,97,2025-07-24,95,Grocery,Royal Blue Grocery
12397645,Longhorn Meat Market South,11600 Menchaca Rd Ste H,Austin,3,94.33,90,99,2025-05-07,94,Restaurant & Food Service,Longhorn Meat Market South
12397776,Panera Bread #6316,9901 N Capital of Texas Hwy,Austin,6,94.33,87,99,2025-11-14,90,Restaurant & Food Service,Panera Bread
12398802,Gong Cha,4220 W William Cannon Dr Ste 140,Austin,3,94.33,92,99,2025-09-05,99,Restaurant & Food Service,Gong Cha
12398901,Firefly Sushi,919 E 32nd St,Austin,3,94.33,87,98,2025-03-25,98,Restaurant & Food Service,Firefly Sushi
12399533,Tous Les Jours,6808 N Lamar Blvd Unit 115,Austin,3,94.33,93,96,2026-05-06,93,Restaurant & Food Service,Tous Les Jours
12400299,Domino's #6725,10001 s Ih 35 Service Rd Nb,Austin,3,94.33,93,96,2026-03-04,93,Restaurant & Food Service,Domino's
10510628,Buckner Villas,11110 Tom Adams Dr,Austin,7,94.29,92,97,2026-03-23,94,Restaurant & Food Service,Buckner Villas
11166298,Snarf's Sandwiches,2901 Medical Arts St,Austin,7,94.29,92,98,2026-01-23,93,Restaurant & Food Service,Snarf's Sandwiches
12398152,Flo's Wine Bar and Bottle Shop - Kitchen,3111 W 35th St # A,Austin,7,94.29,88,97,2026-03-31,88,Restaurant & Food Service,Flo's Wine Bar and Bottle Shop - Kitchen
2800162,HEB Deli & Bakery,9414 N Lamar Blvd,Austin,4,94.25,91,98,2026-01-16,96,Grocery,HEB Deli & Bakery
2800266,St David's South Hosp (Columbia),901 W Ben White Blvd,Austin,4,94.25,91,98,2026-03-20,94,Restaurant & Food Service,St David's South Hosp (Columbia)
2800550,La Petite Academy,9315 Chisholm Ln,Austin,4,94.25,90,97,2026-02-10,95,School & Childcare,La Petite Academy
2800884,Sam's Club #6453 Cafe,9700 N Capital of Texas Hwy,Austin,4,94.25,93,96,2026-03-24,95,Grocery,Sam's Club #6453 Cafe
2801471,Bright Horizons,6111 Davis Ln,Austin,4,94.25,90,97,2026-03-05,90,Restaurant & Food Service,Bright Horizons
2801646,Inst.of Hosp.&Culinary Arts,1211 E Oltorf St,Austin,4,94.25,91,99,2026-05-19,99,Restaurant & Food Service,Inst.of Hosp.&Culinary Arts
2801961,HEB #476 Deli & Bakery,500 W Canyon Ridge Dr,Austin,4,94.25,92,96,2026-04-21,96,Grocery,HEB #476 Deli & Bakery
10499304,Heart Hospital of Austin,3801 N Lamar Blvd,Austin,4,94.25,91,100,2025-12-15,94,Healthcare,Heart Hospital of Austin
10764426,Whole Foods Market - Prepared Foods,4301 W William Cannon Dr Bldg B,Austin,4,94.25,90,98,2026-02-09,90,Grocery,Whole Foods Market - Prepared Foods
10789992,Jack in the Box #869,1000 E 41st St Bldg K,Austin,8,94.25,83,97,2026-05-06,95,Restaurant & Food Service,Jack in the Box
10790301,Jack in the Box #949,9300 S Interstate 35 Bldg G,Austin,4,94.25,92,100,2025-07-29,92,Restaurant & Food Service,Jack in the Box
10819658,Cafe Regents,3230 Travis Country Cir,Austin,4,94.25,85,98,2025-12-17,98,Restaurant & Food Service,Cafe Regents
11115652,Wendy's #W128,5000 W Slaughter Ln,Austin,4,94.25,90,98,2025-04-18,98,Restaurant & Food Service,Wendy's #W128
11459795,Embassy Suites Austin Central,5901 N Interstate 35,Austin,4,94.25,92,96,2025-10-30,93,Restaurant & Food Service,Embassy Suites Austin Central
11861562,SV - Poke Austin,5601 Brodie Ln Ste 1200,Sunset Valley,4,94.25,90,100,2025-04-30,90,Restaurant & Food Service,SV - Poke Austin
12091496,St. Louis Catholic Church - Wozniak Kitchen,7601 Burnet Rd,Austin,4,94.25,90,98,2026-05-21,98,Restaurant & Food Service,St. Louis Catholic Church - Wozniak Kitchen
12185948,ABIA - Caffe Medici,3600 Presidential Blvd Ste 110,Austin,4,94.25,91,96,2026-01-05,95,Venue & Concessions,ABIA - Caffe Medici
12393643,PHP Brewing,2201 E Ben White Blvd,Austin,4,94.25,92,97,2025-09-04,93,Restaurant & Food Service,PHP Brewing
12394162,Hancock Jo's LLC,1000 E 41st St Ste G100,Austin,4,94.25,91,96,2026-05-12,94,Restaurant & Food Service,Hancock Jo's LLC
12394256,First United Methodist Church,1300 Lavaca St,Austin,4,94.25,92,97,2025-06-05,93,Restaurant & Food Service,First United Methodist Church
12395505,Goldie's Sunken Bar,600 W 2nd St,Austin,4,94.25,92,98,2026-04-01,98,Restaurant & Food Service,Goldie's Sunken Bar
12397352,WL - Baldinucci Pizza Romana,3300 Bee Caves Rd Ste 110,West Lake Hills,4,94.25,92,96,2026-01-28,94,Restaurant & Food Service,WL - Baldinucci Pizza Romana
12397736,Bufalina,2215 E Cesar Chavez St,Austin,4,94.25,81,99,2025-08-06,98,Restaurant & Food Service,Bufalina
12398112,Garbo's on Lamar,626 N Lamar Blvd,Austin,8,94.25,91,96,2026-05-06,93,Restaurant & Food Service,Garbo's on Lamar
12399071,Zalat Pizza,2222 Rio Grande St Unit 190,Austin,4,94.25,90,98,2026-01-08,98,Restaurant & Food Service,Zalat Pizza
2802786,Whole Foods - Prepared Foods # 1,525 N Lamar Blvd,Austin,5,94.2,93,96,2026-03-03,93,Grocery,Whole Foods - Prepared Foods
11037878,Taco Cabana,5242 N Lamar Blvd,Austin,5,94.2,91,98,2026-04-09,92,Restaurant & Food Service,Taco Cabana
11045391,MN - Subway,11923 E US 290 EB Hwy Bldg 1,Manor,5,94.2,91,96,2026-04-09,95,Restaurant & Food Service,MN - Subway
11843151,Church's Chicken Store No. 713,5339 Cameron Rd,Austin,5,94.2,89,98,2026-01-09,98,Restaurant & Food Service,Church's Chicken Store
11843307,Church's Chicken Store No. 2004,5309 Nuckols Crossing Rd,Austin,5,94.2,90,99,2026-03-19,90,Restaurant & Food Service,Church's Chicken Store
12185663,DK Cafe,2910 E 5th St,Austin,5,94.2,89,98,2026-01-13,89,Restaurant & Food Service,DK Cafe
12392667,PF - Einstein Bros Bagels #3638,2424 FM 685 Ste 100,Pflugerville,5,94.2,90,98,2025-12-30,90,Restaurant & Food Service,PF - Einstein Bros Bagels
12397761,PF - Sage Valley Senior Living,1100 Rauscher Dr,Pflugerville,5,94.2,84,98,2026-05-12,84,Healthcare,PF - Sage Valley Senior Living
11794634,Dunkin' Donuts/Baskin Robbins,1610 E Parmer Ln,Austin,6,94.17,89,98,2026-04-22,97,Restaurant & Food Service,Dunkin' Donuts
12398271,Taco Aranda,12115 Manchaca Rd,Austin,6,94.17,89,96,2026-04-20,93,Restaurant & Food Service,Taco Aranda
12393987,Sonic Drive-In #1560,7708 Burnet Rd,Austin,7,94.14,89,97,2026-02-09,92,Restaurant & Food Service,Sonic Drive-In
2800873,Kinder Care #155,610 Emerald Wood Dr,Austin,3,94,89,98,2025-02-21,89,School & Childcare,Kinder Care
2800939,Taco Cabana #140,6430 S Ih 35,Austin,4,94,91,97,2025-08-25,97,Restaurant & Food Service,Taco Cabana
2801138,HEB-Bakery #229,6607 S Ih 35,Austin,3,94,91,96,2025-11-05,95,Grocery,HEB-Bakery
2801280,"HEB #24 (Deli, Bakery, meat Dept)",7301 N FM 620 Rd Ste 660,Austin,3,94,89,97,2026-02-19,89,Grocery,"HEB #24 (Deli, Bakery, meat Dept)"
2801743,Pasta & Co,3502 Kerbey Ln,Austin,4,94,90,97,2026-02-02,90,Restaurant & Food Service,Pasta & Co
2801837,Harmony Science Academy,930 E Rundberg Ln,Austin,5,94,90,99,2026-02-26,93,School & Childcare,Harmony Science Academy
2803920,Sam's Club #6453/Meat & Deli,9700 N Capital of Texas Hwy,Austin,4,94,91,95,2026-03-24,95,Grocery,Sam's Club
2804019,Bread Basket,2213 Justin Ln,Austin,3,94,91,98,2026-02-23,91,Restaurant & Food Service,Bread Basket
10036116,MN - Shadow Glen Golf Club,12801 Lexington St,Manor,3,94,93,95,2026-03-24,95,Restaurant & Food Service,MN - Shadow Glen Golf Club
10203456,Subway #43833,7709 E Ben White Blvd Ste 104,Austin,3,94,91,96,2026-03-17,96,Restaurant & Food Service,Subway
10322878,"New Sushi Express, Inc.",3101 Guadalupe St,Austin,3,94,91,97,2026-04-07,91,Restaurant & Food Service,"New Sushi Express, Inc."
10400697,Barton Hills Market #1,1220 Barton Hills Dr,Austin,3,94,91,96,2025-08-12,91,Restaurant & Food Service,Barton Hills Market
10458107,Happy Kids Day Care,5709 Manor Rd,Austin,3,94,90,98,2026-01-29,98,School & Childcare,Happy Kids Day Care
10510935,Panda Express #1939,2901 S Capital of Texas Hwy Unit Vc06,Austin,4,94,90,99,2026-03-02,93,Restaurant & Food Service,Panda Express
10929524,Austin Oaks Hospital,1407 W Stassney Ln,Austin,3,94,93,95,2025-02-27,93,Healthcare,Austin Oaks Hospital
11024988,MN - McDonald's of Manor,12609 Lexington St,Manor,6,94,89,99,2026-03-17,92,Restaurant & Food Service,MN - McDonald's of Manor
11066724,Taco Bell #030157,1016 E Anderson WB Ln,Austin,5,94,88,100,2025-12-16,88,Restaurant & Food Service,Taco Bell
11077106,BC - Jersey Giant Pizza,13908 W SH 71,Bee Cave,5,94,90,99,2025-11-05,99,Restaurant & Food Service,BC - Jersey Giant Pizza
11080498,Home of Southern Hospitality LLC,5000 Shoalwood Ave,Austin,4,94,90,97,2026-02-26,90,Healthcare,Home of Southern Hospitality LLC
11087462,MN - Wal-Mart # 3169 - Grocery,11923 E US 290 EB Hwy,Manor,3,94,90,96,2025-11-25,96,Grocery,MN - Wal-Mart # 3169 - Grocery
11274932,J W Marriott Austin-Pool Bar/Room Svc/Exec Lounge,110 E 2nd St,Austin,3,94,89,98,2026-01-06,89,Restaurant & Food Service,J W Marriott Austin-Pool Bar
11563122,Cornucopia Popcorn,7318 McNeil Dr Ste 111,Austin,5,94,91,97,2026-01-12,91,Restaurant & Food Service,Cornucopia Popcorn
11604453,Juiceland,6301 W Parmer Ln Ste 104,Austin,3,94,90,97,2026-01-07,90,Restaurant & Food Service,Juiceland
11637609,Popeye's #323 - Z & H Foods Inc.,9718 Menchaca Rd,Austin,4,94,90,98,2026-04-06,90,Restaurant & Food Service,Popeye's #323 - Z & H Foods Inc.
11642589,"Soup Peddler, The",1112 N Lamar Blvd Ste D,Austin,3,94,93,96,2026-05-06,96,Restaurant & Food Service,"Soup Peddler, The"
11661044,Raising Canes Restaurants LLC.,2109 E Riverside Dr,Austin,4,94,91,99,2026-01-08,94,Restaurant & Food Service,Raising Canes Restaurants LLC.
11718633,Poke House,11150 Research SB Blvd Unit 216,Austin,3,94,92,97,2026-02-06,93,Restaurant & Food Service,Poke House
11761889,"Supermercado Los Vaqueros #1 (Seafood, Creamria & Meat)",8752 Research SB Blvd,Austin,4,94,92,97,2026-04-23,97,Grocery,"Supermercado Los Vaqueros #1 (Seafood, Creamria & Meat)"
11920756,Jeremiah Program CDC,1200 Paul Teresa Saldana,Austin,3,94,93,95,2025-03-04,94,School & Childcare,Jeremiah Program CDC
11923808,MN - Wendy's,11808 Ring Dr Bldg 2,Manor,5,94,93,97,2025-10-20,94,Restaurant & Food Service,MN - Wendy's
12094330,7-Eleven Convenience Store #35801A,9704 Giles Ln,Austin,5,94,93,95,2026-03-31,93,Convenience & Fuel,7-Eleven Convenience Store #35801A
12176481,Omni Barton Creek Resort & Spa (Blind Salamander),8212 Barton Club Dr,Austin,4,94,90,97,2026-01-21,97,Restaurant & Food Service,Omni Barton Creek Resort & Spa (Blind Salamander)
12179677,BC-Giovanni's Table,11701 Bee Cave Rd,Bee Cave,4,94,91,98,2026-01-30,98,Restaurant & Food Service,BC-Giovanni's Table
12186529,Tiff's Treats,1700 E Oltorf St Ste 110,Austin,3,94,92,96,2026-03-19,96,Restaurant & Food Service,Tiff's Treats
12186610,Gen Boba Tea & Coffee House,10901 N Lamar Blvd Unit 104,Austin,3,94,93,95,2026-03-24,94,Restaurant & Food Service,Gen Boba Tea & Coffee House
12392460,PF - Spanish Oak Assisted Living,1417 E Pfennig Ln,Pflugerville,6,94,92,97,2026-05-22,92,Healthcare,PF - Spanish Oak Assisted Living
12392623,PF - Windermere Elementary School,1101 Picadilly Dr,Pflugerville,6,94,88,99,2026-02-17,92,School & Childcare,PF - Windermere Elementary School
12392712,PF - Donut Palace,100 12th St Ste 109,Pflugerville,6,94,83,99,2026-04-30,83,Restaurant & Food Service,PF - Donut Palace
12393756,"Whiskey Girls Saloon LLC, The",13700 N FM 973 Rd Bldg 1,Manor,4,94,92,95,2025-12-15,94,Restaurant & Food Service,"Whiskey Girls Saloon LLC, The"
12394124,Pokeworks,5610 N IH35 SB,Austin,5,94,90,100,2025-12-30,92,Restaurant & Food Service,Pokeworks
12394245,Vacancy Brewing,415 E Saint Elmo Rd Ste 1D2,Austin,3,94,93,95,2025-12-13,95,Restaurant & Food Service,Vacancy Brewing
12394346,MN - Dairy Queen,12937 N FM 973 Rd,Manor,7,94,81,100,2026-04-13,93,Restaurant & Food Service,MN - Dairy Queen
12394581,De Nada Cantina,4715 E Cesar Chavez St,Austin,5,94,91,95,2025-03-13,95,Restaurant & Food Service,De Nada Cantina
12395141,7-Eleven Convenience Store #36586C,9909 Menchaca Rd,Austin,5,94,90,98,2025-05-22,96,Convenience & Fuel,7-Eleven Convenience Store #36586C
12396761,McDonald's # 16899,12801 N FM 620 NB Rd,Austin,3,94,92,96,2026-02-25,96,Restaurant & Food Service,McDonald's
12396879,Tea Cup,1725 E Riverside Dr Ste B,Austin,3,94,93,95,2026-02-19,95,Restaurant & Food Service,Tea Cup
12397314,Dominos 6847,1420 W Wells Branch Pkwy Unit 105,Pflugerville,5,94,91,97,2026-02-17,94,Restaurant & Food Service,Dominos
12397536,Aloft Austin Southwest,6731 Legado Ln,Austin,3,94,93,95,2025-06-02,95,Restaurant & Food Service,Aloft Austin Southwest
12397886,Afuga Coffee,31 Navasota St Unit 100,Austin,3,94,91,96,2026-04-17,96,Restaurant & Food Service,Afuga Coffee
12398222,Willie's BBQ,4505 E Martin Luther King Jr Blvd,Austin,3,94,90,98,2025-09-16,94,Restaurant & Food Service,Willie's BBQ
12398929,Frontera Verde,9616 N Lamar Blvd Ste 130,Austin,5,94,90,97,2025-06-12,96,Restaurant & Food Service,Frontera Verde
12399053,LW - Titas Tacos,1405 S FM 620 Rd,Lakeway,4,94,90,98,2025-07-01,93,Restaurant & Food Service,LW - Titas Tacos
12399121,COTA - Kitchen Main Grand Stands,9201 Circuit of the Americas Blvd,Del Valle,6,94,89,100,2026-03-26,93,Venue & Concessions,COTA - Kitchen Main Grand Stands
12399907,Sterrato Italian Specialities,3400 Comsouth Dr,Austin,3,94,90,96,2026-01-16,96,Restaurant & Food Service,Sterrato Italian Specialities
12400647,Nothing Bundt Cakes,1201 Barbara Jordan Blvd # 680,Austin,3,94,93,95,2026-03-03,93,Restaurant & Food Service,Nothing Bundt Cakes
12392516,PF - Jack in the Box,1700 FM 685,Pflugerville,8,93.88,92,99,2026-04-17,92,Restaurant & Food Service,PF - Jack in the Box
12395478,PF - Nothing Bundt Cakes,18616 Limestone Commercial Dr Ste 200,Pflugerville,8,93.88,82,100,2026-04-17,88,Restaurant & Food Service,PF - Nothing Bundt Cakes
12393669,Zombie Taco/Moxy bar,2552 Guadalupe St,Austin,7,93.86,91,95,2026-01-05,91,Restaurant & Food Service,Zombie Taco
10362953,Hyde Park Baptist High School,11400 N Mopac Expy # Sb,Austin,6,93.83,92,97,2026-05-19,94,School & Childcare,Hyde Park Baptist High School
11161143,Arellano Snack Bar,5310 Burnet Rd Ste 124,Austin,6,93.83,89,99,2026-05-07,89,Restaurant & Food Service,Arellano Snack Bar
11170853,Tortilleria Krystal,1033 E Howard Ln,Austin,6,93.83,91,96,2026-04-22,96,Restaurant & Food Service,Tortilleria Krystal
12397708,BC - Vivel Crepes & Coffee Express,13875 Bee Cave Pkwy,Bee Cave,6,93.83,90,99,2026-05-19,99,Restaurant & Food Service,BC - Vivel Crepes & Coffee Express
11637633,Popeye's #318 - Z & H Foods Inc,9815 N Lamar Blvd,Austin,5,93.8,92,99,2026-03-04,92,Restaurant & Food Service,Popeye's #318 - Z & H Foods Inc
12084055,Subway 15343,2901 Spirit of Texas Dr Ste 105,Austin,5,93.8,90,98,2026-01-29,95,Restaurant & Food Service,Subway
12162328,Tiny's Milk & Cookies,1515 W 35th St Ste C,Austin,5,93.8,91,97,2025-11-04,94,Restaurant & Food Service,Tiny's Milk & Cookies
12393309,La Cocina De Consuelo,4516 Burnet Rd,Austin,5,93.8,88,98,2025-10-21,94,Restaurant & Food Service,La Cocina De Consuelo
12396297,LW - Papa John's 3688,2422 S FM 620 Rd Ste A122,Lakeway,5,93.8,93,97,2026-04-16,93,Restaurant & Food Service,LW - Papa John's
2800368,Alpha Epsilon Phi,2500 Rio Grande St,Austin,4,93.75,93,95,2026-01-13,95,Restaurant & Food Service,Alpha Epsilon Phi
2800609,HEB Food Store #465,2701 E 7th St,Austin,4,93.75,92,96,2025-08-05,96,Grocery,HEB Food Store
2804118,Dev's Shell,4001 Medical Pkwy,Austin,4,93.75,92,95,2026-01-29,92,Convenience & Fuel,Dev's Shell
10781371,Alpha Xi Delta,2508 Rio Grande St,Austin,4,93.75,86,98,2026-01-12,86,Restaurant & Food Service,Alpha Xi Delta
10871599,Two Steps Ahead Learning Center,3028 Rogge Ln,Austin,4,93.75,93,95,2025-12-11,93,School & Childcare,Two Steps Ahead Learning Center
11066741,Taco Bell #030129,1925 Airport Blvd,Austin,4,93.75,89,100,2025-04-24,89,Restaurant & Food Service,Taco Bell
11827308,Flower Child,500 W 2nd St Ste 133,Austin,4,93.75,90,97,2026-01-27,95,Restaurant & Food Service,Flower Child
11864820,ABIA-Departure Lounge/Berry Austin,3600 Presidential Blvd Unit 3369,Austin,4,93.75,89,97,2025-08-28,97,Venue & Concessions,ABIA-Departure Lounge
12026206,ABIA - Einstein Bros Bagels and Caribou Coffee,3600 Presidential Blvd Ste 110,Austin,4,93.75,92,97,2025-07-15,97,Venue & Concessions,ABIA - Einstein Bros Bagels and Caribou Coffee
12186012,Andy's Frozen Custard,1710 W Parmer Ln,Austin,4,93.75,90,97,2026-05-20,90,Restaurant & Food Service,Andy's Frozen Custard
12186654,PF - Smiling Donuts,428 Grand Avenue Pkwy Ste 130,Pflugerville,4,93.75,91,97,2025-07-29,94,Restaurant & Food Service,PF - Smiling Donuts
12395258,Ripple and Roots,208 Barton Springs Rd,Austin,4,93.75,90,98,2026-03-24,90,Restaurant & Food Service,Ripple and Roots
12395443,Alamo Drafthouse Cinemas,2700 W Anderson Ln Ste 701,Austin,4,93.75,93,95,2026-03-02,94,Restaurant & Food Service,Alamo Drafthouse Cinemas
12395725,Pflour Shop Bakery,7413 Burnet Rd,Austin,4,93.75,91,95,2025-12-19,95,Restaurant & Food Service,Pflour Shop Bakery
12397033,Five Guys Burgers & Fries #450,10000 Research SB Blvd Unit 142,Austin,4,93.75,89,98,2026-02-03,98,Restaurant & Food Service,Five Guys Burgers & Fries
12398099,Springhill Suites Austin NW Research,13309 N US 183 Hwy NB Service Rd,Austin,4,93.75,91,97,2026-01-16,97,Restaurant & Food Service,Springhill Suites Austin NW Research
12398190,Soup Peddler Far West,3720 Far West Blvd Ste 105,Austin,4,93.75,91,97,2026-01-23,92,Restaurant & Food Service,Soup Peddler Far West
12395080,Mercer St. Taproom,12005 W US 290 Hwy,Austin,7,93.71,86,100,2026-01-02,91,Restaurant & Food Service,Mercer St. Taproom
12396171,Patrizi's,1705 N Cuernavaca Dr,Austin,7,93.71,90,97,2026-04-03,92,Restaurant & Food Service,Patrizi's
2800858,Culver's,3424 W William Cannon Dr,Austin,3,93.67,92,95,2026-01-20,92,Restaurant & Food Service,Culver's
10003499,Family Dollar Store #26767,9308 Anderson Mill Rd,Austin,3,93.67,90,97,2026-02-26,94,Convenience & Fuel,Family Dollar Store
10004373,"Schlotzsky's Stores, LLC",13201 N FM 620 NB Rd,Austin,3,93.67,91,98,2025-11-24,98,Restaurant & Food Service,"Schlotzsky's Stores, LLC"
10053502,Subway #16850,500 E Ben White Blvd,Austin,3,93.67,92,95,2026-04-20,92,Restaurant & Food Service,Subway
10578780,S & S Food Mart,9405 N Interstate 35,Austin,3,93.67,93,94,2025-12-09,93,Convenience & Fuel,S & S Food Mart
10623498,HEB Food Store #628,2512 E Riverside Dr,Austin,3,93.67,92,96,2025-12-30,92,Grocery,HEB Food Store
10712668,Texas NeuroRehab Center,1106 W Dittmar Rd,Austin,3,93.67,93,95,2026-02-13,93,Healthcare,Texas NeuroRehab Center
10720314,Austin's Moontower Saloon,10212 Menchaca Rd,Austin,3,93.67,91,96,2026-02-11,91,Restaurant & Food Service,Austin's Moontower Saloon
10880053,Star Stop 33,10706 N Mopac SB Expy,Austin,3,93.67,87,98,2026-05-05,96,Restaurant & Food Service,Star Stop
11084449,Omni Barton Crk Resort /Spa-Lakeside Dining Rm,1800 Clubhouse Hill Dr,Spicewood,3,93.67,89,96,2025-08-21,96,Restaurant & Food Service,Omni Barton Crk Resort
11087492,MN - Wal-Mart # 3169 - Bakery,11923 E US 290 EB Hwy,Manor,3,93.67,93,95,2025-11-25,95,Grocery,MN - Wal-Mart # 3169 - Bakery
11265622,Live Oak Estates,10212 English Oak Dr,Austin,3,93.67,90,96,2025-04-07,96,Restaurant & Food Service,Live Oak Estates
11268203,MN - Walmart # 3169 Fuel Center,11821 E US 290 EB Hwy,Manor,3,93.67,89,97,2025-11-25,89,Grocery,MN - Walmart # 3169 Fuel Center
11399574,Brentwood Christian School,11908 N Lamar Blvd,Austin,6,93.67,91,99,2026-05-12,95,School & Childcare,Brentwood Christian School
11409555,Total Wine & More,11066 Pecan Park Blvd Ste 117,Cedar Park,3,93.67,92,95,2026-03-10,92,Restaurant & Food Service,Total Wine & More
11704823,Summer Moon Coffee Bar,14900 Avery Ranch Blvd Unit 400,Austin,3,93.67,89,96,2026-01-23,96,Restaurant & Food Service,Summer Moon Coffee Bar
11756190,Yummi Joy,409 W 2nd St,Austin,3,93.67,93,94,2026-04-10,94,Restaurant & Food Service,Yummi Joy
11902807,Muchos #3,3201 N Lamar Blvd,Austin,3,93.67,90,99,2025-12-01,90,Restaurant & Food Service,Muchos
12028759,Lady Quacken Bush's Cakery,1900 Simond Ave Ste 300,Austin,3,93.67,92,95,2025-11-24,92,Restaurant & Food Service,Lady Quacken Bush's Cakery
12165838,Golden Chick,1144 Airport Blvd Ste 700,Austin,6,93.67,75,100,2026-01-28,99,Restaurant & Food Service,Golden Chick
12392845,Starbucks #6374,7710 N FM 620 Rd Unit 610,Austin,3,93.67,92,96,2025-11-06,96,Restaurant & Food Service,Starbucks
12392891,PF - Pflugerville Nursing and Rehabilitation Ctr,104 Rex Kerwin Ct,Pflugerville,6,93.67,91,97,2026-05-22,97,Healthcare,PF - Pflugerville Nursing and Rehabilitation Ctr
12393920,MT Supermarket,10901 N Lamar Blvd Ste G,Austin,3,93.67,88,100,2026-02-19,88,Restaurant & Food Service,MT Supermarket
12394216,Mighty Fine Burgers Fries Shakes,10515 N Mopac NB Expy Unit 205,Austin,6,93.67,89,97,2026-04-16,93,Restaurant & Food Service,Mighty Fine Burgers Fries Shakes
12396876,PF - SLUSHED,1202 FM 685 Ste A6,Pflugerville,3,93.67,90,97,2026-05-13,90,Restaurant & Food Service,PF - SLUSHED
12397301,MN - Compass Rose Destiny,14031 FM 973 Rd,Manor,6,93.67,90,99,2026-03-30,99,Restaurant & Food Service,MN - Compass Rose Destiny
12397658,Eurest - Tesla,1 Tesla Rd,Austin,3,93.67,91,99,2025-12-15,99,Restaurant & Food Service,Eurest - Tesla
12398573,JD's Supermarket #9,6214 E Riverside Dr,Austin,3,93.67,88,98,2026-02-24,98,Restaurant & Food Service,JD's Supermarket
12394125,Amorcito Curazon,3400 E Howard Ln,Austin,8,93.62,86,99,2026-04-13,92,Restaurant & Food Service,Amorcito Curazon
2800170,Dan's Hamburgers,5602 N Lamar Blvd,Austin,5,93.6,91,97,2026-03-18,94,Restaurant & Food Service,Dan's Hamburgers
2802281,McDonald's #1116,7950 Burnet Rd,Austin,5,93.6,86,98,2026-02-18,98,Restaurant & Food Service,McDonald's
2804032,La Michoacana Meat Market,9308 N Lamar Blvd,Austin,5,93.6,85,98,2025-12-04,85,Restaurant & Food Service,La Michoacana Meat Market
10002414,Subway Sandwich #22880,1030 Norwood Park Blvd Unit 100,Austin,5,93.6,91,96,2026-04-16,93,Restaurant & Food Service,Subway Sandwich
11799285,7-Eleven Convenience Store #38054A,11800 Metric Blvd,Austin,5,93.6,92,95,2026-03-10,92,Convenience & Fuel,7-Eleven Convenience Store #38054A
12397283,Zeds Real Fruit Ice Cream,1814 Harvey St,Austin,5,93.6,89,98,2026-04-17,89,Restaurant & Food Service,Zeds Real Fruit Ice Cream
12398691,Jimmy Johns,601 W Martin Luther King Jr Blvd,Austin,5,93.6,91,97,2025-12-01,97,Restaurant & Food Service,Jimmy Johns
2801985,McDonalds #25451,13611-1/2 N IH 35 NB Service Rd,Austin,4,93.5,88,99,2026-01-13,99,Restaurant & Food Service,McDonalds
10496904,Torchy's Tacos,5119 Burnet Rd,Austin,6,93.5,92,95,2025-12-17,92,Restaurant & Food Service,Torchy's Tacos
11248790,Chi'Lantro,1509 S Lamar Blvd,Austin,4,93.5,87,98,2026-02-26,87,Restaurant & Food Service,Chi'Lantro
11472204,JD's Super Mart #7,6506 Decker Ln Bldg 1,Austin,6,93.5,88,98,2026-02-26,92,Restaurant & Food Service,JD's Super Mart
11555150,Summermoon Coffee Bar,11601 W US 290 Hwy,Austin,4,93.5,89,97,2026-02-13,95,Restaurant & Food Service,Summermoon Coffee Bar
11628782,Culinary Dropout,11721 Rock Rose Ave Ste 100,Austin,4,93.5,91,97,2026-02-25,91,Restaurant & Food Service,Culinary Dropout
11832579,EPOCH Coffee,3900 Far West Blvd,Austin,4,93.5,90,96,2025-11-13,95,Restaurant & Food Service,EPOCH Coffee
11959419,85C Bakery,6929 Airport Blvd Ste 197,Austin,4,93.5,90,97,2026-05-06,96,Restaurant & Food Service,85C Bakery
12185995,Residence Inn Austin North/Parmer,12401 N Lamar Blvd,Austin,4,93.5,90,97,2026-02-04,93,Restaurant & Food Service,Residence Inn Austin North
12186017,LW - Little Sunshine's Playhouse & Preschool,1501 Lohmans Crossing Rd,Lakeway,4,93.5,89,97,2025-05-23,94,School & Childcare,LW - Little Sunshine's Playhouse & Preschool
12392378,Cabo Bob's Burritos,13429 N US 183 Hwy NB Service Rd Unit 100,Austin,4,93.5,92,96,2026-03-17,92,Restaurant & Food Service,Cabo Bob's Burritos
12392387,PF - Tree House Kids,16051 Dessau Rd Ste H,Pflugerville,4,93.5,82,99,2026-04-06,97,Restaurant & Food Service,PF - Tree House Kids
12394545,Schlotzsky's/Cinnabon,8900 S Congress Ave # 200,Austin,4,93.5,91,97,2026-01-06,91,Restaurant & Food Service,Schlotzsky's
12394939,Cuernavaca Market,700 N Cuernavaca Dr,Austin,4,93.5,92,94,2026-02-19,94,Restaurant & Food Service,Cuernavaca Market
12395285,Banquet,208 Barton Springs Rd,Austin,4,93.5,87,98,2026-03-24,87,Restaurant & Food Service,Banquet
12396308,Primrose School of Four Points,6606 Sitio del Rio Blvd,Austin,4,93.5,91,100,2025-12-09,91,School & Childcare,Primrose School of Four Points
12396538,Russell's Bakery & Coffee,2525 W Anderson Ln Unit 270,Austin,6,93.5,91,96,2026-02-24,92,Restaurant & Food Service,Russell's Bakery & Coffee
12397317,Choo Sando,5222 Burnet Rd Unit 535,Austin,6,93.5,88,100,2026-01-21,91,Restaurant & Food Service,Choo Sando
12397600,WL - Flower Child,3300 Bee Caves Rd Ste 150,West Lake Hills,6,93.5,90,99,2026-01-28,92,Restaurant & Food Service,WL - Flower Child
12398695,Jimmy John's,10622 Burnet Rd Ste 300,Austin,4,93.5,91,97,2026-02-25,92,Restaurant & Food Service,Jimmy John's
12399578,PF - Casa Garcias Restaurant & Cantina,15803 Windermere Dr Ste 600,Pflugerville,4,93.5,92,95,2025-12-12,92,Restaurant & Food Service,PF - Casa Garcias Restaurant & Cantina
12400084,Amici,9521 W US 290 Hwy Ste 100,Austin,4,93.5,91,96,2026-04-09,91,Restaurant & Food Service,Amici
2800538,St. Martin Lutheran Church,606 W 15th St,Austin,5,93.4,91,96,2025-09-08,95,Restaurant & Food Service,St. Martin Lutheran Church
2801186,Papa John's Pizza #938,5343 Burnet Rd,Austin,5,93.4,90,96,2025-11-13,93,Restaurant & Food Service,Papa John's Pizza
10026760,Querencia at Barton Creek,2500 Barton Creek Blvd,Austin,5,93.4,90,97,2026-01-28,90,Restaurant & Food Service,Querencia at Barton Creek
10908918,Atwell Suites Austin Airport,7601 E Ben White Blvd,Austin,5,93.4,88,97,2026-04-21,96,Restaurant & Food Service,Atwell Suites Austin Airport
11066763,Taco Bell #030114,502 W William Cannon Dr,Austin,5,93.4,91,96,2025-11-24,93,Restaurant & Food Service,Taco Bell
11700631,Spokesman,440 E Saint Elmo Rd Ste A-2,Austin,5,93.4,91,95,2026-04-20,91,Restaurant & Food Service,Spokesman
11868678,Tumble 22,7211 Burnet Rd,Austin,5,93.4,89,97,2026-05-18,96,Restaurant & Food Service,Tumble
12392991,Main Event Entertainment,13301 N US 183 Hwy NB Service Rd,Austin,5,93.4,91,98,2026-03-16,92,Restaurant & Food Service,Main Event Entertainment
12394580,Rudy,3914 N Lamar Blvd,Austin,5,93.4,87,96,2026-03-03,87,Restaurant & Food Service,Rudy
12394607,Asador on Rainey,88 1/2 Rainey St Bldg 1,Austin,5,93.4,86,97,2025-06-25,94,Restaurant & Food Service,Asador on Rainey
12395020,Towneplace Suites Austin South,901 Little Texas Ln Ste G,Austin,5,93.4,87,96,2026-01-09,95,Restaurant & Food Service,Towneplace Suites Austin South
12397686,"PF - Victory Tap, The",111 E Main St,Pflugerville,5,93.4,88,96,2026-02-07,96,Restaurant & Food Service,"PF - Victory Tap, The"
12398387,New One Taco,5425 Burnet Rd Ste 110,Austin,5,93.4,91,95,2025-11-13,91,Restaurant & Food Service,New One Taco
2800425,Dairy Queen,8300 Burnet Rd,Austin,3,93.33,89,96,2026-02-06,95,Restaurant & Food Service,Dairy Queen
2800474,Taco Cabana Patio Rest #125,13376 N US 183 Hwy SB Service Rd,Austin,3,93.33,87,98,2026-01-27,98,Restaurant & Food Service,Taco Cabana Patio Rest
2800548,Tarry House Snack Bar,3006 Bowman Ave,Austin,3,93.33,92,95,2026-05-05,95,Restaurant & Food Service,Tarry House Snack Bar
2800852,Dairy Queen,5900 Manor Rd,Austin,3,93.33,92,94,2026-03-23,94,Restaurant & Food Service,Dairy Queen
2800933,Stepping Stone School,2001 Wells Branch Pkwy,Austin,3,93.33,92,95,2025-06-16,93,School & Childcare,Stepping Stone School
2801535,Crave Catering,14611 Burnet Rd,Austin,3,93.33,92,96,2026-05-05,92,Institutional & Catering,Crave Catering
2802074,Plucker's Wing Factory & Grill,9070 Research SB Blvd,Austin,6,93.33,88,98,2026-02-19,88,Restaurant & Food Service,Plucker's Wing Factory & Grill
2802793,Austin Grind,4005 W Parmer Ln,Austin,3,93.33,91,96,2026-01-13,96,Restaurant & Food Service,Austin Grind
2803079,Austin High School - Culinary,1715 W Cesar Chavez St,Austin,6,93.33,91,97,2026-03-26,92,School & Childcare,Austin High School - Culinary
10046160,Dollar General Store #3273,709 W Stassney Ln,Austin,3,93.33,91,95,2026-05-21,95,Convenience & Fuel,Dollar General Store
10051034,Tinnin Food Mart,1516 Tinnin Ford Rd,Austin,3,93.33,89,96,2026-04-22,95,Convenience & Fuel,Tinnin Food Mart
10228828,Dollar General Store #10948,5002 Nuckols Crossing Rd,Austin,3,93.33,91,97,2025-08-11,92,Convenience & Fuel,Dollar General Store
10260391,BC - Barnes & Noble Booksellers,12701 Hill Country Blvd Unit 140,Bee Cave,3,93.33,90,97,2025-10-30,97,Restaurant & Food Service,BC - Barnes & Noble Booksellers
10433318,O'Neill's Catering,4321 Emma Browning Ave,Austin,3,93.33,90,98,2025-08-14,98,Institutional & Catering,O'Neill's Catering
10996583,Domino's Pizza-Store #6404,720 Bastrop SB Hwy,Austin,3,93.33,92,95,2025-09-30,95,Restaurant & Food Service,Domino's Pizza-Store
11078195,Fairfield Inn Austin Northwest,11201 N Mopac NB Expy,Austin,3,93.33,90,95,2026-04-29,95,Restaurant & Food Service,Fairfield Inn Austin Northwest
11301291,Jersey Mike's Subs #15070,12901 N IH 35 Service Rd NB,Austin,3,93.33,93,94,2026-04-17,93,Restaurant & Food Service,Jersey Mike's Subs
11309856,Starbucks Coffee # 20458,1920 E Riverside Dr Unit 100,Austin,3,93.33,86,98,2025-11-05,86,Restaurant & Food Service,Starbucks Coffee
11650292,MN - Apple Express,12401 Tillgang Pass,Manor,3,93.33,92,96,2025-05-20,92,Restaurant & Food Service,MN - Apple Express
11827892,Parker Jazz Club,117 W 4th St Ste 107B,Austin,3,93.33,88,97,2025-05-21,95,Restaurant & Food Service,Parker Jazz Club
11833845,Taqueria Krystal,14815 Dessau Rd,Pflugerville,6,93.33,88,98,2026-01-07,98,Restaurant & Food Service,Taqueria Krystal
11901661,LW - Kwik Chek #64,2103 S FM 620 Rd,Lakeway,3,93.33,92,96,2025-07-21,92,Restaurant & Food Service,LW - Kwik Chek
12145586,Amy's Ice Creams,2002 Manor Rd Ste A,Austin,3,93.33,93,94,2025-09-23,93,Restaurant & Food Service,Amy's Ice Creams
12392450,PF - Andy's Frozen Custard,18601 Limestone Commercial Dr,Pflugerville,3,93.33,89,96,2026-03-03,96,Restaurant & Food Service,PF - Andy's Frozen Custard
12392882,Dollar General Store #20388,7916 Decker Ln,Austin,3,93.33,92,94,2026-03-04,92,Convenience & Fuel,Dollar General Store
12395984,Grazie Pizzeria,13700 N FM 973 Rd Ste 402,Manor,3,93.33,85,99,2025-07-22,85,Restaurant & Food Service,Grazie Pizzeria
12396691,Dessau Quick Stop,9406 Dessau Rd,Austin,3,93.33,93,94,2026-01-14,94,Restaurant & Food Service,Dessau Quick Stop
12399624,Fried,3400 Comsouth Dr,Austin,3,93.33,92,95,2025-07-17,93,Restaurant & Food Service,Fried
12399769,Dish Society,1900 Aldrich St Ste 130,Austin,3,93.33,90,97,2026-01-14,90,Restaurant & Food Service,Dish Society
12399849,LW - Hampton Inn and Suites Lakeway,2013 S FM 620 Rd,Lakeway,3,93.33,92,94,2025-09-16,94,Restaurant & Food Service,LW - Hampton Inn and Suites Lakeway
12400175,PF - Burnetts Food for the Soul,428 Grand Avenue Pkwy Ste 120,Pflugerville,3,93.33,92,95,2026-03-04,92,Restaurant & Food Service,PF - Burnetts Food for the Soul
12395952,Teji's Indian Restaurant,3400 Comsouth Dr Unit 114,Austin,7,93.29,85,100,2026-01-23,88,Restaurant & Food Service,Teji's Indian Restaurant
2800846,Papa John's Pizza #933,2113 W Wells Branch,Austin,4,93.25,88,95,2026-01-08,95,Restaurant & Food Service,Papa John's Pizza
10789972,Jack in the Box #905,8706 E US 290 Hwy WB Service Rd,Austin,8,93.25,88,100,2026-03-03,96,Restaurant & Food Service,Jack in the Box
10970925,P. Terry's Burger Stand,12301 N Mopac Expy # Nb,Austin,4,93.25,92,95,2026-01-27,92,Restaurant & Food Service,P. Terry's Burger Stand
11035522,Pizza Hut,8400 Brodie Ln Ste 108,Austin,4,93.25,91,96,2025-12-30,92,Restaurant & Food Service,Pizza Hut
11057696,P. Terry's Burger Stand,12018 Research SB Blvd,Austin,4,93.25,89,98,2026-04-06,89,Restaurant & Food Service,P. Terry's Burger Stand
11087894,7-Eleven Convenience Store #36273A,3550 Far West Blvd,Austin,4,93.25,91,97,2026-02-26,97,Convenience & Fuel,7-Eleven Convenience Store #36273A
11119204,Wendy's Old Fashioned Hamburgers #116,2224 E Riverside Dr,Austin,4,93.25,89,100,2025-11-19,89,Restaurant & Food Service,Wendy's Old Fashioned Hamburgers
11318323,Retirement and Nursing Center-Austin,6909 Burnet Ln,Austin,4,93.25,89,96,2026-03-04,95,Healthcare,Retirement and Nursing Center-Austin
11526234,"Central Texas Food Bank, The",6500 Metropolis Dr,Austin,4,93.25,90,96,2026-04-20,96,Restaurant & Food Service,"Central Texas Food Bank, The"
12176503,Bob's Steak and Chop House at Omni Barton Creek,8212 Barton Club Dr Bldg E,Austin,4,93.25,92,96,2026-02-06,96,Restaurant & Food Service,Bob's Steak and Chop House at Omni Barton Creek
12186011,"Kebab Shop, The",9761 Great Hills Trl Unit A,Austin,4,93.25,91,98,2026-04-16,91,Restaurant & Food Service,"Kebab Shop, The"
12392738,PF - Sonic Drive-In #2767,2014 W Pecan St,Pflugerville,8,93.25,89,99,2026-02-12,92,Restaurant & Food Service,PF - Sonic Drive-In
12395086,Summer Moon Coffee,12901 N IH 35 Service Rd NB,Austin,4,93.25,90,96,2025-12-11,95,Restaurant & Food Service,Summer Moon Coffee
12396357,PF - The Springs of Austin LLC,1020 E Wells Branch Pkwy,Pflugerville,4,93.25,88,100,2026-01-30,88,Restaurant & Food Service,PF - The Springs of Austin LLC
12396440,Aloft Hotel South Austin,4108 S Ih 35,Austin,4,93.25,91,97,2025-12-17,97,Restaurant & Food Service,Aloft Hotel South Austin
12398266,Zapco #4,2120 W FM 1626,Manchaca,4,93.25,90,97,2026-04-13,90,Restaurant & Food Service,Zapco
12398536,Mangia La Pasta,1300 E Anderson Ln Apt 1204 Bldg D,Austin,4,93.25,91,97,2026-03-17,91,Restaurant & Food Service,Mangia La Pasta
12399194,Hampton Inn & Suites Austin @ The University/Capitol,1701 Lavaca St,Austin,4,93.25,87,100,2026-01-08,100,School & Childcare,Hampton Inn & Suites Austin @ The University
2800517,Taco Cabana #203,8415 Research NB Blvd,Austin,5,93.2,85,97,2026-02-09,91,Restaurant & Food Service,Taco Cabana
2800643,Redeemer Lutheran Church,1500 W Anderson Ln,Austin,5,93.2,88,99,2026-02-17,88,Restaurant & Food Service,Redeemer Lutheran Church
10001260,Panda Express #1319,5764 Airport Blvd,Austin,5,93.2,86,97,2026-02-06,93,Restaurant & Food Service,Panda Express
11250082,Jersey Mike's Subs,1000 E 41st St Ste 235,Austin,5,93.2,84,98,2026-05-22,96,Restaurant & Food Service,Jersey Mike's Subs
11745144,Ramen Tatsuya I LLC,8557 Research NB Blvd Unit 126,Austin,5,93.2,84,99,2026-02-05,95,Restaurant & Food Service,Ramen Tatsuya I LLC
12392384,PF - Popeye's #324,1702 W Pecan St,Pflugerville,5,93.2,85,97,2026-04-03,85,Restaurant & Food Service,PF - Popeye's
12393053,Wingstop #1646,2316 Guadalupe St Unit B,Austin,5,93.2,91,95,2026-01-05,94,Restaurant & Food Service,Wingstop
12394724,Domino's Pizza 9322,1910 W Braker Ln Ste 500,Austin,5,93.2,88,98,2025-11-05,98,Restaurant & Food Service,Domino's Pizza
12396250,Fajita Pete's,5523 Balcones Dr Unit A,Austin,5,93.2,84,99,2026-01-06,93,Restaurant & Food Service,Fajita Pete's
10762466,Circle K Store #2704675,2475 E SH 71 Service Rd WB,Austin,6,93.17,90,97,2026-03-10,94,Convenience & Fuel,Circle K Store
11018622,Raising Cane's Chicken Fingers,415 W Martin Luther King Jr Blvd,Austin,6,93.17,90,96,2026-04-16,93,Restaurant & Food Service,Raising Cane's Chicken Fingers
11579122,P. Terry's,5701 N Interstate 35,Austin,6,93.17,89,97,2026-03-31,90,Restaurant & Food Service,P. Terry's
2801320,La Hacienda Mkt Taqueria,9717 N Lamar Blvd,Austin,7,93.14,87,97,2025-12-18,87,Restaurant & Food Service,La Hacienda Mkt Taqueria
12021669,Jack in the Box #4850,2517 E SH 71 WB Service Rd,Austin,7,93.14,86,99,2026-03-09,86,Restaurant & Food Service,Jack in the Box
12392711,PF - Bush's Chicken,21315 N SH 130 NB Service Rd,Pflugerville,7,93.14,84,98,2026-02-10,84,Restaurant & Food Service,PF - Bush's Chicken
12393594,PF - P. Terry's Burger Stand # 17,18801 FM 685,Pflugerville,7,93.14,87,96,2026-04-17,87,Restaurant & Food Service,PF - P. Terry's Burger Stand
12394728,Domino's Pizza,1606 E Parmer Ln Ste 200,Austin,8,93.12,90,97,2026-03-02,90,Restaurant & Food Service,Domino's Pizza
2800015,Whataburger #321,801 E William Cannon Dr,Austin,5,93,91,95,2026-05-12,93,Restaurant & Food Service,Whataburger
2800073,Randall's #2475- Food,5311 Balcones Dr,Austin,3,93,82,99,2026-01-28,82,Restaurant & Food Service,Randall's #2475- Food
2800573,Wheatsville Food Co-Op Deli,3101 Guadalupe St,Austin,3,93,89,97,2025-03-31,97,Restaurant & Food Service,Wheatsville Food Co-Op Deli
2800723,Whataburger # 614,1908 W Ben White Blvd,Austin,4,93,89,98,2026-05-06,89,Restaurant & Food Service,Whataburger
2801106,Seton Shoal Creek,3501 Mills Ave,Austin,3,93,91,95,2025-03-10,93,Restaurant & Food Service,Seton Shoal Creek
2803526,Circle K #2741300,6306 E Riverside Dr,Austin,6,93,85,100,2026-04-01,91,Convenience & Fuel,Circle K
2803560,Circle K #2742103,11139 N IH 35 Service Rd NB,Austin,3,93,91,96,2025-12-15,92,Convenience & Fuel,Circle K
2803593,Circle K #2742194,1706 E William Cannon Dr,Austin,4,93,92,94,2025-12-17,94,Convenience & Fuel,Circle K
2804037,MN - Dollar General #6946,12750 Lapoynor St,Manor,3,93,91,95,2025-08-28,91,Convenience & Fuel,MN - Dollar General
10004379,"Schlotzsky's Stores, LLC",500 Canyon Ridge Dr Ste G,Austin,5,93,88,98,2026-05-20,98,Restaurant & Food Service,"Schlotzsky's Stores, LLC"
10055908,Target Store T2288 -Grocery,9500 S Interstate 35 Ste G,Austin,4,93,88,99,2025-07-22,93,Grocery,Target Store T2288 -Grocery
10297855,Sprouts Farmers Market,10225 Research NB Blvd Unit 1000,Austin,4,93,92,94,2026-02-02,94,Grocery,Sprouts Farmers Market
10367658,Rundberg Food Mart,9318 N Interstate 35,Austin,3,93,90,95,2025-11-20,90,Convenience & Fuel,Rundberg Food Mart
10374866,BC - Kwik Chek #55,14417 W SH 71 Bldg A,Bee Cave,3,93,91,97,2025-12-03,97,Restaurant & Food Service,BC - Kwik Chek
10402603,HEB Plus #12 - Retail (Grocery/Market/Seafood/CS),2508 E Riverside Dr,Austin,3,93,91,95,2026-03-09,95,Grocery,HEB Plus #12 - Retail (Grocery
10484028,One World Montessori,1701 Scofield Ln,Austin,3,93,90,98,2026-01-05,90,School & Childcare,One World Montessori
10748818,Kwick In,1149 Airport Blvd,Austin,4,93,89,97,2026-05-04,91,Restaurant & Food Service,Kwick In
10790663,Jack in the Box #907,1151 Airport Blvd,Austin,5,93,86,98,2026-02-19,98,Restaurant & Food Service,Jack in the Box
11015114,"HEB Store # 659 - Deli,Bakery & Produce",14028 N US 183 Hwy SB Service Rd,Austin,3,93,93,93,2026-04-02,93,Grocery,"HEB Store # 659 - Deli,Bakery & Produce"
11015831,Mean Eyed Cat,1621 W 5th St,Austin,3,93,92,94,2025-08-05,94,Restaurant & Food Service,Mean Eyed Cat
11103927,BC - Chili's Grill & Bar,12713 Galleria Cir,Bee Cave,5,93,90,97,2026-02-27,93,Restaurant & Food Service,BC - Chili's Grill & Bar
11119191,Wendy's W118,1000 E 41st St,Austin,5,93,88,98,2025-02-05,98,Restaurant & Food Service,Wendy's W118
11119789,Wendy's W-102/1682,3596 Far West Blvd,Austin,4,93,86,100,2026-02-26,100,Restaurant & Food Service,Wendy's W-102
11250915,BC - ThunderCloud Subs,12400 W SH 71 Unit 706,Bee Cave,4,93,90,97,2025-12-08,97,Restaurant & Food Service,BC - ThunderCloud Subs
11432251,Marriott Residence Inn Austin,1200 Barbara Jordan Blvd Bldg 4,Austin,3,93,89,96,2026-03-16,96,Restaurant & Food Service,Marriott Residence Inn Austin
11478693,Comfort Inn Austin,700 Delmar Ave,Austin,5,93,87,98,2026-05-20,91,Restaurant & Food Service,Comfort Inn Austin
11493342,Parkside Projects,800 Congress Ave,Austin,3,93,91,95,2025-07-22,93,Restaurant & Food Service,Parkside Projects
11500601,Red Robin,13000 N IH 35 Service Rd SB,Austin,5,93,88,95,2026-05-20,94,Restaurant & Food Service,Red Robin
11581895,Fairfield Inn & Suites Austin North,12536 N Lamar Blvd,Austin,4,93,91,96,2025-05-30,96,Restaurant & Food Service,Fairfield Inn & Suites Austin North
11601205,Star Papa,11601 W US 290 Hwy,Austin,6,93,89,98,2026-05-12,90,Restaurant & Food Service,Star Papa
11648824,Kappa Kappa Gamma,2001 University Ave,Austin,3,93,93,93,2025-09-22,93,Restaurant & Food Service,Kappa Kappa Gamma
11650787,Express - O,2228 E Cesar Chavez St,Austin,3,93,92,94,2026-05-13,94,Restaurant & Food Service,Express - O
11705185,Tiny Boxwoods,1503 W 35th St,Austin,4,93,86,97,2026-01-13,94,Restaurant & Food Service,Tiny Boxwoods
11772004,Woody's Country Market,100 W FM 1626,Austin,4,93,88,96,2026-03-16,88,Restaurant & Food Service,Woody's Country Market
11858984,Cabo Bob's Burritos,7849 Shoal Creek Blvd,Austin,5,93,89,97,2026-01-27,97,Restaurant & Food Service,Cabo Bob's Burritos
11924264,LW- Arbor Terrace Lakeway,300 Medical Pkwy,Lakeway,5,93,83,100,2025-12-01,83,Restaurant & Food Service,LW- Arbor Terrace Lakeway
12041072,Torchy's Tacos,5900 W Slaughter Ln Ste 550,Austin,5,93,85,99,2025-11-14,92,Restaurant & Food Service,Torchy's Tacos
12149603,Jason's Deli,2438 W Anderson Ln,Austin,4,93,88,96,2026-02-23,93,Restaurant & Food Service,Jason's Deli
12185688,JuiceLand SAL,1109 E 5th St Ste 110,Austin,4,93,89,100,2025-11-24,89,Restaurant & Food Service,JuiceLand SAL
12186537,Tony C's Pizza and Beer Garden,2900 W Anderson Ln Ste B,Austin,5,93,91,96,2026-04-20,93,Restaurant & Food Service,Tony C's Pizza and Beer Garden
12392486,PF - Blackhawk Golf Club,2714 Kelly Ln,Pflugerville,4,93,90,95,2026-02-09,94,Restaurant & Food Service,PF - Blackhawk Golf Club
12392764,Dear Diary Coffeehouse,1212 Chicon St Unit 103,Austin,3,93,91,96,2025-05-05,91,Restaurant & Food Service,Dear Diary Coffeehouse
12393179,Bennu Coffee Highland,109 Jacob Fontaine Ln Ste 600,Austin,3,93,89,98,2026-01-28,92,Restaurant & Food Service,Bennu Coffee Highland
12394253,Rocheli Patisserie,1212 Chicon St Unit 102,Austin,3,93,91,96,2025-12-30,92,Restaurant & Food Service,Rocheli Patisserie
12394770,7-Eleven Convenience Store #32654B,11518 N FM 620 Rd,Austin,3,93,92,94,2026-02-25,94,Convenience & Fuel,7-Eleven Convenience Store #32654B
12395332,Kuya,4401 Freidrich Ln Ste 300,Austin,3,93,91,94,2025-09-18,94,Restaurant & Food Service,Kuya
12397030,PF - Best Western Plus Pflugerville Inn & Suites,16101 Impact Way,Pflugerville,6,93,87,97,2026-04-22,87,Restaurant & Food Service,PF - Best Western Plus Pflugerville Inn & Suites
12397238,Dominos Pizza 6628,2716 W William Cannon Dr Unit 200,Austin,4,93,92,94,2025-10-22,93,Restaurant & Food Service,Dominos Pizza
12397484,AKB,3121 Palm Way,Austin,3,93,90,95,2026-01-28,90,Restaurant & Food Service,AKB
12398612,West Oaks Nursing and Rehab,3200 W Slaughter Ln,Austin,4,93,91,95,2025-08-21,95,Healthcare,West Oaks Nursing and Rehab
12398697,Jimmy John's (TECH RIDGE) (UNIT 360),1100 Center Ridge Dr,Austin,4,93,89,99,2025-11-07,99,Restaurant & Food Service,Jimmy John's (TECH RIDGE) (UNIT 360)
12399214,Austin Daily Press,1900 E Martin Luther King Jr Blvd Bldg B,Austin,4,93,91,95,2026-03-23,91,Restaurant & Food Service,Austin Daily Press
12399500,El Sazon Catracho,9200 N Lamar Blvd Ste 101,Austin,5,93,89,96,2025-12-09,92,Restaurant & Food Service,El Sazon Catracho
12399822,Food Food,2727 Exposition Blvd Ste 112,Austin,4,93,91,95,2026-04-02,91,Restaurant & Food Service,Food Food
12399888,Playa Bowls,7415 Southwest Pkwy Bldg 6 Ste 600,Austin,3,93,91,95,2025-11-19,91,Restaurant & Food Service,Playa Bowls
12399970,"PF - Goat @ Pflugerville, The",18612 Pfluger Farm Ln Ste 100,Pflugerville,4,93,90,95,2026-04-27,90,Restaurant & Food Service,"PF - Goat @ Pflugerville, The"
12400330,Chuy's,2027 Aldrich St,Austin,5,93,88,98,2026-04-29,92,Restaurant & Food Service,Chuy's
12400842,"Dead Rabbit, The",200 E 6th St,Austin,3,93,89,96,2026-04-14,96,Restaurant & Food Service,"Dead Rabbit, The"
12401170,PF - Swift Mart Gattis LLC,21315 N SH 130 NB Service Rd Bldg 3,Pflugerville,4,93,92,94,2026-02-10,93,Restaurant & Food Service,PF - Swift Mart Gattis LLC
12401532,Hardin House,2206 Rio Grande St,Austin,3,93,92,95,2026-04-28,92,Restaurant & Food Service,Hardin House
2800456,Thundercloud Subs,2021 E Riverside Dr,Austin,6,92.83,87,96,2026-02-17,96,Restaurant & Food Service,Thundercloud Subs
2803491,Randall's #2471-Prepared Foods,2727 Exposition Blvd Ste 115,Austin,6,92.83,90,95,2026-04-02,94,Restaurant & Food Service,Randall's #2471-Prepared Foods
10005294,Wingstop,1701 W Parmer Ln Ste 104,Austin,6,92.83,86,96,2026-05-12,94,Restaurant & Food Service,Wingstop
10155839,7-Eleven Convenience Store #24008,5101 N Lamar Blvd,Austin,6,92.83,86,97,2025-11-17,90,Convenience & Fuel,7-Eleven Convenience Store
12394028,Countryside Donuts,3400 E Howard Ln Unit B,Manor,6,92.83,88,97,2026-05-07,89,Restaurant & Food Service,Countryside Donuts
12395142,Sweetgreen,200 W 2nd St,Austin,6,92.83,85,99,2026-02-04,97,Restaurant & Food Service,Sweetgreen
12395445,Alamo Drafthouse Cinemas,5701 W Slaughter Ln Bldg F,Austin,6,92.83,90,98,2025-09-30,90,Restaurant & Food Service,Alamo Drafthouse Cinemas
2800367,Alpha Phi Sorority,2005 University Ave,Austin,5,92.8,91,94,2025-09-22,94,Restaurant & Food Service,Alpha Phi Sorority
2800677,St. Stephens School,6500 Saint Stephens Dr,Austin,5,92.8,90,96,2026-05-14,90,School & Childcare,St. Stephens School
2803536,Circle K #2740967,6009 E Ben White Blvd,Austin,5,92.8,90,96,2026-02-20,90,Convenience & Fuel,Circle K
10527315,Applied Materials,9700 E US 290 Hwy WB Service Rd,Austin,5,92.8,84,99,2026-04-01,99,Restaurant & Food Service,Applied Materials
10862709,School House Pub,2207 Manor Rd,Austin,5,92.8,89,99,2025-07-22,90,School & Childcare,School House Pub
11119277,Wendy's Old Fashioned Hamburgers #111-2244,6428 S Ih 35,Austin,5,92.8,85,97,2026-05-05,97,Restaurant & Food Service,Wendy's Old Fashioned Hamburgers #111-2244
11874640,Omni Barton Creek (Canyons Golf Course),8501 Carranzo Dr,Austin,5,92.8,91,97,2026-01-06,97,Restaurant & Food Service,Omni Barton Creek (Canyons Golf Course)
12019345,Chi'Lantro Mueller,1201 Barbara Jordan Blvd Ste 1460,Austin,5,92.8,89,95,2026-03-19,92,Restaurant & Food Service,Chi'Lantro Mueller
12177216,Onion Creek Nursing and Rehabilitation Center,1700 Onion Creek Pkwy,Austin,5,92.8,88,96,2026-03-16,93,Healthcare,Onion Creek Nursing and Rehabilitation Center
12392304,PF - Subway #38594,1552 FM 685 Ste 108,Pflugerville,5,92.8,85,98,2026-04-27,94,Restaurant & Food Service,PF - Subway
12392814,P. Terry's Burger Stand #19,12901 N IH 35 Service Rd NB,Austin,5,92.8,90,96,2026-03-13,93,Restaurant & Food Service,P. Terry's Burger Stand
12396709,PF - Tropical Smoothie Cafe,2100 Autumn Slate Dr Ste 100,Pflugerville,5,92.8,90,98,2026-03-13,90,Restaurant & Food Service,PF - Tropical Smoothie Cafe
12397779,RW - Panera Bread #6322,2805 Bee Caves Rd,Rollingwood,5,92.8,89,95,2025-11-14,93,Restaurant & Food Service,RW - Panera Bread
2803444,HEB Food Store #227 (deli-bakery-meat dept),2110 W Slaughter Ln,Austin,4,92.75,91,96,2025-07-08,91,Grocery,HEB Food Store #227 (deli-bakery-meat dept)
10165419,Avenue Food Mart,1700 Grand Avenue Pkwy,Pflugerville,4,92.75,91,94,2026-01-06,91,Convenience & Fuel,Avenue Food Mart
11066597,Taco Bell #30088,1825 W Parmer Ln,Austin,4,92.75,92,95,2026-03-05,92,Restaurant & Food Service,Taco Bell
11580554,Dollar Tree #6785,7112 Ed Bluestein Blvd Ste 150A,Austin,4,92.75,90,96,2026-05-07,93,Convenience & Fuel,Dollar Tree
11661707,Donut Crown,2438 W Anderson Ln Unit 12,Austin,4,92.75,87,97,2025-11-05,91,Restaurant & Food Service,Donut Crown
11966871,Summer Moon,3201 Bee Caves Rd Ste 163,Austin,4,92.75,90,97,2025-12-29,90,Restaurant & Food Service,Summer Moon
12072759,Home 2 Suites by Hilton,1705 Airport Commerce Dr,Austin,4,92.75,86,97,2026-02-10,86,Restaurant & Food Service,Home 2 Suites by Hilton
12394932,Rosen's Bagel Co. Inc,11101 Burnet Rd Bldg A Ste 100,Austin,4,92.75,87,96,2026-02-11,96,Restaurant & Food Service,Rosen's Bagel Co. Inc
12394967,Refuel 316,2900 N Quinlan Park Rd,Austin,4,92.75,91,95,2026-03-04,92,Restaurant & Food Service,Refuel
12394968,PF - Refuel 314,419 W Pflugerville Pkwy,Pflugerville,4,92.75,90,98,2026-01-20,91,Restaurant & Food Service,PF - Refuel
12397900,Woody's Country Market #4,3611 Pace Bend Rd S,Spicewood,4,92.75,88,97,2025-12-31,97,Restaurant & Food Service,Woody's Country Market
11485756,VIA 313 Pizza,3016 Guadalupe St,Austin,7,92.71,89,96,2026-01-12,91,Restaurant & Food Service,VIA 313 Pizza
2802240,McDonalds (Wal-Mart),13000 N IH 35 Service Rd SB,Austin,3,92.67,90,95,2026-02-10,95,Grocery,McDonalds (Wal-Mart)
2802886,Stone House Vineyard & Winery,24350 Haynie Flat Rd,Spicewood,3,92.67,86,97,2026-04-24,86,Restaurant & Food Service,Stone House Vineyard & Winery
2802928,Eastside Pies,1401 Rosewood Ave,Austin,3,92.67,90,97,2025-07-22,91,Restaurant & Food Service,Eastside Pies
2803602,Yager Food Store,1006 E Yager Ln Bldg B,Austin,3,92.67,91,95,2026-03-03,91,Restaurant & Food Service,Yager Food Store
10009096,Dollar Tree Store #2988,500 W William Cannon Dr,Austin,3,92.67,90,95,2026-04-14,95,Convenience & Fuel,Dollar Tree Store
10189066,Quick-N-Save,1002 Pace Bend Rd S,Spicewood,3,92.67,90,96,2026-02-20,96,Restaurant & Food Service,Quick-N-Save
10434172,Rosedale Market,1309 W 45th St,Austin,3,92.67,90,95,2025-11-26,95,Restaurant & Food Service,Rosedale Market
10553368,Dollar General #12304,12320 Dessau Rd,Austin,3,92.67,92,93,2025-11-19,93,Convenience & Fuel,Dollar General
10738743,Juiceland Food,4500 Duval St,Austin,3,92.67,84,97,2026-01-23,97,Restaurant & Food Service,Juiceland Food
10745858,Salty Sow,1917 Manor Rd,Austin,3,92.67,92,93,2025-07-15,92,Restaurant & Food Service,Salty Sow
10761359,Sunny's,1222 S Lamar Blvd,Austin,3,92.67,91,94,2026-02-18,91,Restaurant & Food Service,Sunny's
10789639,Jack in the Box #867,6210 W William Cannon Dr,Austin,3,92.67,89,98,2025-08-11,91,Restaurant & Food Service,Jack in the Box
10835409,"Buzz Mill, The",1505 Town Creek Dr,Austin,3,92.67,88,97,2026-05-18,88,Restaurant & Food Service,"Buzz Mill, The"
11028062,Star Stop 82,6903 Brodie Ln,Austin,3,92.67,90,95,2025-09-09,90,Restaurant & Food Service,Star Stop
11049895,Dolce Neve,1713 S 1st St,Austin,3,92.67,91,94,2026-03-31,93,Restaurant & Food Service,Dolce Neve
11289572,LW - Merito Food Mart,201 N FM 620 Rd,Lakeway,3,92.67,91,96,2026-03-26,96,Convenience & Fuel,LW - Merito Food Mart
11315114,Home 2 Suites Austin North,2800 Esperanza Xing,Austin,3,92.67,91,94,2026-02-26,91,Restaurant & Food Service,Home 2 Suites Austin North
11377972,Fiesta Fuel Center #64-Convenience/Gas,5510 S IH 35,Austin,3,92.67,88,96,2025-11-13,88,Convenience & Fuel,Fiesta Fuel Center #64-Convenience
11397547,Domino's Pizza # 9259,2501 E 7th St Ste 300,Austin,3,92.67,88,96,2025-12-04,94,Restaurant & Food Service,Domino's Pizza
11430825,LW- HEB 714,2000 S FM 620 Rd,Lakeway,3,92.67,86,100,2025-09-11,100,Grocery,LW- HEB
11833620,Nurturing Child Care Center,1054 Springdale Rd Ste L,Austin,3,92.67,87,98,2026-03-05,93,School & Childcare,Nurturing Child Care Center
12007181,Fuel Bar,907 W 5th St Ste 201,Austin,3,92.67,91,94,2026-02-09,94,Restaurant & Food Service,Fuel Bar
12392617,Steamies Dumplings,6929 Airport Blvd Ste 148,Austin,3,92.67,92,93,2025-11-13,93,Restaurant & Food Service,Steamies Dumplings
12392694,PF - Pflugerville Taco-House,104 N Railroad Ave,Pflugerville,6,92.67,71,100,2026-03-05,100,Restaurant & Food Service,PF - Pflugerville Taco-House
12392896,Panda Express #3118,7710 N FM 620 Rd Bldg 3,Austin,3,92.67,87,99,2026-03-30,99,Restaurant & Food Service,Panda Express
12393019,Loaf And Vine,304 E Cesar Chavez St,Austin,3,92.67,89,98,2026-03-04,98,Restaurant & Food Service,Loaf And Vine
12393553,Gati,1512 Holly St,Austin,3,92.67,86,97,2026-02-26,86,Restaurant & Food Service,Gati
12393622,Plank Seafood Provisions,11410 Century Oaks Ter Ste 136,Austin,3,92.67,90,94,2026-01-22,94,Restaurant & Food Service,Plank Seafood Provisions
12393865,"Kebab Shop, The",1011 E 5th St Ste 160,Austin,6,92.67,85,95,2026-04-13,93,Restaurant & Food Service,"Kebab Shop, The"
12393990,Sonic Drive-In #1586,12453 Lamplight Village Ave,Austin,3,92.67,91,95,2026-02-12,95,Restaurant & Food Service,Sonic Drive-In
12394523,Cork & Brew Market,2700 S Congress Ave,Austin,3,92.67,89,95,2026-03-03,89,Restaurant & Food Service,Cork & Brew Market
12394654,Pressed,4800 Burnet Rd Ste 410,Austin,3,92.67,91,95,2025-12-01,95,Restaurant & Food Service,Pressed
12395362,Houndstooth,2001 Ed Bluestein Blvd NB,Austin,3,92.67,90,94,2026-05-18,90,Restaurant & Food Service,Houndstooth
12396271,"Tacodeli VII, LLC",5701 W Slaughter Ln Unit 150,Austin,6,92.67,85,100,2026-04-09,100,Restaurant & Food Service,"Tacodeli VII, LLC"
12396417,MN - Food Bucket #2,15501 E US 290 EB Hwy,Manor,3,92.67,88,96,2025-08-15,88,Restaurant & Food Service,MN - Food Bucket
12397239,PF - BASIS Pflugerville,1217 S 10th St,Pflugerville,6,92.67,84,100,2026-04-22,92,Restaurant & Food Service,PF - BASIS Pflugerville
12397611,Texan Market #5,12400 Amherst Dr,Austin,3,92.67,89,98,2026-03-09,91,Restaurant & Food Service,Texan Market
12397622,Electric Shuffle,91 Red River St Unit 102,Austin,3,92.67,87,97,2025-07-24,87,Restaurant & Food Service,Electric Shuffle
12397653,Capital One Downtown Austin,106 E 6th St Ste 100,Austin,3,92.67,89,97,2026-03-26,92,Restaurant & Food Service,Capital One Downtown Austin
12397924,Andino Artisan Gelato (Kiosk - TT140),2901 S Capital of Texas Hwy,Austin,3,92.67,86,99,2026-03-02,86,Restaurant & Food Service,Andino Artisan Gelato (Kiosk - TT140)
12398149,PF - Cranky Granny's Sweet Rolls,16051 Dessau Rd Ste F,Pflugerville,3,92.67,87,97,2026-05-20,94,Restaurant & Food Service,PF - Cranky Granny's Sweet Rolls
12398495,"Well Cafe, The",501 Brazos St,Austin,3,92.67,90,98,2026-04-09,98,Restaurant & Food Service,"Well Cafe, The"
12398505,Restaurante El Rinconcito Chapin LLC #2,2931 W Anderson Ln,Austin,3,92.67,88,96,2026-02-09,88,Restaurant & Food Service,Restaurante El Rinconcito Chapin LLC
12399740,Popeyes,2901 S Capital of Texas Hwy Unit Vc05,Austin,3,92.67,89,98,2026-03-25,91,Restaurant & Food Service,Popeyes
12399925,Suzi's Chinese,4805 Burnet Rd,Austin,3,92.67,92,93,2025-10-21,92,Restaurant & Food Service,Suzi's Chinese
12400016,Swedish Hill Bakery,1128 W 6Th St,Austin,3,92.67,91,95,2025-09-30,95,Restaurant & Food Service,Swedish Hill Bakery
12401053,BC - Domino's Pizza 9361,11805 Bee Cave Rd,Bee Cave,3,92.67,91,95,2026-02-23,92,Restaurant & Food Service,BC - Domino's Pizza
2801222,Einstein Bros Bagels #2846,2404 Guadalupe St,Austin,5,92.6,88,96,2026-01-05,96,Restaurant & Food Service,Einstein Bros Bagels
11637623,Popeye's #319 - Z & H Foods Inc.,5630 Cameron Rd,Austin,5,92.6,90,95,2026-04-15,93,Restaurant & Food Service,Popeye's #319 - Z & H Foods Inc.
11739751,Jack Allens Kitchen - Anderson Lane,3010 W Anderson Ln Ste D,Austin,5,92.6,81,99,2026-01-27,99,Restaurant & Food Service,Jack Allens Kitchen - Anderson Lane
12185646,Tacodeli 301 Congress,301 Congress Ave Ste 100,Austin,5,92.6,88,95,2026-01-28,92,Restaurant & Food Service,Tacodeli 301 Congress
12186459,Burger King #3990,13450 N US 183 Hwy Service Rd SB,Austin,5,92.6,90,94,2026-03-23,90,Restaurant & Food Service,Burger King
12394354,Bao'd Up,1920 E Riverside Dr Ste E-120,Austin,5,92.6,89,98,2025-06-23,92,Restaurant & Food Service,Bao'd Up
12395514,Beta Upsilon Chi,2317 Shoal Creek Blvd,Austin,5,92.6,87,97,2025-08-25,97,Restaurant & Food Service,Beta Upsilon Chi
12396214,La Plancha,1701 E Martin Luther King Jr Blvd Unit 101,Austin,5,92.6,80,100,2026-05-20,100,Restaurant & Food Service,La Plancha
2800922,Taco Cabana #129,2507 E Riverside Dr,Austin,7,92.57,89,97,2026-03-18,95,Restaurant & Food Service,Taco Cabana
12396681,McDonald's Restaurant #7877,7010 W SH 71,Austin,7,92.57,87,95,2026-03-17,93,Restaurant & Food Service,McDonald's Restaurant
2802326,Jason's Deli,10225 Research NB Blvd Unit 1010,Austin,4,92.5,88,96,2026-01-27,92,Restaurant & Food Service,Jason's Deli
10004890,Shipley Do-Nuts,8213 Brodie Ln Ste 116,Austin,4,92.5,89,99,2025-06-30,91,Restaurant & Food Service,Shipley Do-Nuts
10789951,Jack in the Box #843,9825 Burnet Rd,Austin,4,92.5,88,100,2025-12-30,92,Restaurant & Food Service,Jack in the Box
11066594,Taco Bell #030090,161 W Slaughter Ln Bldg C,Austin,4,92.5,91,95,2025-04-03,93,Restaurant & Food Service,Taco Bell
11235966,Hampton Inn & Suites Austin - Downtown,200 San Jacinto Blvd,Austin,4,92.5,87,97,2025-12-31,92,Restaurant & Food Service,Hampton Inn & Suites Austin - Downtown
11482421,River City Donut II,11900 Metric Blvd Ste A,Austin,4,92.5,90,94,2026-01-09,92,Restaurant & Food Service,River City Donut II
11508620,Forest Bluff Grocery,14300 FM 969 Rd Unit A,Austin,4,92.5,89,97,2026-04-15,91,Grocery,Forest Bluff Grocery
11642622,Staybridge Austin NW,13087 N US 183 Hwy NB Service Rd,Austin,4,92.5,90,95,2026-02-26,95,Restaurant & Food Service,Staybridge Austin NW
12160314,Intergalactic Productions,8127 Mesa Dr Ste 204,Austin,4,92.5,85,97,2026-05-19,95,Restaurant & Food Service,Intergalactic Productions
12170844,Texas Republic Company,5317 Nuckols Crossing Rd Unit 104,Austin,4,92.5,91,93,2026-01-12,93,Restaurant & Food Service,Texas Republic Company
12185687,JuiceLand MUE,1801 E 51st St Ste 140,Austin,4,92.5,90,96,2026-01-08,93,Restaurant & Food Service,JuiceLand MUE
12392325,Man Pasand Supermarket-Meat Market,13945 N US 183 Hwy NB Service Rd Unit 86,Austin,4,92.5,88,96,2026-04-09,91,Restaurant & Food Service,Man Pasand Supermarket-Meat Market
12393135,Chi'Lantro - Parmer,6301 W Parmer Ln Ste 204,Austin,4,92.5,87,95,2026-01-06,87,Restaurant & Food Service,Chi'Lantro - Parmer
12395048,PK's Cuisine,620 W 6th St,Austin,6,92.5,89,95,2025-12-09,91,Restaurant & Food Service,PK's Cuisine
12395287,Cypress Grove,208 Barton Springs Rd,Austin,4,92.5,90,98,2026-03-24,91,Restaurant & Food Service,Cypress Grove
12399541,PF - Pollo Regio,16123 Dessau Rd,Pflugerville,4,92.5,88,95,2026-01-07,93,Restaurant & Food Service,PF - Pollo Regio
2800405,Kappa Delta Sorority,2315 Nueces St,Austin,5,92.4,89,95,2025-09-16,94,Restaurant & Food Service,Kappa Delta Sorority
11119286,Wendy's W104,4115 S Congress Ave,Austin,5,92.4,84,97,2026-04-28,84,Restaurant & Food Service,Wendy's W104
11161816,Bartlett's,2408 W Anderson Ln,Austin,5,92.4,88,97,2026-02-24,94,Restaurant & Food Service,Bartlett's
11405844,TXB62,21024 W SH 71,Spicewood,5,92.4,88,95,2025-12-16,93,Restaurant & Food Service,TXB62
11753236,East Austin College Prep,5800 E Martin Luther King Jr Blvd,Austin,5,92.4,83,97,2026-04-27,97,School & Childcare,East Austin College Prep
12186410,AMC Tech Ridge 10,12625 N IH 35 Service Rd NB,Austin,5,92.4,87,98,2026-04-17,98,Restaurant & Food Service,AMC Tech Ridge
12186562,Manor New Tech Field House Concessions,12125 Joyce Turner Dr,Manor,5,92.4,88,97,2025-12-11,93,Venue & Concessions,Manor New Tech Field House Concessions
12397846,Voodoo Doughnut,5408 Burnet Rd,Austin,8,92.38,83,100,2026-05-04,95,Restaurant & Food Service,Voodoo Doughnut
2801061,Quacks 43rd Street Bakery,411 E 43rd St,Austin,6,92.33,88,95,2026-05-11,92,Restaurant & Food Service,Quacks 43rd Street Bakery
2801551,Asian American Cultural Center,11713 Jollyville Rd,Austin,3,92.33,89,95,2026-02-03,89,Restaurant & Food Service,Asian American Cultural Center
10145377,Panda Express #1651,4301 W William Cannon Dr Unit 100,Austin,3,92.33,91,93,2026-02-19,93,Restaurant & Food Service,Panda Express
10257417,Bennu Coffee,2001 E Martin Luther King Jr Blvd,Austin,3,92.33,89,95,2025-12-26,95,Restaurant & Food Service,Bennu Coffee
10410518,Yo So Cool,1201 Barbara Jordan Blvd Ste 1290,Austin,3,92.33,87,96,2026-03-19,96,Restaurant & Food Service,Yo So Cool
10762019,Circle K Store #2704687,606 W Slaughter Ln,Austin,3,92.33,90,95,2025-08-28,95,Convenience & Fuel,Circle K Store
10840628,Dollar Tree #5110,9515 N Lamar Blvd Unit 110,Austin,3,92.33,90,96,2026-04-15,91,Convenience & Fuel,Dollar Tree
11028070,Star Stop 72,3404 S US 183 SB Hwy,Austin,3,92.33,89,97,2026-04-06,89,Restaurant & Food Service,Star Stop
11243602,Zilker Brewing Company,1701 E 6th St,Austin,3,92.33,91,95,2026-04-09,91,Restaurant & Food Service,Zilker Brewing Company
11509303,MN - Taco Bell #32068,11032 E US 290 WB Hwy Unit 300,Manor,6,92.33,85,96,2026-03-17,96,Restaurant & Food Service,MN - Taco Bell
11550048,Food Basket #6,13201 Pond Springs Rd Ste 101,Austin,3,92.33,90,94,2025-11-06,94,Restaurant & Food Service,Food Basket
11771700,Lucky Lab Coffee Company,2421 San Antonio St,Austin,3,92.33,88,95,2025-09-05,88,Restaurant & Food Service,Lucky Lab Coffee Company
11856186,Holiday Inn Express & Suites Austin Downtown,805 Neches St,Austin,3,92.33,90,96,2026-01-08,91,Restaurant & Food Service,Holiday Inn Express & Suites Austin Downtown
11858488,JD's Market,9111 FM 812,Austin,3,92.33,88,95,2026-04-09,88,Restaurant & Food Service,JD's Market
12021450,Fuel Bar,4210 W Braker Ln,Austin,3,92.33,92,93,2026-03-11,92,Restaurant & Food Service,Fuel Bar
12060237,ABIA - Mad Greens,3600 Presidential Blvd Unit 3592,Austin,6,92.33,87,100,2026-04-22,92,Venue & Concessions,ABIA - Mad Greens
12186422,Star Mart 16,5517 Cameron Rd,Austin,3,92.33,90,94,2025-12-22,90,Restaurant & Food Service,Star Mart
12186432,ABIA - Salvation Pizza,3600 Presidential Blvd Unit 3815,Austin,3,92.33,91,93,2026-01-05,91,Venue & Concessions,ABIA - Salvation Pizza
12393331,Roots Chicken Shak,1801 E 51st St,Austin,6,92.33,84,100,2026-04-15,92,Restaurant & Food Service,Roots Chicken Shak
12393335,7-Eleven Convenience Store #38615A,1316 W Braker Ln,Austin,3,92.33,89,97,2026-03-10,89,Convenience & Fuel,7-Eleven Convenience Store #38615A
12393420,Hyde Park Market,4429 Duval St,Austin,3,92.33,90,95,2026-01-27,92,Restaurant & Food Service,Hyde Park Market
12398002,QuikTrip #4125,4402 S Congress Ave,Austin,3,92.33,91,94,2025-06-09,92,Convenience & Fuel,QuikTrip
12398114,Jamba Juice,1201 Barbara Jordan Blvd Ste 1295,Austin,3,92.33,87,98,2026-04-15,87,Restaurant & Food Service,Jamba Juice
12398689,Jimmy John's,610 E Stassney Ln Ste C1,Austin,3,92.33,92,93,2025-12-17,92,Restaurant & Food Service,Jimmy John's
12400134,Oltorf Food Mart,2225 E Oltorf St,Austin,3,92.33,87,96,2026-04-24,94,Convenience & Fuel,Oltorf Food Mart
12400544,Global Jin Yuan Corp.,7020 Easy Wind Dr Ste 150,Austin,3,92.33,86,96,2026-05-21,86,Restaurant & Food Service,Global Jin Yuan Corp.
2800369,Alpha Delta Pi Sorority,2620 Rio Grande St,Austin,4,92.25,90,93,2026-02-04,93,Restaurant & Food Service,Alpha Delta Pi Sorority
2801033,15th Street Cafe,303 W 15th St,Austin,4,92.25,92,93,2025-07-14,92,Restaurant & Food Service,15th Street Cafe
10758077,Circle K Store #2704673,8801 S Ih 35,Austin,4,92.25,90,95,2025-11-24,92,Convenience & Fuel,Circle K Store
10960607,Westminster Manor - Dogwood,4100 Jackson Ave,Austin,4,92.25,88,96,2026-02-18,88,Restaurant & Food Service,Westminster Manor - Dogwood
11119251,Wendy's W114/8076,6247 McNeil Dr,Austin,4,92.25,87,98,2026-03-17,96,Restaurant & Food Service,Wendy's W114
11165140,P. Terry's Burger Stand,8515 Burnet Rd,Austin,4,92.25,89,95,2026-02-24,93,Restaurant & Food Service,P. Terry's Burger Stand
11249373,Midtown Grocery & Cafe,7010 Easy Wind Dr Unit A,Austin,4,92.25,87,96,2026-02-03,93,Grocery,Midtown Grocery & Cafe
11733659,Aloft Element Banquets,109 E 7th St,Austin,4,92.25,90,94,2026-04-09,94,Restaurant & Food Service,Aloft Element Banquets
11745352,7-11 #36616B,14730 N IH 35 Service Rd SB,Austin,4,92.25,89,96,2026-04-29,91,Restaurant & Food Service,7-11 #36616B
11824383,McDonald's #33092,10525 W Parmer Ln,Austin,4,92.25,89,95,2026-04-23,95,Restaurant & Food Service,McDonald's
11855387,Pershing (Indoor),2415 E 5th St,Austin,4,92.25,85,97,2026-02-02,95,Restaurant & Food Service,Pershing (Indoor)
12392930,Banquets Marriott Hotel Austin Downtown,304 E Cesar Chavez St,Austin,4,92.25,88,99,2026-05-04,99,Restaurant & Food Service,Banquets Marriott Hotel Austin Downtown
12394008,7-Eleven Convenience Store #41114A,1800 E Slaughter Ln,Austin,4,92.25,84,97,2026-03-31,93,Convenience & Fuel,7-Eleven Convenience Store #41114A
12394320,Ovenbird,6501 S Congress Ave Ste 211 Bldg 2,Austin,4,92.25,89,95,2025-11-04,89,Restaurant & Food Service,Ovenbird
12394365,Las Mangonadas Neverias III,8776 Research SB Blvd Bldg C,Austin,4,92.25,89,99,2026-02-12,90,Restaurant & Food Service,Las Mangonadas Neverias III
12394725,Domino's Pizza 6607,8141 Mesa Dr Ste C,Austin,4,92.25,87,96,2026-05-07,96,Restaurant & Food Service,Domino's Pizza
12394829,Dairy Queen,8728 N Lamar Blvd,Austin,4,92.25,91,94,2025-11-04,92,Restaurant & Food Service,Dairy Queen
12399052,Mala Fama Austin LLC,422 E 6th St,Austin,4,92.25,79,100,2025-07-24,90,Restaurant & Food Service,Mala Fama Austin LLC
12400249,P Thai's Khao Man Gai,4807 Airport Blvd,Austin,4,92.25,87,98,2026-05-19,98,Restaurant & Food Service,P Thai's Khao Man Gai
2802230,Jersey Mikes Subs,10001 Research NB Blvd Unit 170,Austin,5,92.2,88,94,2026-03-05,94,Restaurant & Food Service,Jersey Mikes Subs
2802942,Taco Cabana #278,6611 S Mopac NB Expy,Austin,5,92.2,90,94,2025-06-27,92,Restaurant & Food Service,Taco Cabana
10002574,Mom's Grocery,1425 E Rundberg Ln Ste 100,Austin,5,92.2,87,96,2026-01-30,96,Grocery,Mom's Grocery
10160508,Niki's Pizza,1100 Center Ridge Dr Ste 360,Austin,5,92.2,87,97,2026-02-26,91,Restaurant & Food Service,Niki's Pizza
11787350,Mango King,10601 N Lamar Blvd,Austin,5,92.2,88,96,2026-04-10,88,Restaurant & Food Service,Mango King
12020767,BC - Austin Tea Xchange,13011 Shops Pkwy,Bee Cave,5,92.2,80,100,2026-05-18,80,Restaurant & Food Service,BC - Austin Tea Xchange
12143495,ABIA - FLYRITE Chicken (West Food Park),3600 Presidential Blvd Unit D3376,Austin,5,92.2,86,99,2025-07-15,97,Venue & Concessions,ABIA - FLYRITE Chicken (West Food Park)
12178333,LW - Jason's Deli,1504 S FM 620 Rd,Lakeway,5,92.2,91,93,2026-01-05,92,Restaurant & Food Service,LW - Jason's Deli
2801382,Coco's Cafe,8557 Research NB Blvd Unit 118,Austin,6,92.17,86,97,2026-03-30,88,Restaurant & Food Service,Coco's Cafe
2801690,Maudie's North Lamar,10205 N Lamar Blvd,Austin,6,92.17,90,95,2026-02-23,92,Restaurant & Food Service,Maudie's North Lamar
12392292,PF - Huahusco Grill Mexican Cuisine,100 12th St Ste 102,Pflugerville,6,92.17,71,98,2026-03-12,96,Restaurant & Food Service,PF - Huahusco Grill Mexican Cuisine
11280513,Subway # 63381,7112 Ed Bluestein Blvd Ste 171,Austin,7,92.14,81,98,2026-04-21,94,Restaurant & Food Service,Subway
12393163,LW - Sonic Drive - In #1559,2102 S FM 620 Rd,Lakeway,7,92.14,85,97,2026-02-25,92,Restaurant & Food Service,LW - Sonic Drive - In
12393520,El Pollo Regio,6615 Berkman Dr Bldg B,Austin,7,92.14,89,95,2026-04-14,90,Restaurant & Food Service,El Pollo Regio
12395712,Pecan Square Cafe,1200 W 6th St Bldg B,Austin,7,92.14,91,94,2025-12-16,91,Restaurant & Food Service,Pecan Square Cafe
12397576,Tropicana Cuban Resturant,9616 N Lamar Blvd Ste 141,Austin,7,92.14,86,98,2025-09-24,89,Restaurant & Food Service,Tropicana Cuban Resturant
2800022,Chez Zee,5406 Balcones Dr,Austin,3,92,89,95,2025-07-24,89,Restaurant & Food Service,Chez Zee
2800122,Conans Pizza North,2438 W Anderson Ln,Austin,3,92,90,94,2025-10-29,92,Restaurant & Food Service,Conans Pizza North
2801453,Chili's Grill & Bar,4420 N Lamar Blvd,Austin,4,92,83,97,2025-10-27,83,Restaurant & Food Service,Chili's Grill & Bar
2801489,Central Market: Prepared Foods / Catering,4477 S Lamar NB Blvd,Austin,3,92,89,95,2026-02-02,89,Institutional & Catering,Central Market: Prepared Foods
2801780,NYOS Charter School,12301 N Lamar Blvd,Austin,4,92,88,98,2025-12-17,89,School & Childcare,NYOS Charter School
2802019,Rain on 4th,217 W 4th St,Austin,3,92,88,95,2025-04-03,93,Restaurant & Food Service,Rain on 4th
2803254,WL - Waterfall Restaurant @ Westlake Surgical,5656 Bee Caves Rd Bldg M,West Lake Hills,4,92,91,93,2025-12-29,93,Restaurant & Food Service,WL - Waterfall Restaurant @ Westlake Surgical
2803525,Circle K #2741302,8205 Brodie Ln,Austin,3,92,89,95,2025-08-29,89,Convenience & Fuel,Circle K
10004227,Dollar Tree Store #2875,5425 N Interstate 35,Austin,3,92,90,95,2025-12-09,95,Convenience & Fuel,Dollar Tree Store
10046409,Potbelly Sandwich Works,2316 Guadalupe St,Austin,5,92,87,94,2025-12-04,94,Restaurant & Food Service,Potbelly Sandwich Works
10091957,Kick Butt Coffee LLC,5775 Airport Blvd,Austin,3,92,90,93,2026-02-10,93,Restaurant & Food Service,Kick Butt Coffee LLC
10159246,Korean Grill,10901 N Lamar Blvd Unit 204,Austin,4,92,89,96,2025-04-01,96,Restaurant & Food Service,Korean Grill
10586161,P. Terry's Burger Stand,204 W Ben White Blvd,Austin,3,92,89,95,2025-03-21,89,Restaurant & Food Service,P. Terry's Burger Stand
10628960,Donut Taco Palace I,5446 W US 290 WB Hwy Unit 101,Austin,3,92,87,95,2026-04-23,87,Restaurant & Food Service,Donut Taco Palace I
10631422,LW - P. Terry's Burger Stand,3311 S FM 620 Rd,Lakeway,4,92,84,98,2025-12-22,84,Restaurant & Food Service,LW - P. Terry's Burger Stand
10655045,Lenoir Restaurant,1807 S 1st St,Austin,3,92,87,97,2026-02-12,87,Restaurant & Food Service,Lenoir Restaurant
10757816,Juice Land Burnet,7329 Burnet Rd Bldg A,Austin,6,92,88,98,2026-02-24,90,Restaurant & Food Service,Juice Land Burnet
10928995,Whisler's,1816 E 6th St,Austin,4,92,90,97,2026-02-03,90,Restaurant & Food Service,Whisler's
11387902,"Cheesecake Factory, The",2901 S Capital of Texas Hwy Unit G02B,Austin,3,92,87,95,2026-04-23,95,Restaurant & Food Service,"Cheesecake Factory, The"
11414167,Jersey Mike's Subs,4601 N Lamar Blvd Ste 504,Austin,5,92,86,96,2025-09-23,86,Restaurant & Food Service,Jersey Mike's Subs
11439838,P. Terry's Burger Stand,5900 N Lamar Blvd,Austin,4,92,88,95,2026-01-05,95,Restaurant & Food Service,P. Terry's Burger Stand
11593140,Mort Subite,308 Congress Ave,Austin,3,92,88,98,2026-03-03,98,Restaurant & Food Service,Mort Subite
11630886,Pappadeaux,11617 Research NB Blvd Bldg 3,Austin,3,92,92,92,2025-12-26,92,Restaurant & Food Service,Pappadeaux
11704512,Kismet Cafe,1000 E 41st St Ste 200,Austin,4,92,90,94,2025-11-19,90,Restaurant & Food Service,Kismet Cafe
11761897,"Supermercado Los Vaqueros #2 Seafood, Creamria, Meat",6800 Berkman Dr,Austin,4,92,87,98,2026-02-17,98,Grocery,"Supermercado Los Vaqueros #2 Seafood, Creamria, Meat"
11762422,Royal Blue Grocery,241 W 3rd St,Austin,3,92,88,95,2026-02-04,93,Grocery,Royal Blue Grocery
11789529,Kentucky Fried Chicken,1700 W Parmer Ln,Austin,5,92,89,95,2026-05-01,92,Restaurant & Food Service,Kentucky Fried Chicken
11789635,Kentucky Fried Chicken,2224 E Riverside Dr,Austin,5,92,89,95,2026-01-08,89,Restaurant & Food Service,Kentucky Fried Chicken
11798980,Mornin' Donut,6501 S Congress Ave Ste 203,Austin,3,92,85,98,2025-07-11,98,Restaurant & Food Service,Mornin' Donut
11868176,Here Nor There,612 Brazos St Ste B,Austin,4,92,88,98,2025-07-31,98,Restaurant & Food Service,Here Nor There
11964908,"Ken's Subs, Tacos and More",9408 Dessau Rd,Austin,6,92,90,94,2025-12-15,90,Restaurant & Food Service,"Ken's Subs, Tacos and More"
12062866,Dumont's,214 W 4th St,Austin,3,92,89,96,2025-09-12,91,Restaurant & Food Service,Dumont's
12075934,Otherside Deli,1104 W 34th St,Austin,4,92,88,98,2026-01-23,90,Restaurant & Food Service,Otherside Deli
12176458,Omni Barton Creek Resort & Spa (Nopales),8212 Barton Club Dr,Austin,4,92,86,100,2026-01-21,100,Restaurant & Food Service,Omni Barton Creek Resort & Spa (Nopales)
12185750,La Mexiquense,850 E Rundberg Ln Unit 800,Austin,3,92,90,95,2026-02-20,90,Restaurant & Food Service,La Mexiquense
12186581,PF - Grand Stop Food Mart,1401 Grand Avenue Pkwy,Pflugerville,3,92,90,93,2026-04-30,93,Convenience & Fuel,PF - Grand Stop Food Mart
12186614,PF - Lone Star Bar,403 FM 685 Unit 100,Pflugerville,3,92,88,95,2026-03-18,95,Restaurant & Food Service,PF - Lone Star Bar
12392877,Sunrise Mini Mart 10,907 E Saint Johns Ave,Austin,5,92,87,96,2026-05-21,87,Restaurant & Food Service,Sunrise Mini Mart
12392894,drink.well.,207 E 53rd St,Austin,3,92,89,94,2025-05-08,93,Restaurant & Food Service,drink.well.
12393124,Gyu Kaku Japanese BBQ Restaurant,1211 E 5th St Ste 100,Austin,4,92,82,98,2026-02-03,82,Restaurant & Food Service,Gyu Kaku Japanese BBQ Restaurant
12393142,Veracruz All Natural,111 E Cesar Chavez St,Austin,5,92,89,96,2026-02-24,94,Restaurant & Food Service,Veracruz All Natural
12393232,Mi Pueblito Food Mart,8237 Research NB Blvd,Austin,3,92,89,94,2026-02-09,94,Convenience & Fuel,Mi Pueblito Food Mart
12394111,New One Taco,12233 N Fm 620 Rd,Austin,4,92,87,95,2026-04-06,95,Restaurant & Food Service,New One Taco
12394544,Campus on Lake Austin - Main Building,4907 Fm 2222,Austin,4,92,90,95,2026-01-16,90,Restaurant & Food Service,Campus on Lake Austin - Main Building
12394548,Texas Bar & Grill # 100,14611 Burnet Rd,Austin,3,92,90,96,2025-11-13,90,Restaurant & Food Service,Texas Bar & Grill
12394888,Gilbert Xpress,13107 FM 969 Rd Ste 100,Austin,4,92,88,95,2025-11-13,92,Restaurant & Food Service,Gilbert Xpress
12395150,Victorina's House Wings & More,9306 N Lamar Blvd Ste E1,Austin,6,92,84,95,2025-12-11,84,Restaurant & Food Service,Victorina's House Wings & More
12398245,Royal Blue Grocery,13101 Tesla Rd,Austin,3,92,90,95,2025-12-15,91,Grocery,Royal Blue Grocery
12398379,Sunset Strip Comedy Club,214 E 6th St Ste C,Austin,3,92,89,94,2025-05-29,93,Restaurant & Food Service,Sunset Strip Comedy Club
12398408,Another Broken Egg,6406 N Interstate 35 Ste 1600,Austin,3,92,90,96,2026-01-13,90,Restaurant & Food Service,Another Broken Egg
12398762,Dave & Busters,9500 s Ih 35 Sb,Austin,3,92,91,93,2026-02-23,91,Restaurant & Food Service,Dave & Busters
12399798,Texas Empowerment Academy,5800 E Parmer Ln,Manor,4,92,89,95,2026-05-08,94,School & Childcare,Texas Empowerment Academy
2800493,Thundercloud Subs,903 W 12th St,Austin,8,91.88,81,96,2025-12-16,81,Restaurant & Food Service,Thundercloud Subs
12395440,Alamo Drafthouse Cinemas,1911 Aldrich St Ste 120,Austin,7,91.86,83,96,2026-04-29,91,Restaurant & Food Service,Alamo Drafthouse Cinemas
12396077,Residence Inn Austin Airport,3201 Caseybridge Ct,Austin,7,91.86,84,100,2026-04-17,89,Restaurant & Food Service,Residence Inn Austin Airport
2800038,"Julio's Restaurant, Inc.",4230 Duval St,Austin,6,91.83,84,100,2025-11-05,90,Restaurant & Food Service,"Julio's Restaurant, Inc."
2803688,Escarpment Exxon,6109 W William Cannon Dr,Austin,6,91.83,88,95,2025-08-21,89,Convenience & Fuel,Escarpment Exxon
10007072,Long John Silver's,5600 Cameron Rd,Austin,6,91.83,89,98,2026-04-22,91,Restaurant & Food Service,Long John Silver's
12392375,Beer Geek,2051 W FM 1626,Manchaca,6,91.83,87,95,2026-02-10,93,Restaurant & Food Service,Beer Geek
12397568,La Superior Market Taqueria,2410 E Riverside Dr,Austin,6,91.83,85,97,2026-04-06,97,Restaurant & Food Service,La Superior Market Taqueria
2800023,Thundercloud Subs #17,5401 Burnet Rd,Austin,5,91.8,89,95,2026-05-07,93,Restaurant & Food Service,Thundercloud Subs
10328502,Double Dave's Pizzaworks,9500 S Interstate 35,Austin,5,91.8,89,94,2025-06-05,89,Restaurant & Food Service,Double Dave's Pizzaworks
11430371,MOD Superfast Pizza,1920 E Riverside Dr Unit 100,Austin,5,91.8,90,95,2025-08-26,90,Restaurant & Food Service,MOD Superfast Pizza
11853701,Fairmont Austin - Fulton & In Room Dining (Level 1 & P1),101 Red River St,Austin,5,91.8,86,100,2025-12-01,90,Restaurant & Food Service,Fairmont Austin - Fulton & In Room Dining (Level 1 & P1)
12392577,PF - 7-11 Speedy Spot #35623B,17511 Schultz Ln,Pflugerville,5,91.8,88,98,2026-03-04,90,Restaurant & Food Service,PF - 7-11 Speedy Spot #35623B
2802504,Billy's on Burnet,2105 Hancock Dr,Austin,4,91.75,85,96,2026-01-22,85,Restaurant & Food Service,Billy's on Burnet
10222044,Malverde at La Condesa,400 W 2nd St Unit B,Austin,4,91.75,88,95,2025-11-17,95,Restaurant & Food Service,Malverde at La Condesa
10439680,Gusto Italian Kitchen and Wine Bar,4800 Burnet Rd,Austin,4,91.75,84,96,2025-12-01,84,Restaurant & Food Service,Gusto Italian Kitchen and Wine Bar
11039598,Kebabalicious,1311 E 7th St,Austin,4,91.75,89,94,2026-02-20,94,Restaurant & Food Service,Kebabalicious
11066788,LW - Taco Bell #30169,1703 S FM 620 Rd,Lakeway,4,91.75,88,95,2025-09-19,91,Restaurant & Food Service,LW - Taco Bell
11105285,Salata,10515 N Mopac NB Expy,Austin,4,91.75,87,98,2026-02-20,91,Restaurant & Food Service,Salata
11503088,Smoothie King,3201 Bee Caves Rd Ste 167,Austin,4,91.75,86,97,2026-02-20,97,Restaurant & Food Service,Smoothie King
11789736,Kentucky Fried Chicken,5607 N Lamar Blvd,Austin,4,91.75,91,93,2026-05-20,92,Restaurant & Food Service,Kentucky Fried Chicken
11804611,"Cosmic Coffee + Beer Garden, LLC",121 Pickle Rd Ste 111,Austin,4,91.75,85,100,2026-04-30,91,Restaurant & Food Service,"Cosmic Coffee + Beer Garden, LLC"
11823630,SV - Schlotzsky's,5601 Brodie Ln Ste 1700,Sunset Valley,4,91.75,85,95,2025-04-23,85,Restaurant & Food Service,SV - Schlotzsky's
11825028,7-Eleven Convenience Store #36274B,3324 Northland Dr,Austin,4,91.75,89,94,2026-02-12,91,Convenience & Fuel,7-Eleven Convenience Store #36274B
12143492,ABIA - East Side Pies (West Food Park),3600 Presidential Blvd Unit D3376,Austin,4,91.75,84,100,2025-07-15,100,Venue & Concessions,ABIA - East Side Pies (West Food Park)
12392389,PF - Tree House Kids,702 Cedar Ridge Dr,Pflugerville,4,91.75,84,98,2026-05-13,98,Restaurant & Food Service,PF - Tree House Kids
12393992,Sonic Drive-In #1587,9708 Menchaca Rd,Austin,4,91.75,88,97,2025-07-07,88,Restaurant & Food Service,Sonic Drive-In
12394176,Spread & CO at Laguna Gloria,3809 W 35th St,Austin,4,91.75,89,95,2025-06-12,92,Restaurant & Food Service,Spread & CO at Laguna Gloria
12394604,Rositas Al Pastor,1801 E Riverside Dr,Austin,4,91.75,86,96,2025-11-20,86,Restaurant & Food Service,Rositas Al Pastor
12394782,Jet's Pizza,3003 S Lamar Blvd Ste 130,Austin,4,91.75,89,95,2026-04-14,89,Restaurant & Food Service,Jet's Pizza
12395501,Kappo Kappo,600 W 2nd St,Austin,4,91.75,85,98,2025-03-28,89,Restaurant & Food Service,Kappo Kappo
12397083,7-Eleven #36610B,2616 W Braker Ln,Austin,4,91.75,85,95,2026-02-09,85,Convenience & Fuel,7-Eleven #36610B
12399022,Little Caesars Pizza,12836 E US 290 Hwy Ste 300,Manor,4,91.75,88,96,2026-02-27,93,Restaurant & Food Service,Little Caesars Pizza
12399520,VIA 313 Pizzeria,600 W 6th St Unit B,Austin,4,91.75,87,95,2025-07-21,95,Restaurant & Food Service,VIA 313 Pizzeria
10435389,JD's Market,14300 Dessau Rd,Pflugerville,7,91.71,89,95,2026-04-01,92,Restaurant & Food Service,JD's Market
2800623,Delta Tau Delta Fraternity,2801 San Jacinto Blvd,Austin,3,91.67,87,97,2026-01-15,87,Restaurant & Food Service,Delta Tau Delta Fraternity
2801190,Canyon Creek,10210 Ember Glen Dr,Austin,6,91.67,80,99,2026-02-27,95,Restaurant & Food Service,Canyon Creek
2801462,Caritas Of Austin,611 Neches St,Austin,3,91.67,89,95,2026-04-27,95,Restaurant & Food Service,Caritas Of Austin
2801918,Darwin's Pub,223 E 6th St,Austin,3,91.67,87,96,2026-05-01,87,Restaurant & Food Service,Darwin's Pub
2802744,Subway,9300 S Interstate 35,Austin,3,91.67,90,94,2025-06-02,90,Restaurant & Food Service,Subway
2803479,Dessau Food Mart,9411 Dessau Rd,Austin,3,91.67,89,93,2026-02-03,93,Convenience & Fuel,Dessau Food Mart
2803580,Circle K #2742420,1405 W William Cannon Dr,Austin,3,91.67,84,97,2026-03-23,84,Convenience & Fuel,Circle K
2803796,Q.P. Food Mart,5625 West Gate Blvd,Austin,3,91.67,89,94,2026-05-20,89,Convenience & Fuel,Q.P. Food Mart
2803871,Berkman Food Mart,6615 Berkman Dr,Austin,6,91.67,88,97,2026-04-30,97,Convenience & Fuel,Berkman Food Mart
10049300,Marble Slab Creamery #602,2901 S Capital of Texas Hwy,Austin,3,91.67,90,93,2026-03-02,90,Restaurant & Food Service,Marble Slab Creamery
10260300,Longhorn Village - Bar/Grill,12501 Longhorn Pkwy,Austin,3,91.67,90,94,2025-11-20,90,Restaurant & Food Service,Longhorn Village - Bar
10422401,Mi Pueblito Discoteca,1015 Reinli St,Austin,3,91.67,90,94,2026-01-08,91,Restaurant & Food Service,Mi Pueblito Discoteca
10423138,"Onion, The",408 Brazos St,Austin,3,91.67,89,94,2025-09-19,92,Restaurant & Food Service,"Onion, The"
10459759,"Cake and Spoon Baking Co, The",3008 Gonzales St,Austin,3,91.67,91,93,2026-02-26,91,Restaurant & Food Service,"Cake and Spoon Baking Co, The"
10693117,Stiles Switch BBQ & Brew,6610 N Lamar Blvd,Austin,3,91.67,89,95,2026-03-26,89,Restaurant & Food Service,Stiles Switch BBQ & Brew
10730603,Longhorn Steakhouse #5396,9900 S Interstate 35 Ste U,Austin,3,91.67,85,95,2025-06-24,95,Restaurant & Food Service,Longhorn Steakhouse
10776533,Smokey Mo's BBQ,6001 W Parmer Ln Ste 360,Austin,3,91.67,86,95,2026-01-27,86,Restaurant & Food Service,Smokey Mo's BBQ
10884451,Donut 7,11005 Burnet Rd Ste 104,Austin,3,91.67,87,95,2025-07-28,93,Restaurant & Food Service,Donut
10997570,"Austin Beer Garden Brewing Co., The",1305 W Oltorf St,Austin,3,91.67,90,94,2025-06-25,91,Restaurant & Food Service,"Austin Beer Garden Brewing Co., The"
11021296,St. Andrew's Episcopal School-Cafeteria,5901 Southwest Pkwy,Austin,3,91.67,86,97,2026-04-28,92,School & Childcare,St. Andrew's Episcopal School-Cafeteria
11035154,Odd Duck,1201 S Lamar Blvd,Austin,3,91.67,85,100,2025-07-01,90,Restaurant & Food Service,Odd Duck
11183326,Red Lobster # 0095,109 W Anderson EB Ln,Austin,3,91.67,91,93,2026-05-11,91,Restaurant & Food Service,Red Lobster
11491879,Las Palmas Gessner,8007 Gessner Dr,Austin,3,91.67,89,95,2026-02-05,95,Restaurant & Food Service,Las Palmas Gessner
11597650,JuiceLand,10721 Research NB Blvd Unit 100,Austin,3,91.67,87,98,2025-10-27,87,Restaurant & Food Service,JuiceLand
11788101,Country Inn & Suites,14620 N IH 35 Service Rd SB,Austin,3,91.67,88,96,2026-02-10,91,Restaurant & Food Service,Country Inn & Suites
12186000,AMC Barton Creek 14,2901 S Capital of Texas Hwy,Austin,6,91.67,87,98,2026-03-31,98,Restaurant & Food Service,AMC Barton Creek
12186014,Dollar Tree #080860,1508 Montopolis Dr,Austin,3,91.67,87,98,2026-01-07,87,Convenience & Fuel,Dollar Tree
12393631,7 - Eleven Convenience Store #38279A,1429 Muirfield Bend Dr,Hutto,6,91.67,89,97,2026-03-18,89,Convenience & Fuel,7 - Eleven Convenience Store #38279A
12393874,"Childrens Courtyard, The",5914 W William Cannon Dr,Austin,3,91.67,89,94,2026-01-23,92,Restaurant & Food Service,"Childrens Courtyard, The"
12394970,Refuel 317,3310 N Capital of Texas Hwy Ste 100,Austin,3,91.67,85,96,2026-04-03,96,Restaurant & Food Service,Refuel
12396110,Austin Transitional Ctr/Residential Re-Entry Ctr,3154 E SH 71 EB Service Rd,Austin,6,91.67,88,94,2026-04-02,92,Restaurant & Food Service,Austin Transitional Ctr
12397888,Sedona Trace Health and Wellness Center,8324 Cameron Rd,Austin,3,91.67,90,94,2026-04-02,94,Restaurant & Food Service,Sedona Trace Health and Wellness Center
12398477,Domino's,719 W William Cannon Dr Ste 1,Austin,3,91.67,91,93,2025-08-18,93,Restaurant & Food Service,Domino's
12398541,Tacoly Moly Tacos (K27),5610 N IH 35 Service Rd SB,Austin,3,91.67,87,95,2025-03-14,93,Restaurant & Food Service,Tacoly Moly Tacos (K27)
2800441,Circle K #2742169,4602 E Stassney Ln,Austin,5,91.6,89,98,2026-05-07,90,Convenience & Fuel,Circle K
2800781,Plucker's Wing Factory,2222 Rio Grande St Ste 116,Austin,5,91.6,90,93,2025-08-19,93,Restaurant & Food Service,Plucker's Wing Factory
10218796,"Settlement Home for Children, The",1600 Payton Gin Rd,Austin,5,91.6,86,94,2026-03-17,94,Restaurant & Food Service,"Settlement Home for Children, The"
11397182,Dunkin Donuts,401 W Slaughter Ln,Austin,5,91.6,86,95,2026-04-21,91,Restaurant & Food Service,Dunkin Donuts
11415562,MN - Panda Express #2516,11808 Ring Dr Bldg 1,Manor,5,91.6,86,98,2026-04-09,98,Restaurant & Food Service,MN - Panda Express
11689721,Brazas Taco House,6801 Airport Blvd Unit 150,Austin,5,91.6,90,93,2026-05-06,92,Restaurant & Food Service,Brazas Taco House
12186167,Shipley Donuts,1700 W Parmer Ln Unit 700,Austin,5,91.6,86,95,2026-05-01,86,Restaurant & Food Service,Shipley Donuts
12186485,"Line Hotel Austin Events, The",111 E Cesar Chavez St,Austin,5,91.6,86,96,2025-09-18,94,Restaurant & Food Service,"Line Hotel Austin Events, The"
12392833,Sonic Drive-In #3697,7714 W SH 71,Austin,5,91.6,88,95,2025-07-23,93,Restaurant & Food Service,Sonic Drive-In
12392893,Aviator Pizza & Drafthouse,4005 W Parmer Ln Ste E,Austin,5,91.6,90,92,2026-04-14,90,Restaurant & Food Service,Aviator Pizza & Drafthouse
12396500,Hi Sign Brewing,730 Shady Ln,Austin,5,91.6,89,96,2026-04-14,91,Restaurant & Food Service,Hi Sign Brewing
12397364,Marufuku Ramen,1900 Aldrich St Ste 180,Austin,5,91.6,82,99,2026-01-12,95,Restaurant & Food Service,Marufuku Ramen
12398783,JDs Supermarket #9 (Meat - Grocery),6214 E Riverside Dr,Austin,5,91.6,87,99,2026-02-24,89,Grocery,JDs Supermarket #9 (Meat - Grocery)
2800713,Dairy Queen,12129 FM 620 N,Austin,4,91.5,88,95,2026-05-21,92,Restaurant & Food Service,Dairy Queen
2800943,Barnes & Noble Book & Cafe,10000 Research SB Blvd,Austin,4,91.5,89,96,2025-07-11,90,Restaurant & Food Service,Barnes & Noble Book & Cafe
10039858,Texas Roadhouse,15415 N IH 35 NB Service Rd,Austin,4,91.5,86,96,2026-01-20,90,Restaurant & Food Service,Texas Roadhouse
11239100,Circle K # 2741552,12200 FM 969 Rd,Austin,4,91.5,88,94,2026-05-06,94,Convenience & Fuel,Circle K
11459936,"Capital Grille Restaurant, The #8053",117 W 4th St Ste 200,Austin,4,91.5,86,97,2026-04-10,97,Restaurant & Food Service,"Capital Grille Restaurant, The"
11848076,"Oddwood Ales, LLC",3108 Manor Rd,Austin,4,91.5,90,93,2025-07-16,90,Restaurant & Food Service,"Oddwood Ales, LLC"
11875690,LORO,2115 S Lamar Blvd,Austin,4,91.5,89,98,2026-02-02,90,Restaurant & Food Service,LORO
12393085,Moviehouse & Eatery,7415 Southwest Pkwy Bldg 7,Austin,6,91.5,85,96,2025-09-04,90,Restaurant & Food Service,Moviehouse & Eatery
12393906,Hyatt Place Austin Arboretum,3612 Tudor Blvd,Austin,4,91.5,86,98,2025-12-09,87,Restaurant & Food Service,Hyatt Place Austin Arboretum
12395378,7-Eleven Convenience Store #36587B,6515 S Ih 35,Austin,4,91.5,87,95,2025-07-21,95,Convenience & Fuel,7-Eleven Convenience Store #36587B
12396716,Wich,247 W 3rd St,Austin,4,91.5,87,96,2026-02-04,91,Restaurant & Food Service,Wich
12396897,Dairy Queen,9300 S Interstate 35,Austin,4,91.5,89,93,2025-06-17,89,Restaurant & Food Service,Dairy Queen
12398598,First Light Books,4300 Speedway Unit 104,Austin,4,91.5,88,96,2025-12-16,88,Restaurant & Food Service,First Light Books
11424489,7 - Eleven Convenience Store #36600A,1625 E Parmer Ln,Austin,5,91.4,90,93,2026-05-20,93,Convenience & Fuel,7 - Eleven Convenience Store #36600A
11464387,LW - High Five Entertainment Center,1502 S FM 620 Rd,Lakeway,5,91.4,84,96,2025-06-09,96,Restaurant & Food Service,LW - High Five Entertainment Center
12392967,Fresh Donuts,14509 FM 969 Rd Unit 105,Austin,5,91.4,86,100,2026-04-24,87,Restaurant & Food Service,Fresh Donuts
12395458,7-Eleven Convenience Store #36267B,525 W Slaughter Ln,Austin,5,91.4,86,100,2025-05-07,93,Convenience & Fuel,7-Eleven Convenience Store #36267B
2800646,Sandy's,603 Barton Springs Rd,Austin,3,91.33,86,99,2026-03-16,86,Restaurant & Food Service,Sandy's
2801217,Kappa Sigma Lodge,1002 W 26th St,Austin,3,91.33,89,94,2026-02-25,94,Restaurant & Food Service,Kappa Sigma Lodge
2801868,Ronnies Real Food,205 S Commons Ford Rd Unit 8,Austin,3,91.33,84,99,2025-05-01,84,Restaurant & Food Service,Ronnies Real Food
2802031,Canary Roost,11900 Metric Blvd Ste D,Austin,3,91.33,88,97,2026-03-03,88,Restaurant & Food Service,Canary Roost
2803414,Circle K # 2741319,3112 E Cesar Chavez St,Austin,3,91.33,87,95,2026-04-20,95,Convenience & Fuel,Circle K
2803748,All Star Grocery,5303 Nuckols Crossing Rd,Austin,3,91.33,89,93,2025-08-18,92,Grocery,All Star Grocery
2803811,Sunrise Mini Mart,1762 Colony Creek Dr,Austin,3,91.33,89,96,2026-01-13,89,Restaurant & Food Service,Sunrise Mini Mart
10291231,Auntie Anne's Pretzels,2901 S Capital of Texas Hwy Ste 10A,Austin,3,91.33,88,94,2026-03-02,88,Restaurant & Food Service,Auntie Anne's Pretzels
10377371,Jack Allen's Kitchen,7720 W SH 71,Austin,3,91.33,87,95,2025-08-05,92,Restaurant & Food Service,Jack Allen's Kitchen
10720202,Bruegger's Bagels,3267 Bee Caves Rd Ste 105,Austin,3,91.33,89,94,2026-03-26,91,Restaurant & Food Service,Bruegger's Bagels
10753373,C-Mart Icehouse,1308 W Koenig Ln,Austin,3,91.33,87,94,2025-12-29,87,Restaurant & Food Service,C-Mart Icehouse
10758265,Circle K Store #2704677,1601 E Saint Elmo Rd,Austin,3,91.33,90,94,2025-04-08,90,Convenience & Fuel,Circle K Store
10879370,"Water Tank Bar & Grill, The",7309 McNeil Dr,Austin,3,91.33,87,97,2026-01-12,87,Restaurant & Food Service,"Water Tank Bar & Grill, The"
10917402,Houndstooth Coffee,401 Congress Ave,Austin,3,91.33,90,93,2026-01-28,91,Restaurant & Food Service,Houndstooth Coffee
11027963,Star Stop 74,2819 Guadalupe St,Austin,3,91.33,90,93,2026-04-21,91,Restaurant & Food Service,Star Stop
11156047,Conservatory at North Austin,14320 Tandem Blvd,Austin,3,91.33,90,93,2025-09-02,93,Restaurant & Food Service,Conservatory at North Austin
11195050,Dai Due Butcher Shop & Supper Club,2406 Manor Rd Ste A,Austin,3,91.33,90,93,2025-06-05,91,Restaurant & Food Service,Dai Due Butcher Shop & Supper Club
11232472,Torchy's Tacos,1801 E 51st St Unit 450,Austin,6,91.33,78,100,2026-01-22,92,Restaurant & Food Service,Torchy's Tacos
11274929,J W Marriott Austin - Burger Bar,110 E 2nd St,Austin,3,91.33,89,95,2026-04-07,90,Restaurant & Food Service,J W Marriott Austin - Burger Bar
11418067,Wholy Bagel,4404 W William Cannon Dr Ste P,Austin,3,91.33,84,100,2026-04-13,100,Restaurant & Food Service,Wholy Bagel
11551696,Red Headed Stepchild,119 E 5th St,Austin,3,91.33,88,93,2026-04-16,93,Restaurant & Food Service,Red Headed Stepchild
11644210,LW - Baylor Scott & White Health,100 Medical Pkwy,Lakeway,3,91.33,91,92,2025-03-11,91,Restaurant & Food Service,LW - Baylor Scott & White Health
12032721,Bakery Lorraine,11600 Rock Rose Ave Unit 100,Austin,6,91.33,85,98,2026-03-11,90,Restaurant & Food Service,Bakery Lorraine
12130510,Comfort Suites,13681 N US 183 Hwy NB Service Rd,Austin,3,91.33,86,98,2026-04-21,90,Restaurant & Food Service,Comfort Suites
12186332,Borderless European Market,2121 W Parmer Ln Ste 113,Austin,3,91.33,89,93,2026-04-09,92,Restaurant & Food Service,Borderless European Market
12392664,Austin Community College Culinary Arts School,6101 Highland Campus Dr Bldg 2000,Austin,3,91.33,89,94,2026-01-12,94,School & Childcare,Austin Community College Culinary Arts School
12392687,PF - Jimmy Johns,1713 FM 685 Ste 110,Pflugerville,6,91.33,88,94,2026-04-14,90,Restaurant & Food Service,PF - Jimmy Johns
12393329,Enchiladas y Mas - Inc,1911 W Anderson Ln,Austin,6,91.33,87,97,2026-03-04,88,Restaurant & Food Service,Enchiladas y Mas - Inc
12393352,Gandhi Bazar Spicewood,8650 Spicewood Springs Rd Ste 132,Austin,3,91.33,90,94,2025-09-15,90,Restaurant & Food Service,Gandhi Bazar Spicewood
12393730,Armadillo Den,10106 Menchaca Rd,Austin,3,91.33,90,92,2025-08-29,92,Restaurant & Food Service,Armadillo Den
12393762,Sonic Drive - In # 3966,1637 Wells Branch Pkwy,Austin,3,91.33,90,94,2026-01-12,90,Restaurant & Food Service,Sonic Drive - In
12395504,Banquet,600 W 2nd St,Austin,3,91.33,90,93,2026-04-01,93,Restaurant & Food Service,Banquet
12395886,PF - Pfield Day Social,1912 W Pecan St,Pflugerville,3,91.33,87,95,2025-02-27,95,Restaurant & Food Service,PF - Pfield Day Social
12396235,Springhill Suites Austin South (Food),4501 S Ih 35,Austin,3,91.33,84,99,2026-03-03,99,Restaurant & Food Service,Springhill Suites Austin South (Food)
12399024,Catering by Rosemary,200 W 6th St Fl 34,Austin,3,91.33,85,96,2026-04-06,96,Institutional & Catering,Catering by Rosemary
12399682,Gina's on Congress,314 Congress Ave,Austin,3,91.33,88,96,2025-05-09,90,Restaurant & Food Service,Gina's on Congress
12400952,Ling Wu Grove,2625 Perseverance Dr,Austin,3,91.33,84,96,2026-04-06,84,Restaurant & Food Service,Ling Wu Grove
10786483,CiCi's Pizza #71,5365 N Interstate 35,Austin,7,91.29,84,97,2026-03-27,87,Restaurant & Food Service,CiCi's Pizza
2800421,Mi Madres,2201 Manor Rd,Austin,4,91.25,90,94,2025-05-29,91,Restaurant & Food Service,Mi Madres
2800912,HEB Central Mkt #061 Prepared Foods,4001 N Lamar Blvd,Austin,4,91.25,90,94,2025-07-09,91,Grocery,HEB Central Mkt #061 Prepared Foods
2804064,Mesa Mart,8143 Mesa Dr,Austin,4,91.25,85,95,2026-05-19,85,Restaurant & Food Service,Mesa Mart
10224592,Sunrise Mini Mart #5,7401 Burnet Rd,Austin,4,91.25,86,95,2025-11-14,95,Restaurant & Food Service,Sunrise Mini Mart
11084298,Omni Barton Creek Resort & Spa Club-19th Hole,8212 Barton Club Dr,Austin,4,91.25,86,98,2026-01-28,98,Restaurant & Food Service,Omni Barton Creek Resort & Spa Club-19th Hole
11414602,Jersey Mike's Subs,600 E Ben White Blvd Ste 350,Austin,4,91.25,90,93,2025-08-06,91,Restaurant & Food Service,Jersey Mike's Subs
11503365,Recovery Unplugged,14109 FM 969 Rd,Austin,4,91.25,85,100,2026-04-28,90,Restaurant & Food Service,Recovery Unplugged
11655910,Tee's Donuts,3742 Far West Blvd Ste 112,Austin,4,91.25,88,98,2026-02-26,98,Restaurant & Food Service,Tee's Donuts
11934290,Summer Moon Coffee,2301 W Anderson Ln Ste 100,Austin,4,91.25,89,96,2026-01-05,90,Restaurant & Food Service,Summer Moon Coffee
12132567,"Front Page, The",1023 Springdale Rd Unit F,Austin,4,91.25,88,95,2025-04-10,91,Restaurant & Food Service,"Front Page, The"
12393185,Palomino Coffee,4136 E 12th St,Austin,4,91.25,85,96,2026-04-24,96,Restaurant & Food Service,Palomino Coffee
12393752,MN - Sonic Drive-In #4057,11215 E US 290 EB Hwy,Manor,8,91.25,85,98,2026-04-07,97,Restaurant & Food Service,MN - Sonic Drive-In
12394658,FH Management LLC,111 Congress Ave Ste 700,Austin,4,91.25,88,95,2026-02-24,88,Restaurant & Food Service,FH Management LLC
12395698,Well + Good Nutrition,1215 Corona Dr Ste C,Austin,4,91.25,89,92,2026-01-28,92,Restaurant & Food Service,Well + Good Nutrition
12397538,Baretto Bistro,1206 W 38th St Unit B,Austin,4,91.25,88,98,2026-02-13,88,Restaurant & Food Service,Baretto Bistro
12398395,LW - MorninGlory,2121 Lohmans Crossing Rd Ste 500,Austin,4,91.25,87,95,2026-03-24,95,Restaurant & Food Service,LW - MorninGlory
12399662,MN - Double Dave's Pizzaworks,11828 Ring Dr,Manor,4,91.25,90,92,2026-03-13,91,Restaurant & Food Service,MN - Double Dave's Pizzaworks
12399914,Downright Hotel,701 E 11th St,Austin,4,91.25,85,99,2026-02-23,99,Restaurant & Food Service,Downright Hotel
10378211,LW - Flores Mexican Restaurant,2127 Lohmans Crossing Rd Ste 318,Lakeway,5,91.2,89,93,2026-03-25,92,Restaurant & Food Service,LW - Flores Mexican Restaurant
11300211,Chi'Lantro,5222 Burnet Rd Ste 525,Austin,5,91.2,85,96,2025-12-17,89,Restaurant & Food Service,Chi'Lantro
12395414,Mason's Famous Lobster Rolls,200 Congress Ave Bldg 1,Austin,5,91.2,88,94,2026-03-03,89,Restaurant & Food Service,Mason's Famous Lobster Rolls
12396642,SV - Casper Fermentables,4715 S Lamar NB Blvd Unit 101A,Sunset Valley,5,91.2,84,96,2025-05-07,85,Restaurant & Food Service,SV - Casper Fermentables
2800273,Pi Beta Phi Sorority,2300 San Antonio St,Austin,6,91.17,88,98,2026-03-05,98,Restaurant & Food Service,Pi Beta Phi Sorority
2802940,El Pollo Rico #1,9435 N Interstate 35,Austin,6,91.17,89,94,2025-09-18,94,Restaurant & Food Service,El Pollo Rico
10029465,Seton Healthcare- Dell Children's Center,4900 Mueller Blvd,Austin,6,91.17,81,98,2026-04-29,94,Restaurant & Food Service,Seton Healthcare- Dell Children's Center
11868806,Moonie's Burger House,12001 Burnet Rd,Austin,6,91.17,87,93,2026-02-20,92,Restaurant & Food Service,Moonie's Burger House
12393971,Phoebe's Diner,408 W 11th St Ste 100,Austin,6,91.17,88,92,2026-03-03,92,Restaurant & Food Service,Phoebe's Diner
12394814,2 N 1 Salad Bar And Grill,901 W Braker Ln,Austin,6,91.17,85,98,2026-05-20,88,Restaurant & Food Service,2 N 1 Salad Bar And Grill
10665503,WL - West Lake Market,96 Redbud Trl,West Lake Hills,7,91.14,71,98,2026-03-02,93,Restaurant & Food Service,WL - West Lake Market
12392665,Taco Familiar,5517 Cameron Rd,Austin,7,91.14,85,97,2026-03-12,90,Restaurant & Food Service,Taco Familiar
12394308,Favorite Pizza,801 W 6th St,Austin,7,91.14,86,95,2025-12-02,95,Restaurant & Food Service,Favorite Pizza
12395475,Nothing Bundt Cakes,10225 Research NB Blvd Unit 330,Austin,7,91.14,86,96,2025-11-03,93,Restaurant & Food Service,Nothing Bundt Cakes
2800628,Flamingo Cantina,515 E 6th St,Austin,3,91,85,97,2025-08-07,85,Restaurant & Food Service,Flamingo Cantina
2801050,Tinseltown USA Pflugerville,15436 FM 1825,Pflugerville,3,91,87,94,2025-08-19,92,Restaurant & Food Service,Tinseltown USA Pflugerville
2801246,Taco Cabana,15002 FM 1825,Pflugerville,5,91,82,99,2026-05-12,95,Restaurant & Food Service,Taco Cabana
2801813,Sarku Japan,2901 S Capital of Texas Hwy Unit Vc03,Austin,6,91,83,96,2026-03-25,96,Restaurant & Food Service,Sarku Japan
2801866,Amy's Ice Cream,1301 S Congress Ave,Austin,3,91,90,93,2026-04-20,90,Restaurant & Food Service,Amy's Ice Cream
2802421,Taco Deli,12001 Burnet Rd,Austin,4,91,86,94,2026-01-21,86,Restaurant & Food Service,Taco Deli
2802612,Galaxy Highland 10,6700 Middle Fiskville Rd,Austin,3,91,87,94,2026-02-12,92,Restaurant & Food Service,Galaxy Highland
2802789,Pizza Hut,1144 Airport Blvd,Austin,5,91,86,94,2026-01-28,86,Restaurant & Food Service,Pizza Hut
2803967,Southwest Parkway Market,4601 Southwest Pkwy Ste 110,Austin,3,91,87,93,2026-04-23,87,Restaurant & Food Service,Southwest Parkway Market
2803980,Lake Austin Chevron,2402 Lake Austin Blvd,Austin,3,91,90,92,2025-11-04,92,Convenience & Fuel,Lake Austin Chevron
10041113,7-Eleven Convenience Store,2600 Guadalupe St,Austin,6,91,79,100,2025-12-15,79,Convenience & Fuel,7-Eleven Convenience Store
10082195,Fresh Plus,408 E 43rd St,Austin,4,91,86,95,2025-11-05,93,Restaurant & Food Service,Fresh Plus
10322047,Teddy's,2200 Manor Rd,Austin,3,91,86,96,2026-05-19,91,Restaurant & Food Service,Teddy's
10365292,Westin Austin @ The Domain,11301 Domain Dr,Austin,4,91,81,98,2026-02-05,90,Restaurant & Food Service,Westin Austin @ The Domain
10366758,More Home Slice,1421 S Congress Ave,Austin,3,91,90,92,2025-09-09,92,Restaurant & Food Service,More Home Slice
10509641,"Grackle, The",1700 E 6th St,Austin,3,91,90,92,2026-02-04,92,Restaurant & Food Service,"Grackle, The"
10583318,Wingzup,1000 E 41st St Ste 210,Austin,5,91,86,96,2026-05-12,89,Restaurant & Food Service,Wingzup
10789482,Jack in the Box #845,1936 E Oltorf St,Austin,3,91,89,93,2025-05-12,93,Restaurant & Food Service,Jack in the Box
11151799,Michoacana Natural Ice Cream,9426 Parkfield Dr,Austin,3,91,87,95,2026-01-07,95,Restaurant & Food Service,Michoacana Natural Ice Cream
11174208,Grey Rock Golf Club,7401 SH 45 EB,Austin,5,91,87,96,2026-03-18,96,Restaurant & Food Service,Grey Rock Golf Club
11176042,Troy,8105 Mesa Dr Ste A,Austin,3,91,88,95,2025-07-15,90,Restaurant & Food Service,Troy
11202972,"Juiceland Shady Hollow, LLC",9901 Brodie Ln Ste 110,Austin,3,91,86,94,2025-09-29,86,Restaurant & Food Service,"Juiceland Shady Hollow, LLC"
11216974,Nono's Tacos,102 W Powell Ln Unit B,Austin,4,91,83,96,2026-03-03,95,Restaurant & Food Service,Nono's Tacos
11239485,Mary's Cafe,3209 Red River St,Austin,5,91,85,95,2026-01-29,94,Restaurant & Food Service,Mary's Cafe
11274927,JW Marriott Austin-Dean's Italian Steakhouse/Lobby Bar,110 E 2nd St,Austin,5,91,83,95,2026-04-16,93,Restaurant & Food Service,JW Marriott Austin-Dean's Italian Steakhouse
11369720,Juiceland Westgate,4526 West Gate Blvd Ste A,Austin,3,91,85,94,2026-02-03,85,Restaurant & Food Service,Juiceland Westgate
11402406,WL- Trinity Episcopal School of Austin,3901 Bee Caves Rd,West Lake Hills,6,91,84,99,2026-04-13,99,School & Childcare,WL- Trinity Episcopal School of Austin
11516522,Yard House #8366,11800 Domain Blvd Ste 100,Austin,3,91,86,97,2026-03-24,90,Restaurant & Food Service,Yard House
11575122,"Kolache Factory, INC",4101 W Parmer Ln Ste A,Austin,4,91,85,96,2026-01-13,94,Restaurant & Food Service,"Kolache Factory, INC"
11637629,Popeye's #322,111 W William Cannon Dr,Austin,3,91,90,92,2025-03-10,92,Restaurant & Food Service,Popeye's
11757980,TSO Chinese Delivery,3909 N Ih 35 Unit E-5,Austin,4,91,85,97,2025-06-17,85,Restaurant & Food Service,TSO Chinese Delivery
11848401,Papa John's #4857,1610 E Parmer Ln,Austin,6,91,86,95,2026-04-22,93,Restaurant & Food Service,Papa John's
11979518,7-Eleven Convenience Store # 35792B,1901 E William Cannon Dr,Austin,4,91,86,98,2025-09-29,89,Convenience & Fuel,7-Eleven Convenience Store # 35792B
12027063,Speedy Pick,2314 E 7th St,Austin,3,91,87,93,2026-04-22,87,Restaurant & Food Service,Speedy Pick
12128881,Frazier's,"2538 Elmont Dr., 78741",Austin,5,91,88,97,2025-11-21,90,Restaurant & Food Service,Frazier's
12182712,Perry's Steakhouse & Grille,11801 Domain Blvd Ste 100,Austin,3,91,90,92,2026-03-24,92,Restaurant & Food Service,Perry's Steakhouse & Grille
12186181,Cantina Holly,2500 E 6th St,Austin,3,91,87,95,2026-03-26,91,Restaurant & Food Service,Cantina Holly
12186189,Juiceland SHO,607 W 3rd St,Austin,3,91,89,94,2026-02-04,94,Restaurant & Food Service,Juiceland SHO
12186372,7-Eleven Convenience Store # 36599B,11613 FM 620 N,Austin,4,91,89,94,2025-12-03,89,Convenience & Fuel,7-Eleven Convenience Store # 36599B
12186430,Barton Brisk Corner,1525 Barton Springs Rd,Austin,3,91,88,95,2026-03-27,90,Restaurant & Food Service,Barton Brisk Corner
12392467,Courtyard Austin South,4533 S Ih 35,Austin,3,91,86,98,2026-03-03,89,Restaurant & Food Service,Courtyard Austin South
12392620,PF - Pflutto's Tavern,20205 FM 685 Unit 300,Pflugerville,3,91,87,95,2025-08-04,91,Restaurant & Food Service,PF - Pflutto's Tavern
12392878,P.Terry's Burger Stand #22,517 W Martin Luther King Jr Blvd,Austin,5,91,91,91,2025-12-01,91,Restaurant & Food Service,P.Terry's Burger Stand
12393203,Hotel Magdalena,1101 Music Ln,Austin,3,91,89,94,2026-04-16,90,Restaurant & Food Service,Hotel Magdalena
12393425,JDS Supermarket #8,8807 Cameron Rd Bldg 1,Austin,3,91,89,95,2026-04-21,89,Restaurant & Food Service,JDS Supermarket
12393998,Sonic Drive-In #3588,1805 E William Cannon Dr,Austin,4,91,90,92,2025-07-22,92,Restaurant & Food Service,Sonic Drive-In
12395260,H.E.B Corp #765,7901 W US 290 Hwy,Austin,3,91,89,92,2025-07-23,92,Restaurant & Food Service,H.E.B Corp
12395444,Alamo Drafthouse Cinemas,1120 S Lamar Blvd,Austin,4,91,86,99,2025-11-18,86,Restaurant & Food Service,Alamo Drafthouse Cinemas
12396301,Pasteleria Y Panaderia Tierra Caliente,11331 N Lamar Blvd Unit A,Austin,5,91,89,95,2026-01-12,91,Restaurant & Food Service,Pasteleria Y Panaderia Tierra Caliente
12396467,P. Terry's Burger Stand #21,8600 S IH 35,Austin,5,91,85,96,2026-03-30,87,Restaurant & Food Service,P. Terry's Burger Stand
12396481,Plaza Durango,10601 N Lamar Blvd,Austin,3,91,89,93,2025-07-18,91,Restaurant & Food Service,Plaza Durango
12396610,Lou's Barton Springs,1608 Barton Springs Rd,Austin,3,91,90,92,2026-03-19,92,Restaurant & Food Service,Lou's Barton Springs
12396822,PF - Freddy's Frozen Custard & Steakburgers,2602 W Pecan St,Pflugerville,5,91,84,94,2025-09-29,92,Restaurant & Food Service,PF - Freddy's Frozen Custard & Steakburgers
12397565,Pepe's Taco,1300 E Anderson Ln Apt 1004 Bldg D,Austin,3,91,83,98,2025-04-14,92,Restaurant & Food Service,Pepe's Taco
12397799,Montopolis Recreation Center (Kitchen),1200 Montopolis Dr,Austin,4,91,86,94,2026-04-02,94,Restaurant & Food Service,Montopolis Recreation Center (Kitchen)
12399159,7- Eleven Convenience Store #41642A,5107 Manor Rd Bldg 1,Austin,3,91,89,92,2026-03-13,92,Convenience & Fuel,7- Eleven Convenience Store #41642A
12399269,L&L Hawaiian Barbecue,3601 W William Cannon Dr Unit 300,Austin,3,91,90,93,2025-07-24,93,Restaurant & Food Service,L&L Hawaiian Barbecue
12399472,Juiceland SOC,8601 S Congress Ave Ste 205,Austin,5,91,85,94,2026-03-30,85,Restaurant & Food Service,Juiceland SOC
12400259,Yellow Ranger,5420 Airport Blvd,Austin,3,91,87,95,2025-12-05,91,Restaurant & Food Service,Yellow Ranger
11198007,El Tacorrido,9320 N Lamar Blvd,Austin,7,90.86,85,96,2025-09-25,90,Restaurant & Food Service,El Tacorrido
12392609,PF - Torchys Tacos,18817 Limestone Commercial Dr Ste 100,Pflugerville,7,90.86,83,95,2026-03-13,90,Restaurant & Food Service,PF - Torchys Tacos
12393499,Denny's Hutto,21030 N SH 130 Hwy,Hutto,7,90.86,87,95,2025-12-02,91,Restaurant & Food Service,Denny's Hutto
12396562,PF - G MART,1300 W Pflugerville Pkwy,Round Rock,7,90.86,83,97,2026-04-09,87,Restaurant & Food Service,PF - G MART
12397388,Howard's and Rosie's,1130 W 6th St,Austin,7,90.86,88,93,2026-02-18,88,Restaurant & Food Service,Howard's and Rosie's
10880915,Santorini Cafe,11800 N Lamar Blvd,Austin,6,90.83,85,96,2026-02-17,91,Restaurant & Food Service,Santorini Cafe
10926835,Jeffrey's Restaurant and Bar,1204 W Lynn St Bldg A,Austin,6,90.83,87,94,2025-12-09,94,Restaurant & Food Service,Jeffrey's Restaurant and Bar
12006282,Del Valle ISD Culinary,5201 Ross Rd,Del Valle,6,90.83,88,94,2026-03-23,88,School & Childcare,Del Valle ISD Culinary
12026226,ABIA - Taco Deli,3600 Presidential Blvd Ste 110,Austin,6,90.83,88,94,2025-06-27,94,Venue & Concessions,ABIA - Taco Deli
12397161,Cici's Pizza #58,9717 N Lamar Blvd,Austin,6,90.83,84,93,2026-03-23,92,Restaurant & Food Service,Cici's Pizza
2802134,Subway Sandwiches,6105 Techni Center Dr,Austin,5,90.8,87,98,2025-11-06,88,Restaurant & Food Service,Subway Sandwiches
10001726,Hamilton Market,18901 Hamilton Pool Rd,Dripping Springs,5,90.8,89,93,2026-01-22,93,Restaurant & Food Service,Hamilton Market
10745863,Hop Doddy Burger Bar,2438 W Anderson Ln,Austin,5,90.8,86,95,2026-03-04,86,Restaurant & Food Service,Hop Doddy Burger Bar
11008920,Phil's Ice House,13265 N US 183 Hwy NB Service Rd Unit P,Austin,5,90.8,84,98,2026-02-25,89,Restaurant & Food Service,Phil's Ice House
11348497,7-Eleven Convenience Store # 35473A,1624 E Howard Ln,Austin,5,90.8,86,93,2026-04-27,93,Convenience & Fuel,7-Eleven Convenience Store # 35473A
11789420,7 - Eleven Convenience Store #25157B,2620 Lake Austin Blvd,Austin,5,90.8,86,94,2025-11-13,94,Convenience & Fuel,7 - Eleven Convenience Store #25157B
12395323,7-Eleven Convenience Store #38413A,2020 E 7th St,Austin,5,90.8,84,97,2026-02-23,97,Convenience & Fuel,7-Eleven Convenience Store #38413A
12397382,Modern Market #4002,9828 Great Hills Trl Ste 110,Austin,5,90.8,82,94,2026-04-15,94,Restaurant & Food Service,Modern Market
12397783,Panera Bread #6321,4625 W William Cannon Dr,Austin,5,90.8,86,98,2026-05-04,88,Restaurant & Food Service,Panera Bread
2800878,Travis County DWI Treatment,3404 S FM 973 Rd,Austin,4,90.75,85,95,2025-11-26,91,Restaurant & Food Service,Travis County DWI Treatment
10030534,Willie's Burgers and BBQ,21018 W SH 71 Unit 200,Spicewood,4,90.75,88,92,2026-03-04,88,Restaurant & Food Service,Willie's Burgers and BBQ
10334534,Dragon Express,14300 FM 969 Rd Unit C,Austin,4,90.75,89,93,2026-04-15,89,Restaurant & Food Service,Dragon Express
11084309,Omni Barton Crk Resort & Spa-Country Club Kitchen,8212 Barton Club Dr,Austin,4,90.75,90,92,2026-01-28,92,Restaurant & Food Service,Omni Barton Crk Resort & Spa-Country Club Kitchen
11738497,Man Pasand Supermarket,13945 N US 183 Hwy NB Service Rd Unit 89,Austin,4,90.75,85,96,2026-04-09,91,Restaurant & Food Service,Man Pasand Supermarket
12062528,Tony's Jamaican Food,2700 W Pecan St,Pflugerville,4,90.75,88,92,2026-01-02,92,Restaurant & Food Service,Tony's Jamaican Food
12185703,Numart,11913 Rancho Alto Rd,Austin,4,90.75,87,94,2025-05-22,91,Restaurant & Food Service,Numart
12185911,Courtyard by Marriott Austin Airport,7809 E Ben White Blvd,Austin,8,90.75,87,95,2026-03-12,87,Restaurant & Food Service,Courtyard by Marriott Austin Airport
12186516,DeSano Pizzeria Napoletana,301 Lavaca St,Austin,4,90.75,80,97,2026-02-04,97,Restaurant & Food Service,DeSano Pizzeria Napoletana
12392933,La Montana,707 E Braker Ln Ste 205,Austin,4,90.75,89,92,2025-03-19,92,Restaurant & Food Service,La Montana
12393371,Two Hands,1011 S Congress Ave Ste 170,Austin,4,90.75,88,94,2026-03-04,88,Restaurant & Food Service,Two Hands
12398297,Lovebirds,2337 E Cesar Chavez St,Austin,4,90.75,85,97,2026-05-13,85,Restaurant & Food Service,Lovebirds
12398636,Driskill Hotel - Lobby Bar,604 Brazos St,Austin,4,90.75,83,99,2025-06-30,99,Restaurant & Food Service,Driskill Hotel - Lobby Bar
12398637,BC - Via 313 Pizzeria,3944 S FM 620 Rd Bldg 4 Ste 100,Austin,4,90.75,84,94,2025-11-21,94,Restaurant & Food Service,BC - Via 313 Pizzeria
12396193,LW - Crown Donut,325 S FM 620 Rd Ste 102,Lakeway,7,90.71,86,96,2026-04-30,96,Restaurant & Food Service,LW - Crown Donut
2800866,Slick Willie's Family Pool Hall,8440 Burnet Rd,Austin,3,90.67,89,93,2026-04-07,90,Restaurant & Food Service,Slick Willie's Family Pool Hall
2802210,Taco More,1325 Rutland Dr,Austin,3,90.67,85,94,2026-02-24,93,Restaurant & Food Service,Taco More
2802867,IHOP,11654 Research SB Blvd,Austin,3,90.67,85,95,2026-02-02,95,Restaurant & Food Service,IHOP
2804008,Ben White Gas & Beverage,2250 E Ben White Blvd,Austin,3,90.67,85,97,2026-02-09,90,Restaurant & Food Service,Ben White Gas & Beverage
2804059,All Star Grocery #3,4600 Teri Rd,Austin,3,90.67,88,96,2025-08-12,96,Grocery,All Star Grocery
10082163,HEB #031,12860 N US 183 Hwy SB Service Rd,Austin,3,90.67,88,93,2026-04-20,88,Grocery,HEB
10088343,Snack Max,5630 N Lamar Blvd,Austin,3,90.67,88,95,2026-03-18,88,Restaurant & Food Service,Snack Max
10090419,Pond Springs Food Mart,13436 Pond Springs Rd,Austin,3,90.67,85,95,2025-06-18,92,Convenience & Fuel,Pond Springs Food Mart
10159030,Dirty Bill's,511 Rio Grande St,Austin,3,90.67,86,97,2026-01-13,89,Restaurant & Food Service,Dirty Bill's
10234232,RZN Enterprises Inc.,1700 W Anderson Ln,Austin,3,90.67,88,95,2025-12-19,88,Restaurant & Food Service,RZN Enterprises Inc.
10250557,Bodega on Rio,2101 Rio Grande St,Austin,3,90.67,88,95,2026-02-03,95,Restaurant & Food Service,Bodega on Rio
10280424,Aloft Hotel Austin Domain,11601 Domain Dr,Austin,3,90.67,88,94,2025-06-27,90,Restaurant & Food Service,Aloft Hotel Austin Domain
10427418,Top Notch,7525 Burnet Rd,Austin,3,90.67,88,94,2026-05-12,88,Restaurant & Food Service,Top Notch
10473655,Sam's Mini Mart,5210 Manor Rd,Austin,3,90.67,88,92,2025-12-19,88,Restaurant & Food Service,Sam's Mini Mart
10552814,Violet Crown Social Club,1111 E 6th St,Austin,3,90.67,87,96,2026-04-16,87,Restaurant & Food Service,Violet Crown Social Club
10752973,SV - Longhorn Steakhouse #5423,4809 W US 290 EB Hwy,Sunset Valley,3,90.67,85,97,2025-02-11,97,Restaurant & Food Service,SV - Longhorn Steakhouse
10885084,Mosaic Market,4600 Mueller Blvd Apt 1031,Austin,3,90.67,88,95,2026-04-30,95,Restaurant & Food Service,Mosaic Market
11000327,Einstein Bros. Bagels #3606,6611 S Mopac NB Expy Unit 700,Austin,3,90.67,90,92,2026-04-10,90,Restaurant & Food Service,Einstein Bros. Bagels
11049507,East Side King,2310 S Lamar Blvd Ste 101,Austin,3,90.67,88,94,2025-06-03,88,Restaurant & Food Service,East Side King
11439863,P. Terry's Burger Stand,1800 E Oltorf St,Austin,3,90.67,86,96,2026-03-24,96,Restaurant & Food Service,P. Terry's Burger Stand
11459860,7-Eleven Convenience Store # 36612A,6707 Cameron Rd,Austin,3,90.67,90,92,2025-09-16,92,Convenience & Fuel,7-Eleven Convenience Store # 36612A
11517872,St. Elmo Brewing Co.,440 E Saint Elmo Rd Ste G-2,Austin,3,90.67,86,94,2025-06-26,86,Restaurant & Food Service,St. Elmo Brewing Co.
11564790,Red Ash Restaurant,303 Colorado St,Austin,3,90.67,89,94,2025-06-27,89,Restaurant & Food Service,Red Ash Restaurant
11606757,Whichcraft,1900 Simond Ave Ste 200,Austin,3,90.67,85,95,2026-03-25,95,Restaurant & Food Service,Whichcraft
11660217,Express Food Mart,8201 Cross Park Dr,Austin,3,90.67,88,93,2026-02-23,88,Convenience & Fuel,Express Food Mart
11673327,El Dorado Cafe,3300 W Anderson Ln Ste 303,Austin,3,90.67,87,93,2025-06-03,92,Restaurant & Food Service,El Dorado Cafe
11684219,Taqueria Villanueva,9405 N Interstate 35,Austin,6,90.67,90,91,2025-12-09,90,Restaurant & Food Service,Taqueria Villanueva
11760313,Batch Craft Beer & Kolaches,3220 Manor Rd,Austin,3,90.67,87,93,2026-01-12,87,Restaurant & Food Service,Batch Craft Beer & Kolaches
11789658,Kentucky Fried Chicken,14824 N IH 35 Service Rd SB,Austin,3,90.67,88,95,2025-11-12,89,Restaurant & Food Service,Kentucky Fried Chicken
11843281,Church's Chicken Store No. 765,8545 Research NB Blvd,Austin,3,90.67,88,94,2026-02-18,94,Restaurant & Food Service,Church's Chicken Store
11936329,Snow Ball Rice Ball,6929 Airport Blvd Ste 135,Austin,3,90.67,80,96,2026-02-02,96,Restaurant & Food Service,Snow Ball Rice Ball
12004752,Society of St. Vincent de Paul Diocesan of Council of Austin,901 W Braker Ln,Austin,3,90.67,89,93,2025-07-02,89,Restaurant & Food Service,Society of St. Vincent de Paul Diocesan of Council of Austin
12099720,Gracy Food Mart,12001 Burnet Rd Ste I,Austin,3,90.67,89,92,2026-01-20,92,Convenience & Fuel,Gracy Food Mart
12111280,7-Eleven Convenience Store #36604B,6518 Ed Bluestein Blvd,Austin,6,90.67,82,97,2026-01-08,88,Convenience & Fuel,7-Eleven Convenience Store #36604B
12185882,Merit Coffee,4615 N Lamar Blvd Unit 303A,Austin,3,90.67,89,93,2025-08-22,89,Restaurant & Food Service,Merit Coffee
12185963,Kwik Star,3839 Airport Blvd,Austin,3,90.67,88,96,2026-03-19,88,Restaurant & Food Service,Kwik Star
12186164,Subway #51421,10900 Lakeline Mall Dr Ste 500,Austin,3,90.67,85,94,2026-03-09,93,Restaurant & Food Service,Subway
12186186,Krispy Kreme,12586 Research SB Blvd,Austin,3,90.67,87,94,2026-04-06,91,Restaurant & Food Service,Krispy Kreme
12392338,Bishop Cider Austin,600 E Riverside Dr,Austin,3,90.67,84,96,2026-04-27,84,Restaurant & Food Service,Bishop Cider Austin
12393277,Yapa Artisan Empanadas,213 Dunlap St,Austin,3,90.67,90,91,2025-07-30,91,Restaurant & Food Service,Yapa Artisan Empanadas
12393484,C-Mart # 2,7811 S 1st St Ste 100,Austin,3,90.67,89,92,2026-05-15,92,Restaurant & Food Service,C-Mart
12395577,Tru by Hilton Austin Arboretum,11603 Jollyville Rd,Austin,3,90.67,87,94,2026-03-31,91,Restaurant & Food Service,Tru by Hilton Austin Arboretum
12396609,In Plain Sight,612 Brazos St,Austin,3,90.67,90,92,2025-03-14,90,Restaurant & Food Service,In Plain Sight
12397051,La Quinta Inn,1603 E Oltorf St,Austin,3,90.67,82,97,2026-03-24,82,Restaurant & Food Service,La Quinta Inn
12397673,PF - Heatherwilde Donuts LLC,18900 N Heatherwilde Blvd,Pflugerville,3,90.67,87,94,2026-03-03,87,Restaurant & Food Service,PF - Heatherwilde Donuts LLC
12399363,Austin Community College,3401 Webberville Rd,Austin,3,90.67,81,96,2026-02-04,95,School & Childcare,Austin Community College
12400095,WL - Austin's Pizza,3638 Bee Caves Rd,West Lake Hills,3,90.67,89,93,2026-01-29,93,Restaurant & Food Service,WL - Austin's Pizza
12401626,ATX Donut,2113 W Wells Branch,Austin,3,90.67,89,93,2026-01-08,90,Restaurant & Food Service,ATX Donut
2801889,Bill Miller BBQ,8700 E US 290 Hwy WB Service Rd,Austin,8,90.62,85,94,2026-04-07,91,Restaurant & Food Service,Bill Miller BBQ
12089949,MN - Taqueria La Parrillita,10400 E US 290 WB Hwy,Manor,5,90.6,86,94,2025-07-16,86,Restaurant & Food Service,MN - Taqueria La Parrillita
12392883,Zanzibar Marriott Hotel Austin,304 E Cesar Chavez St,Austin,5,90.6,85,100,2026-05-04,90,Restaurant & Food Service,Zanzibar Marriott Hotel Austin
12392884,Kwik Stop,11331 N Lamar Blvd Unit A,Austin,5,90.6,86,96,2026-01-12,86,Restaurant & Food Service,Kwik Stop
2801301,Hilltop Bar & Grill,22308 W SH 71,Spicewood,4,90.5,88,93,2025-12-26,89,Restaurant & Food Service,Hilltop Bar & Grill
10642459,LW - Brookdale Assisted Living Facility,1915 Lohmans Crossing Rd,Lakeway,4,90.5,84,95,2025-08-28,95,Healthcare,LW - Brookdale Assisted Living Facility
10651320,El Pollo Rico,9717 N Lamar Blvd Unit 7,Austin,8,90.5,85,97,2026-04-15,85,Restaurant & Food Service,El Pollo Rico
11026344,Cabo Bob's Burritos,2828 Rio Grande St,Austin,4,90.5,84,96,2025-08-01,90,Restaurant & Food Service,Cabo Bob's Burritos
11262665,Launderette,2115 Holly St,Austin,4,90.5,85,96,2025-07-11,85,Restaurant & Food Service,Launderette
11789682,Kentucky Fried Chicken,801 E William Cannon Dr,Austin,4,90.5,88,95,2025-11-04,95,Restaurant & Food Service,Kentucky Fried Chicken
11816968,Doc B's Fresh Kitchen - Domain Austin,3001 Palm Way Ste 120,Austin,4,90.5,86,93,2026-05-21,92,Restaurant & Food Service,Doc B's Fresh Kitchen - Domain Austin
12109787,El Pollo Rico # 11,609 W Slaughter Ln,Austin,4,90.5,90,91,2025-07-16,90,Restaurant & Food Service,El Pollo Rico
12393270,SoCo Village Assisted Living & Memory Care,3700 Payload Pass,Austin,4,90.5,85,95,2026-03-19,91,Healthcare,SoCo Village Assisted Living & Memory Care
12394640,Birdie's,2944 E 12th St,Austin,4,90.5,86,94,2025-07-18,92,Restaurant & Food Service,Birdie's
12394874,Subway #13723,3710 Crawford St,Austin,4,90.5,86,95,2025-07-08,86,Restaurant & Food Service,Subway
12396604,Dumpling King,10901 N Lamar Blvd Unit 203,Austin,6,90.5,82,94,2025-06-27,93,Restaurant & Food Service,Dumpling King
12398083,H.E.B. Austin # 32 - Lake Austin Corp #738,2652 Lake Austin Blvd,Austin,6,90.5,85,97,2026-04-14,97,Restaurant & Food Service,H.E.B. Austin # 32 - Lake Austin Corp
12398660,Subway,6001 W Parmer Ln,Austin,4,90.5,85,93,2026-01-27,93,Restaurant & Food Service,Subway
12399667,LW - Hat Creek Burger Company,1602 S FM 620 Rd,Lakeway,4,90.5,82,95,2026-05-21,93,Restaurant & Food Service,LW - Hat Creek Burger Company
12400804,Yummy Tacos,100 W FM 1626,Austin,4,90.5,86,93,2026-03-16,86,Restaurant & Food Service,Yummy Tacos
12401315,Freebirds World Burrito #20608,1100 Center Ridge Dr Bldg 3,Austin,4,90.5,87,96,2026-02-26,91,Restaurant & Food Service,Freebirds World Burrito
10564903,J.D's Market #4,11720 FM 1826,Austin,7,90.43,87,93,2026-04-28,87,Restaurant & Food Service,J.D's Market
11712723,Hilton Garden Inn Austin Airport,7610 John Glenn Way,Austin,7,90.43,84,94,2026-02-23,93,Restaurant & Food Service,Hilton Garden Inn Austin Airport
2801812,Foodheads,616 W 34th St,Austin,5,90.4,78,96,2026-01-13,92,Restaurant & Food Service,Foodheads
10008167,Westwood Country Club - Tennis Grill,3808 W 35th St,Austin,5,90.4,88,95,2026-01-15,95,Restaurant & Food Service,Westwood Country Club - Tennis Grill
10519741,Orange Market,910 W 25th St,Austin,5,90.4,80,94,2026-04-13,93,Restaurant & Food Service,Orange Market
11274900,J W Marriott Austin - Banquets,110 E 2nd St,Austin,5,90.4,82,97,2026-04-07,97,Restaurant & Food Service,J W Marriott Austin - Banquets
11733779,Aloft DT Austin - Carolines Upstairs,109 E 7th St,Austin,5,90.4,85,95,2026-04-09,95,Restaurant & Food Service,Aloft DT Austin - Carolines Upstairs
11864802,ABIA - Hut's Hamburgers,3600 Presidential Blvd Ste 110,Austin,5,90.4,88,93,2025-08-28,92,Venue & Concessions,ABIA - Hut's Hamburgers
12186457,ABIA - AUS 24 Diner,3600 Presidential Blvd Unit 3770,Austin,5,90.4,87,93,2025-06-05,89,Venue & Concessions,ABIA - AUS 24 Diner
12394174,"Hive, The",10542 Menchaca Rd,Austin,5,90.4,85,93,2026-02-05,90,Restaurant & Food Service,"Hive, The"
12395598,PF - 7 Eleven Convenience Store #35624B,1717 E Pflugerville Pkwy,Pflugerville,5,90.4,87,94,2026-05-21,87,Convenience & Fuel,PF - 7 Eleven Convenience Store #35624B
12398435,Bill's Oyster,205 W 3rd St,Austin,5,90.4,84,97,2026-04-09,87,Restaurant & Food Service,Bill's Oyster
2800416,Amy's Ice Cream,10000 Research SB Blvd,Austin,3,90.33,84,95,2025-07-17,84,Restaurant & Food Service,Amy's Ice Cream
2800466,El Mercado North,7414 Burnet Rd,Austin,3,90.33,88,92,2026-05-05,92,Restaurant & Food Service,El Mercado North
2800946,Taco Cabana #128,12525 N Mopac NB Expy,Austin,6,90.33,84,94,2026-04-24,93,Restaurant & Food Service,Taco Cabana
2801485,Subway,6425 S Ih 35,Austin,3,90.33,86,96,2025-07-07,89,Restaurant & Food Service,Subway
10001582,"Summit at Westlake Hills, The",1034 Liberty Park Dr,Austin,3,90.33,88,92,2026-04-14,92,Restaurant & Food Service,"Summit at Westlake Hills, The"
10167629,Dollar General #10959,6010 E Riverside Dr,Austin,3,90.33,90,91,2025-11-21,91,Convenience & Fuel,Dollar General
10451981,S-H Donuts,5313 Manor Rd,Austin,3,90.33,87,94,2025-12-02,90,Restaurant & Food Service,S-H Donuts
10609544,La Casita Mexican Restaurant,1519 W Anderson Ln,Austin,3,90.33,90,91,2025-12-31,90,Restaurant & Food Service,La Casita Mexican Restaurant
10752569,MN - 10555 Manor,11016 E US 290 WB Hwy,Manor,3,90.33,85,100,2025-08-28,85,Restaurant & Food Service,MN - 10555 Manor
10964142,JD's Supermarket - Bakery/Deli,9111 FM 812 Bldg B,Austin,3,90.33,88,93,2026-04-09,88,Restaurant & Food Service,JD's Supermarket - Bakery
11046085,Southwest Theaters Lake Creek 7,13729 N US 183 NB Hwy Unit 1500,Austin,3,90.33,86,97,2026-01-20,88,Restaurant & Food Service,Southwest Theaters Lake Creek
11348526,7-Eleven Convenience Store #36265A,11587 Jollyville Rd,Austin,3,90.33,84,98,2026-02-02,98,Convenience & Fuel,7-Eleven Convenience Store #36265A
11583664,Nordstrom Ebar,3111 Palm Way,Austin,3,90.33,85,95,2026-04-28,95,Restaurant & Food Service,Nordstrom Ebar
11863576,"Cavalier, The",2400 Webberville Rd Ste A,Austin,3,90.33,88,95,2025-08-18,88,Restaurant & Food Service,"Cavalier, The"
12186099,Domino's,1900 Guadalupe St,Austin,3,90.33,87,92,2025-09-08,92,Restaurant & Food Service,Domino's
12186114,Silver Medal,7100 E US 290 Hwy WB Service Rd,Austin,6,90.33,85,97,2026-04-15,97,Restaurant & Food Service,Silver Medal
12396807,Foodie's Corner 6,2150 E 7th St,Austin,3,90.33,83,97,2026-03-19,83,Restaurant & Food Service,Foodie's Corner
12397110,WL - 7-Eleven Convenience Store #36577B,3625 Bee Caves Rd,West Lake Hills,3,90.33,80,97,2026-01-29,97,Convenience & Fuel,WL - 7-Eleven Convenience Store #36577B
12397572,Tweedy's,2908 Fruth St,Austin,3,90.33,86,96,2026-04-13,86,Restaurant & Food Service,Tweedy's
12397791,Blue In Green,1020 Grove Blvd,Austin,3,90.33,87,96,2025-07-28,96,Restaurant & Food Service,Blue In Green
12399649,Hat Creek Burger Company,5400 Burnet Rd,Austin,3,90.33,87,94,2026-05-07,90,Restaurant & Food Service,Hat Creek Burger Company
12400183,Donkey Mo's Korean Fried Chicken,5312 Airport Blvd Ste D,Austin,6,90.33,84,97,2026-05-04,97,Restaurant & Food Service,Donkey Mo's Korean Fried Chicken
12401040,Cabo Bobs Burritos,11215 S IH 35 Service Rd NB,Austin,3,90.33,87,95,2026-04-03,89,Restaurant & Food Service,Cabo Bobs Burritos
12401145,Royale Room,501 Brazos St,Austin,3,90.33,86,95,2026-01-16,90,Restaurant & Food Service,Royale Room
12392463,PF - IHOP #3415,18709 Limestone Commercial Dr,Pflugerville,7,90.29,88,93,2026-03-02,90,Restaurant & Food Service,PF - IHOP
2802445,Bill Miller's Bar-B-Q,136 W Slaughter Ln,Austin,4,90.25,87,93,2026-04-16,87,Restaurant & Food Service,Bill Miller's Bar-B-Q
10793996,"Hideout Theatre, The",617 Congress Ave,Austin,4,90.25,84,93,2026-02-03,92,Restaurant & Food Service,"Hideout Theatre, The"
11580529,New Twin Creek Grocery,16419 FM 969,Manor,4,90.25,81,98,2025-12-01,98,Grocery,New Twin Creek Grocery
12183571,Omni Barton Creek Resort & Spa - Crenshaws,8212 Barton Club Dr,Austin,4,90.25,86,95,2026-01-21,95,Restaurant & Food Service,Omni Barton Creek Resort & Spa - Crenshaws
12185815,Feng Cha,2525 W Anderson Ln Unit 285,Austin,4,90.25,85,94,2025-12-31,85,Restaurant & Food Service,Feng Cha
12394027,Blue Sushi Sake Grill,11410 Century Oaks Ter Ste 144,Austin,4,90.25,87,92,2026-01-09,87,Restaurant & Food Service,Blue Sushi Sake Grill
12395452,Residence Inn by Marriott,11301 Burnet Rd,Austin,4,90.25,86,93,2026-02-03,93,Restaurant & Food Service,Residence Inn by Marriott
12398603,Fire Bowl Cafe,9828 Great Hills Trl Ste 100,Austin,4,90.25,85,96,2026-04-15,96,Restaurant & Food Service,Fire Bowl Cafe
12398772,Urban Alchemy,500 E 7th St,Austin,4,90.25,87,96,2025-02-24,96,Restaurant & Food Service,Urban Alchemy
12400731,Jewboy Burgers,5111 Airport Blvd,Austin,4,90.25,88,92,2026-04-16,92,Restaurant & Food Service,Jewboy Burgers
2800765,Thundercloud Subs,2500 W Parmer Ln,Austin,5,90.2,85,94,2026-03-09,88,Restaurant & Food Service,Thundercloud Subs
2801177,St David's Medical Center Cafe,919 E 32nd St,Austin,5,90.2,85,97,2026-01-22,89,Healthcare,St David's Medical Center Cafe
2801449,Dave and Busters,9333 Research NB Blvd,Austin,5,90.2,82,98,2026-01-22,91,Restaurant & Food Service,Dave and Busters
10002745,WL - Texas Honey Ham,3736 Bee Caves Rd Ste 6A,West Lake Hills,5,90.2,85,93,2026-03-20,93,Restaurant & Food Service,WL - Texas Honey Ham
10861871,Dunkin Donuts,12200 Research SB Blvd Unit 100,Austin,5,90.2,88,94,2026-04-22,90,Restaurant & Food Service,Dunkin Donuts
11433458,Circle K # 2741570,11206 S IH 35 Service Rd SB,Austin,5,90.2,86,94,2026-04-27,94,Convenience & Fuel,Circle K
11588014,Hop Doddy Burger Bar,4615 N Lamar Blvd Ste 307,Austin,5,90.2,86,93,2025-12-23,92,Restaurant & Food Service,Hop Doddy Burger Bar
12185938,Snooze,1109 E 5th St,Austin,5,90.2,85,95,2026-01-13,85,Restaurant & Food Service,Snooze
12393753,Sonic Drive-In #3992,11881 Jollyville Rd,Austin,5,90.2,89,92,2026-04-29,89,Restaurant & Food Service,Sonic Drive-In
12395498,La Piscina,600 W 2nd St,Austin,5,90.2,87,94,2026-04-01,94,Restaurant & Food Service,La Piscina
12396840,Chi'lantro - Brodie,9911 Brodie Ln,Austin,5,90.2,88,91,2026-01-08,91,Restaurant & Food Service,Chi'lantro - Brodie
12396996,Quick Time,1701 Grand Avenue Pkwy Ste A,Pflugerville,5,90.2,86,98,2026-01-07,89,Restaurant & Food Service,Quick Time
10001611,Taqueria La Escondida #2,10900 W US 290 Hwy,Austin,6,90.17,81,94,2026-01-21,94,Restaurant & Food Service,Taqueria La Escondida
11953622,Ramen Tatsu-Ya comal,1600 E 6th St,Austin,6,90.17,82,94,2026-02-19,87,Restaurant & Food Service,Ramen Tatsu-Ya comal
12394885,PF - Heritage Lakes Assisted Living & Memory Care,19005 Pleasant Bay Dr,Pflugerville,6,90.17,81,99,2025-12-02,92,Healthcare,PF - Heritage Lakes Assisted Living & Memory Care
12396966,Local Foods,454 W 2nd St,Austin,6,90.17,80,94,2026-02-09,94,Restaurant & Food Service,Local Foods
11023674,Javi's Best of Tex-Mex,7709 E Ben White Blvd,Austin,7,90.14,86,100,2026-03-30,86,Restaurant & Food Service,Javi's Best of Tex-Mex
2800194,Westwood Country Club,3808 W 35th St,Austin,5,90,83,95,2026-02-03,88,Restaurant & Food Service,Westwood Country Club
2800955,Raggedy Anne's,2113 W Wells Branch,Austin,3,90,86,93,2025-12-05,86,Restaurant & Food Service,Raggedy Anne's
2801286,Vasquez Tacos,915 E Braker Ln,Austin,4,90,83,94,2026-04-15,83,Restaurant & Food Service,Vasquez Tacos
2801292,Cipollina,1213 W Lynn St,Austin,8,90,87,93,2025-12-09,90,Restaurant & Food Service,Cipollina
2801910,Playland Skating Center,8822 McCann Dr,Austin,3,90,88,92,2026-02-24,88,Restaurant & Food Service,Playland Skating Center
2802215,Saltgrass Steak House,10614 Research SB Blvd,Austin,3,90,88,92,2026-04-13,90,Restaurant & Food Service,Saltgrass Steak House
2802720,Pizza Hut,6307 Cameron Rd,Austin,5,90,86,95,2026-01-08,86,Restaurant & Food Service,Pizza Hut
2803009,International House of Pancakes,707 E Cesar Chavez St,Austin,3,90,83,94,2025-06-17,93,Restaurant & Food Service,International House of Pancakes
2803809,Mi Tiendita,1725 Ohlen Rd,Austin,3,90,86,93,2026-04-28,93,Restaurant & Food Service,Mi Tiendita
2804068,7 Days Food Store,1025 W Stassney Ln,Austin,3,90,87,93,2025-09-29,87,Restaurant & Food Service,7 Days Food Store
10003368,2nd Street Market,200 San Jacinto Blvd,Austin,3,90,87,92,2025-05-13,87,Restaurant & Food Service,2nd Street Market
10006930,34th Street Catering,1009 W 34th St,Austin,4,90,84,96,2026-04-07,88,Institutional & Catering,34th Street Catering
10184483,Turner-Roberts Recreation Center,7201 Colony Loop Dr,Austin,3,90,78,99,2025-12-22,93,Restaurant & Food Service,Turner-Roberts Recreation Center
10192211,Shangri-La,1016 E 6th St,Austin,3,90,84,96,2026-03-27,84,Restaurant & Food Service,Shangri-La
10210553,Tierra Linda Taqueria,8540 Research SB Blvd Unit 3,Austin,3,90,86,93,2026-02-24,93,Restaurant & Food Service,Tierra Linda Taqueria
10218837,Milano Cafe,4601 Southwest Pkwy,Austin,4,90,82,98,2026-04-23,91,Restaurant & Food Service,Milano Cafe
10239712,Tortilleria Rio Grande,900 E Braker Ln Ste 160,Austin,6,90,86,92,2026-01-06,92,Restaurant & Food Service,Tortilleria Rio Grande
10382525,Torchy's Tacos,4211 Spicewood Springs Rd,Austin,6,90,86,94,2026-05-19,94,Restaurant & Food Service,Torchy's Tacos
10604229,Spanish Oaks Golf Club,13001 Spanish Oaks Club Dr,Bee Cave,4,90,83,94,2025-12-22,83,Restaurant & Food Service,Spanish Oaks Golf Club
10737270,It's All Good Bar B Q,22112 W SH 71,Spicewood,4,90,87,93,2026-03-19,93,Restaurant & Food Service,It's All Good Bar B Q
10758443,Tarka Indian Kitchen,2525 W Anderson Ln Bldg 1,Austin,6,90,82,100,2026-03-02,88,Restaurant & Food Service,Tarka Indian Kitchen
10874261,7-Eleven 36559H,3636 FM 620 N,Austin,4,90,81,97,2025-12-19,89,Convenience & Fuel,7-Eleven 36559H
10933758,Donn's BBQ,2617 S Ih 35,Austin,5,90,88,94,2026-03-19,88,Restaurant & Food Service,Donn's BBQ
11394808,Dollar General Store # 16194,4800 Ross Rd,Del Valle,3,90,86,95,2026-04-07,95,Convenience & Fuel,Dollar General Store
11398806,Buffalo Wild Wings #621,13000 N IH 35 Service Rd SB,Austin,3,90,87,92,2026-01-08,91,Restaurant & Food Service,Buffalo Wild Wings
11789720,Kentucky Fried Chicken,7206 Ed Bluestein SB Blvd,Austin,7,90,83,96,2026-03-11,96,Restaurant & Food Service,Kentucky Fried Chicken
12074274,"Parmer Woods at North Austin, Assisted Living & Memory Care",12429 Scofield Farms Dr,Austin,4,90,86,93,2025-12-02,93,Healthcare,"Parmer Woods at North Austin, Assisted Living & Memory Care"
12153551,Hotel San Jose,1316 S Congress Ave,Austin,3,90,89,91,2026-04-13,91,Restaurant & Food Service,Hotel San Jose
12185583,Nixta Taqueria,2512 E 12th St Bldg B,Austin,4,90,88,94,2025-08-12,94,Restaurant & Food Service,Nixta Taqueria
12186010,Springhill Suites Austin North,12520 N IH 35 SB Service Rd,Austin,4,90,84,98,2026-03-25,84,Restaurant & Food Service,Springhill Suites Austin North
12186519,Honest Mary's,4800 Burnet Rd Ste 300,Austin,7,90,83,95,2026-03-05,87,Restaurant & Food Service,Honest Mary's
12186639,Nissi Vegmex,9012 Research SB Blvd C-6,Austin,5,90,73,97,2026-04-21,97,Restaurant & Food Service,Nissi Vegmex
12392444,Miranda's Cafe,301 Congress Ave Ste 105,Austin,4,90,89,91,2025-08-05,91,Restaurant & Food Service,Miranda's Cafe
12393048,Sonic Drive - In #1570,9916 Brodie Ln,Austin,5,90,87,93,2026-01-28,90,Restaurant & Food Service,Sonic Drive - In
12393597,Cava,515 Congress Ave Ste 140,Austin,5,90,86,94,2026-01-20,94,Restaurant & Food Service,Cava
12393745,Sonic Drive - In #3587,155 W Slaughter Ln,Austin,4,90,87,94,2025-07-02,89,Restaurant & Food Service,Sonic Drive - In
12393746,Sonic Drive - In #1531,6208 Cameron Rd,Austin,7,90,84,96,2026-02-13,94,Restaurant & Food Service,Sonic Drive - In
12394547,"Creek and The Cave, The",611 E 7th St,Austin,3,90,84,98,2025-06-05,88,Restaurant & Food Service,"Creek and The Cave, The"
12394969,Refuel 310,6294 McNeil Dr,Austin,3,90,81,96,2026-02-09,96,Restaurant & Food Service,Refuel
12394974,Michi Ramen - Asia Market,8650 Spicewood Springs Rd Ste 115,Austin,3,90,86,94,2025-04-30,86,Restaurant & Food Service,Michi Ramen - Asia Market
12395671,Grimaldi's Pizzeria,11700 Domain Blvd Ste 148,Austin,4,90,80,94,2026-02-12,92,Restaurant & Food Service,Grimaldi's Pizzeria
12396507,BC - Runaway Luna Lifestyle,13420 Galleria Cir # A-110,Bee Cave,3,90,88,93,2026-03-16,88,Restaurant & Food Service,BC - Runaway Luna Lifestyle
12396904,Chi'Lantro - 620,12129 FM 620 N,Austin,3,90,85,94,2025-12-08,85,Restaurant & Food Service,Chi'Lantro -
12397951,Tropical Smoothie Cafe,9600 Escarpment Blvd Unit H900,Austin,3,90,88,91,2026-04-02,88,Restaurant & Food Service,Tropical Smoothie Cafe
12398437,Courtyard Bistro,5660 N Interstate 35,Austin,6,90,83,95,2026-03-31,89,Restaurant & Food Service,Courtyard Bistro
12398692,Jimmy John's,515 Congress Ave Ste 120,Austin,4,90,87,93,2026-02-03,93,Restaurant & Food Service,Jimmy John's
12401236,Taqueria Los Altos,6700 Middle Fiskville Rd Ste 404,Austin,3,90,87,92,2026-05-05,91,Restaurant & Food Service,Taqueria Los Altos
11814339,Kome Sushi Kitchen,5301 Airport Blvd Unit 100,Austin,7,89.86,75,97,2026-05-04,97,Restaurant & Food Service,Kome Sushi Kitchen
12393646,290 Express,9520 Highway 290 W Unit A,Austin,7,89.86,84,94,2026-02-17,89,Restaurant & Food Service,290 Express
2800362,Dirty Martin's Place,2808 Guadalupe St,Austin,6,89.83,85,94,2026-01-27,85,Restaurant & Food Service,Dirty Martin's Place
11587120,La Montana Tacos,707 E Braker Ln Ste 201,Austin,6,89.83,84,94,2026-02-26,84,Restaurant & Food Service,La Montana Tacos
12393434,Hopdoddy Burger Bar,1011 E 5th St Ste 180,Austin,6,89.83,86,95,2026-01-13,86,Restaurant & Food Service,Hopdoddy Burger Bar
12397716,Pho Phong Luu,11800 Dessau Rd Ste 302,Austin,6,89.83,84,97,2026-02-20,92,Restaurant & Food Service,Pho Phong Luu
2800581,Sigma Alpha Epsilon,2414 Pearl St,Austin,5,89.8,87,93,2025-09-15,90,Restaurant & Food Service,Sigma Alpha Epsilon
10642406,Brookdale Northwest Hills,5715 Mesa Dr,Austin,5,89.8,86,94,2026-02-09,94,Restaurant & Food Service,Brookdale Northwest Hills
10874330,7 Eleven #36575H,15829 N IH 35 NB Service Rd,Austin,5,89.8,85,96,2025-12-31,91,Convenience & Fuel,7 Eleven #36575H
11345555,Kemuri,2713 E 2nd St,Austin,5,89.8,83,94,2025-11-21,90,Restaurant & Food Service,Kemuri
11606231,Flower Child,11721 Rock Rose Ave Ste 120,Austin,5,89.8,79,96,2026-02-25,95,Restaurant & Food Service,Flower Child
12093095,Lou's Bodega,1900 E Cesar Chavez St,Austin,5,89.8,82,95,2026-03-03,93,Restaurant & Food Service,Lou's Bodega
12393018,Cheba Hut,3016 Guadalupe St Ste C200,Austin,5,89.8,82,97,2025-08-26,89,Restaurant & Food Service,Cheba Hut
12396190,LW - Oceanview Bar & Grill,1310 S FM 620 Rd # 12,Lakeway,5,89.8,83,96,2026-04-29,90,Restaurant & Food Service,LW - Oceanview Bar & Grill
12399125,Jets Pizza,1201 Barbara Jordan Blvd Ste 1420,Austin,5,89.8,84,96,2026-04-16,84,Restaurant & Food Service,Jets Pizza
10523909,Franklin Barbecue,1001 E 3rd St,Austin,4,89.75,86,92,2025-05-21,91,Restaurant & Food Service,Franklin Barbecue
11397192,Murphy's Deli,700 Lavaca St,Austin,4,89.75,86,92,2025-09-02,92,Restaurant & Food Service,Murphy's Deli
11483621,Chi'Lantro,11005 Burnet Rd Ste 108,Austin,4,89.75,85,94,2025-07-28,91,Restaurant & Food Service,Chi'Lantro
11685371,Barrett's Coffee,713 W Saint Johns Ave,Austin,4,89.75,87,92,2026-03-12,92,Restaurant & Food Service,Barrett's Coffee
11723480,Charleys Philly Steak,2901 S Capital of Texas Hwy,Austin,4,89.75,85,92,2026-03-02,92,Restaurant & Food Service,Charleys Philly Steak
12392360,Marriott Austin South,4415 S Ih 35,Austin,4,89.75,85,94,2025-08-27,88,Restaurant & Food Service,Marriott Austin South
12399983,Busty's Bar & Jukebox,6214 Cameron Rd,Austin,4,89.75,86,93,2026-02-04,89,Restaurant & Food Service,Busty's Bar & Jukebox
10162925,Kerbey Lane Cafe,13435 N US 183 Hwy NB Service Rd,Austin,7,89.71,82,100,2026-04-01,87,Restaurant & Food Service,Kerbey Lane Cafe
2800211,Posse East,2900 Duval St,Austin,3,89.67,85,94,2025-11-04,90,Restaurant & Food Service,Posse East
2800292,Scottish Rite Dorm,210 W 27th St,Austin,3,89.67,87,94,2026-02-26,87,Restaurant & Food Service,Scottish Rite Dorm
2800415,Crown & Anchor Pub,2911 San Jacinto Blvd,Austin,3,89.67,86,92,2025-11-04,92,Restaurant & Food Service,Crown & Anchor Pub
2800841,Thundercloud Subs,2801 S Lamar Blvd,Austin,3,89.67,85,93,2026-01-06,85,Restaurant & Food Service,Thundercloud Subs
2801048,Millennium,1156 Hargrave St,Austin,3,89.67,86,93,2025-02-26,90,Restaurant & Food Service,Millennium
2801257,Din Ho Chinese BBQ,8557 Research NB Blvd,Austin,3,89.67,84,94,2026-01-15,91,Restaurant & Food Service,Din Ho Chinese BBQ
2801785,Bill Miller Bar-B-Q,14718 N Ih 35,Austin,3,89.67,85,96,2025-12-11,88,Restaurant & Food Service,Bill Miller Bar-B-Q
10222706,La Cabana Grill,21103 W SH 71,Austin,3,89.67,87,93,2025-08-01,93,Restaurant & Food Service,La Cabana Grill
10226371,Lebowskis,8909 Burnet Rd,Austin,3,89.67,88,92,2025-07-11,89,Restaurant & Food Service,Lebowskis
10227902,Craigwood Food Mart,4925 Craigwood Dr,Austin,3,89.67,87,94,2026-04-28,88,Convenience & Fuel,Craigwood Food Mart
10575343,BJ's Restaurant & Brewhouse,10515 N Mopac NB Expy,Austin,3,89.67,87,94,2026-02-25,94,Restaurant & Food Service,BJ's Restaurant & Brewhouse
10769105,Viva Meat Market,8610 N Lamar Blvd Ste 100,Austin,3,89.67,84,95,2026-04-02,95,Restaurant & Food Service,Viva Meat Market
10997742,Brooklyn Pie Co.,9500 S Interstate 35,Austin,3,89.67,82,94,2025-05-05,94,Restaurant & Food Service,Brooklyn Pie Co.
11378392,Shipley's Donuts,10401 Anderson Mill Rd,Austin,3,89.67,87,93,2026-02-27,93,Restaurant & Food Service,Shipley's Donuts
11432993,Homewood Suites Austin TechRidge,13001 Center Lake Dr,Austin,3,89.67,87,94,2026-03-12,94,Restaurant & Food Service,Homewood Suites Austin TechRidge
11474136,Mia Italian Tapas & Bar,11420 Rock Rose Ave,Austin,3,89.67,85,94,2025-03-25,90,Restaurant & Food Service,Mia Italian Tapas & Bar
11476954,Village on the Park Onion Creek LLC,11300 Farrah,Austin,3,89.67,88,91,2026-05-11,88,Restaurant & Food Service,Village on the Park Onion Creek LLC
11504481,Jinya Ramen Bar,3210 Esperanza Xing Ste 130,Austin,3,89.67,87,91,2025-08-12,91,Restaurant & Food Service,Jinya Ramen Bar
11687295,Blenders and Bowls,1625 E 6th St,Austin,3,89.67,88,91,2026-05-22,91,Restaurant & Food Service,Blenders and Bowls
11870089,7-Eleven Convenience Store #36263B,3801 W Parmer Ln,Austin,3,89.67,86,96,2026-04-14,87,Convenience & Fuel,7-Eleven Convenience Store #36263B
11915024,Riverbend Church,4214 N Capital of Texas Hwy,Austin,3,89.67,79,97,2025-10-29,79,Restaurant & Food Service,Riverbend Church
12091100,Dos Batos,2525 W Anderson Ln Unit 175,Austin,6,89.67,84,94,2026-02-26,90,Restaurant & Food Service,Dos Batos
12125277,"Far Out, The",109 Ralph Ablanedo Dr,Austin,3,89.67,82,94,2025-09-02,82,Restaurant & Food Service,"Far Out, The"
12177153,Tienda Mexicana,1925 Rutland Dr Ste B,Austin,3,89.67,83,94,2026-03-04,83,Restaurant & Food Service,Tienda Mexicana
12185776,Smoothie King,4301 W William Cannon Dr Unit 200,Austin,3,89.67,86,93,2026-04-20,86,Restaurant & Food Service,Smoothie King
12392551,Vic & Al's,2406 Manor Rd Ste D,Austin,3,89.67,89,91,2026-04-23,89,Restaurant & Food Service,Vic & Al's
12392573,Family Grocery,618 FM 685,Pflugerville,6,89.67,78,97,2026-02-25,92,Grocery,Family Grocery
12393370,Meanwhile Brewing Company,3901 Promontory Point Dr,Austin,3,89.67,87,92,2026-04-20,92,Restaurant & Food Service,Meanwhile Brewing Company
12393789,Hilton Garden Inn Austin Domain,2600 Brockton Dr,Austin,3,89.67,84,96,2025-12-22,84,Restaurant & Food Service,Hilton Garden Inn Austin Domain
12394264,Food Bucket,2400 Burleson Rd,Austin,3,89.67,81,95,2026-05-04,81,Restaurant & Food Service,Food Bucket
12395933,Foodbox 12,17615 E US 290 EB Ste C,Elgin,3,89.67,86,93,2026-04-06,93,Restaurant & Food Service,Foodbox
12396091,Sabor Veracruz,12601 Tech Ridge Blvd Unit A100,Austin,6,89.67,84,96,2025-07-09,84,Restaurant & Food Service,Sabor Veracruz
12397847,"Ricas Tentaciones, LLC",14905 Dessau Rd Ste 300,Pflugerville,3,89.67,89,90,2026-05-20,90,Restaurant & Food Service,"Ricas Tentaciones, LLC"
12398313,Austin Eagle,8201 Cross Park Dr Ste B1,Austin,6,89.67,85,95,2026-04-01,89,Restaurant & Food Service,Austin Eagle
12399562,Lefty's Pizza Kitchen - Austin LLC [Suite 119],3400 Comsouth Dr,Austin,3,89.67,87,94,2025-08-01,88,Restaurant & Food Service,Lefty's Pizza Kitchen - Austin LLC [Suite 119]
12400072,P. Terry's Burger Stand #30,2425 E 7th St,Austin,3,89.67,79,96,2026-02-23,96,Restaurant & Food Service,P. Terry's Burger Stand
10367570,Denny's # 8535,7619 E Ben White Blvd,Austin,8,89.62,86,91,2026-03-17,91,Restaurant & Food Service,Denny's
2800406,Kappa Alpha Theta Sorority,2401 Pearl St,Austin,5,89.6,87,91,2025-09-16,90,Restaurant & Food Service,Kappa Alpha Theta Sorority
2801039,Hospice Austin,2820 E Martin Luther King Jr Blvd,Austin,5,89.6,81,96,2026-01-09,95,Healthcare,Hospice Austin
11386831,Deep Eddy Cabaret,2315 Lake Austin Blvd,Austin,5,89.6,86,96,2025-12-09,91,Restaurant & Food Service,Deep Eddy Cabaret
11785453,Selam International Mart & Cafe,10009 N Lamar Blvd Unit B,Austin,5,89.6,82,93,2026-01-23,82,Restaurant & Food Service,Selam International Mart & Cafe
12392618,PF - Little Ceasars #61,1912 W Pecan St,Pflugerville,5,89.6,73,97,2026-03-05,73,Restaurant & Food Service,PF - Little Ceasars
12397286,Este,2113 Manor Rd Bldg A,Austin,5,89.6,82,100,2025-06-03,86,Restaurant & Food Service,Este
2800608,Chili's #18,9070 Research SB Blvd,Austin,7,89.57,73,97,2026-03-09,93,Restaurant & Food Service,Chili's
11505370,Devil May Care,500 W 6th St Ste 100,Austin,7,89.57,85,96,2026-01-13,96,Restaurant & Food Service,Devil May Care
12393742,Sonic Drive - In #1583,6816 McNeil Dr,Austin,7,89.57,81,96,2026-03-17,89,Restaurant & Food Service,Sonic Drive - In
2801233,New World Deli,4101 Guadalupe St,Austin,6,89.5,82,94,2026-01-20,82,Restaurant & Food Service,New World Deli
10978672,Matamoros Tacos,10304 N Lamar Blvd,Austin,6,89.5,87,94,2026-01-30,87,Restaurant & Food Service,Matamoros Tacos
11088861,Rockstar Bagels,1900 Rosewood Ave,Austin,4,89.5,82,94,2026-03-12,92,Restaurant & Food Service,Rockstar Bagels
11828298,Intero Restaurant,2612 E Cesar Chavez St Unit 105,Austin,4,89.5,84,97,2025-07-23,97,Restaurant & Food Service,Intero Restaurant
11843471,Church's Chicken Store No. 386,1945 W William Cannon Dr Unit 190,Austin,4,89.5,84,92,2026-01-05,90,Restaurant & Food Service,Church's Chicken Store
12111322,7-Eleven Convenience Store #36642B,7715 E Ben White Blvd,Austin,6,89.5,84,98,2026-03-17,89,Convenience & Fuel,7-Eleven Convenience Store #36642B
12185620,Chi'Lantro - Colorado,303 Colorado St Ste 100,Austin,4,89.5,87,92,2026-02-23,87,Restaurant & Food Service,Chi'Lantro - Colorado
12392641,LW - Gramercy,1516 S FM 620 Rd Unit 200,Lakeway,4,89.5,86,92,2025-07-17,92,Restaurant & Food Service,LW - Gramercy
12392690,"PF - Growler Bar & Kitchen, The",1300 FM 685 Ste 100,Pflugerville,4,89.5,88,91,2026-01-05,89,Restaurant & Food Service,"PF - Growler Bar & Kitchen, The"
12393166,Commodore Perry Estate - Mansion,4114 Red River St,Austin,4,89.5,83,97,2026-04-02,90,Restaurant & Food Service,Commodore Perry Estate - Mansion
12394305,Sammie's Italian LLC,807 W 6th St,Austin,6,89.5,82,94,2025-07-15,93,Restaurant & Food Service,Sammie's Italian LLC
12394652,Chuck E. Cheese's,9811 S Ih 35,Austin,4,89.5,84,93,2026-03-03,84,Restaurant & Food Service,Chuck E. Cheese's
12396300,"Palenque Food Service ATX, LLC",3400 Comsouth Dr Unit 116,Austin,4,89.5,80,94,2025-05-05,94,Restaurant & Food Service,"Palenque Food Service ATX, LLC"
12396407,Wayback Burgers,12901 N IH 35 Service Rd NB,Austin,6,89.5,85,96,2026-04-17,90,Restaurant & Food Service,Wayback Burgers
12398511,Casa Do Brasil,10515 N Mopac NB Expy Bldg O,Austin,4,89.5,78,96,2026-04-09,96,Restaurant & Food Service,Casa Do Brasil
12400109,Oak Hill Social,8600 W US 290 Hwy,Austin,4,89.5,88,92,2026-03-16,89,Restaurant & Food Service,Oak Hill Social
11761890,Supermercado Los Vaqueros #2 Taqueria,6800 Berkman Dr,Austin,7,89.43,83,95,2026-02-17,94,Grocery,Supermercado Los Vaqueros #2 Taqueria
2800169,Thundercloud Subs,2521 Rutland Dr,Austin,5,89.4,81,97,2026-02-09,81,Restaurant & Food Service,Thundercloud Subs
2800469,Bert's BBQ,3563 Far West Blvd Ste 109,Austin,5,89.4,85,96,2026-05-20,89,Restaurant & Food Service,Bert's BBQ
10113768,Taqueria Montenegro,11300 Pollyanna Ave,Austin,5,89.4,87,93,2025-06-30,87,Restaurant & Food Service,Taqueria Montenegro
11796775,Taqueria Dos Amigos,10601 N Lamar Blvd,Austin,5,89.4,85,95,2026-04-03,85,Restaurant & Food Service,Taqueria Dos Amigos
11860395,Suerte,1800 E 6th St,Austin,5,89.4,84,94,2026-02-24,84,Restaurant & Food Service,Suerte
12064034,Texas Roadhouse,13435 N US 183 Hwy NB Service Rd Bldg 7,Austin,5,89.4,86,91,2026-05-05,91,Restaurant & Food Service,Texas Roadhouse
12122912,Poke-Poke,9911 Brodie Ln Ste 800,Austin,5,89.4,84,96,2025-09-29,84,Restaurant & Food Service,Poke-Poke
12393695,7-Eleven Convenience Store # 23295B,411 W Martin Luther King Jr Blvd,Austin,5,89.4,86,93,2025-12-02,89,Convenience & Fuel,7-Eleven Convenience Store # 23295B
2800070,County Line on the Lake,5204 Fm 2222,Austin,3,89.33,85,93,2025-08-06,90,Restaurant & Food Service,County Line on the Lake
2800910,Caffe Medici,2222 Guadalupe St,Austin,3,89.33,86,93,2026-02-05,93,Restaurant & Food Service,Caffe Medici
2802880,IHOP,13201 N FM 620 NB Rd Bldg Q,Austin,3,89.33,88,90,2026-02-17,90,Restaurant & Food Service,IHOP
2802920,Shenanigans Nightclub,13233 Pond Springs Rd,Austin,3,89.33,78,95,2026-03-17,95,Restaurant & Food Service,Shenanigans Nightclub
2803636,Whistle Stop Grocery/La Mexicana,834 E Rundberg Ln Ste B,Austin,6,89.33,86,93,2026-02-09,93,Grocery,Whistle Stop Grocery
2803664,Around the Corner,2321 W North Loop Blvd,Austin,3,89.33,84,94,2026-01-13,94,Restaurant & Food Service,Around the Corner
10134045,West Campus Market,709 W 22nd St,Austin,3,89.33,89,90,2026-02-03,89,Restaurant & Food Service,West Campus Market
10617710,Low Down Lounge,1412 E 6th St,Austin,3,89.33,82,98,2026-02-03,82,Restaurant & Food Service,Low Down Lounge
10642547,Bush's Chicken,9815 Brodie Ln,Austin,3,89.33,86,96,2026-04-09,86,Restaurant & Food Service,Bush's Chicken
11015981,Mi -Tienda,8007 Gessner Dr,Austin,3,89.33,86,95,2026-02-10,86,Restaurant & Food Service,Mi -Tienda
11118618,Last Call-PF Neighborhood Bar,1615 Grand Avenue Pkwy,Pflugerville,3,89.33,86,93,2026-04-17,86,Restaurant & Food Service,Last Call-PF Neighborhood Bar
11211482,Eureka,200 E 6th St Ste A,Austin,6,89.33,85,96,2026-05-11,91,Restaurant & Food Service,Eureka
11224954,7-Eleven Convenience Store #36592A,12000 N Mopac SB Expy,Austin,3,89.33,85,95,2025-08-04,88,Convenience & Fuel,7-Eleven Convenience Store #36592A
11377984,Fiesta Mart #25 (Grocery/Meat),3909 N Ih 35,Austin,3,89.33,78,98,2026-02-04,92,Grocery,Fiesta Mart #25 (Grocery
11441907,Olive Garden #1537,12827 N FM 620 NB Rd,Austin,3,89.33,87,91,2026-02-13,90,Restaurant & Food Service,Olive Garden
11761885,Supermercado Los Vaqueros #2 Grocery & Produce,6800 Berkman Dr,Austin,3,89.33,86,92,2026-02-17,90,Grocery,Supermercado Los Vaqueros #2 Grocery & Produce
11832622,Sleep Inn and Suites,8410 E US 290 Hwy WB Service Rd,Austin,3,89.33,85,93,2025-11-20,93,Restaurant & Food Service,Sleep Inn and Suites
11851871,Hold Out Brewing,1208-1/2 W 4Th St,Austin,6,89.33,83,97,2026-04-17,86,Restaurant & Food Service,Hold Out Brewing
12186072,Food Spot,6607 S Pleasant Valley Rd,Austin,3,89.33,86,93,2025-05-30,86,Restaurant & Food Service,Food Spot
12392526,F & F Fruit Cups,7110 Cameron Rd Ste D,Austin,3,89.33,87,93,2025-12-04,93,Restaurant & Food Service,F & F Fruit Cups
12393593,"Fairways Cantina, LLC",3851 Manor Rd,Austin,6,89.33,87,93,2026-03-20,92,Restaurant & Food Service,"Fairways Cantina, LLC"
12393702,Grab N Go # 6,12009 W US 290 Hwy,Austin,6,89.33,84,92,2025-12-12,91,Restaurant & Food Service,Grab N Go
12394271,Grubbys,1901 W Anderson Ln,Austin,3,89.33,84,97,2026-02-09,84,Restaurant & Food Service,Grubbys
12394299,Texan Mart,7612 Bluff Springs Rd,Austin,3,89.33,83,94,2026-05-13,91,Restaurant & Food Service,Texan Mart
12397180,ZuZu Handmade Mexican,5770 N Mopac SB Expy Unit 500,Austin,3,89.33,89,90,2026-01-16,89,Restaurant & Food Service,ZuZu Handmade Mexican
12397321,Proud Mary Coffee,2043 S Lamar Blvd,Austin,3,89.33,87,91,2025-04-21,90,Restaurant & Food Service,Proud Mary Coffee
12398450,La Popular,7415 Southwest Pkwy Bldg 5 Ste 100,Austin,3,89.33,82,93,2026-04-24,82,Restaurant & Food Service,La Popular
2801959,Lakehills Grocery,1500 N Cuernavaca Dr,Austin,7,89.29,87,92,2026-01-12,89,Grocery,Lakehills Grocery
12185664,Waffle House #2335,12304 Dessau Rd,Austin,7,89.29,84,95,2026-03-20,84,Restaurant & Food Service,Waffle House
2802035,2 Dine 4 Fine Catering,3008 Gonzales St,Austin,4,89.25,83,95,2025-12-30,89,Institutional & Catering,2 Dine 4 Fine Catering
2802482,Cheddars # 2021,13301 N US 183 Hwy NB Service Rd,Austin,4,89.25,87,91,2026-04-02,90,Restaurant & Food Service,Cheddars
10513979,Thistle Cafe,221 W 6th St,Austin,4,89.25,88,90,2025-07-31,88,Restaurant & Food Service,Thistle Cafe
10655048,BC - All Star Burger,12921 Hill Country Blvd Unit 105,Bee Cave,4,89.25,84,95,2025-11-19,95,Restaurant & Food Service,BC - All Star Burger
11569080,Burpy Market,6311 Burleson Rd Unit A,Austin,4,89.25,86,95,2026-04-15,90,Restaurant & Food Service,Burpy Market
11661784,SV - MAD Greens,5601 Brodie Ln Ste 1500,Sunset Valley,4,89.25,88,90,2025-03-13,90,Restaurant & Food Service,SV - MAD Greens
11869695,Via 313,1802 E 6th St,Austin,4,89.25,87,90,2026-01-27,90,Restaurant & Food Service,Via
12130626,ABIA - ANTONES,3600 Presidential Blvd Ste 201,Austin,4,89.25,83,96,2025-06-04,96,Venue & Concessions,ABIA - ANTONES
12163974,Velouria,3801 S Congress Ave Ste 116,Austin,4,89.25,85,92,2025-09-30,85,Restaurant & Food Service,Velouria
12174871,Marigold Market,7415 Southwest Pkwy # 100,Austin,4,89.25,78,96,2025-05-23,89,Restaurant & Food Service,Marigold Market
12186233,"Auberge at Onion Creek, The",11330 Farrah,Austin,4,89.25,88,91,2026-03-16,90,Restaurant & Food Service,"Auberge at Onion Creek, The"
12396134,Midnight Cowboy,313 E 6th St,Austin,4,89.25,84,95,2025-12-03,95,Restaurant & Food Service,Midnight Cowboy
12397285,"Rowan, The",4300 Bull Creek Rd,Austin,4,89.25,85,94,2026-04-06,87,Restaurant & Food Service,"Rowan, The"
12397814,Fogo De Chao Churrascaria (Austin Congress) LLC,200 Congress Ave Unit 2A,Austin,4,89.25,86,94,2026-05-19,87,Restaurant & Food Service,Fogo De Chao Churrascaria (Austin Congress) LLC
12398912,Tucci's Southside Subs,801 E William Cannon Dr Ste 240,Austin,4,89.25,81,94,2025-09-15,81,Restaurant & Food Service,Tucci's Southside Subs
2800291,Seton Northwest Hospital,11113 Research NB Blvd,Austin,5,89.2,87,91,2026-04-20,88,Healthcare,Seton Northwest Hospital
2800365,Westminster Manor,4100 Jackson Ave,Austin,5,89.2,86,96,2026-02-18,87,Restaurant & Food Service,Westminster Manor
2800399,Headliners,221 W 6th St,Austin,5,89.2,86,94,2026-04-06,86,Restaurant & Food Service,Headliners
2802507,Quality Seafood,5621 Airport Blvd,Austin,5,89.2,81,94,2025-11-05,89,Restaurant & Food Service,Quality Seafood
12185819,Maravilla at the Domain,11001 Austin Ln,Austin,5,89.2,79,96,2025-06-06,79,Restaurant & Food Service,Maravilla at the Domain
12393760,Another Broken Egg Cafe,8012 Mesa Dr,Austin,5,89.2,82,97,2026-03-05,97,Restaurant & Food Service,Another Broken Egg Cafe
12394228,J Carver,509 Rio Grande St,Austin,5,89.2,82,92,2026-01-13,82,Restaurant & Food Service,J Carver
12395597,Canje,1914 E 6th St Ste C,Austin,5,89.2,86,92,2026-02-10,90,Restaurant & Food Service,Canje
12397705,Veracruz All Natural - CFCF,1700 Guadalupe St,Austin,5,89.2,87,94,2025-07-24,90,Restaurant & Food Service,Veracruz All Natural - CFCF
2800040,Tarry House Restaurant,3006 Bowman Ave,Austin,6,89.17,81,96,2026-05-05,96,Restaurant & Food Service,Tarry House Restaurant
11804563,Spicy Szechuan,3706 Jefferson St,Austin,6,89.17,81,95,2026-03-23,81,Restaurant & Food Service,Spicy Szechuan
12392879,PF - Pflugerville Health Care Center,521 S Heatherwilde Blvd,Pflugerville,6,89.17,80,93,2026-01-22,93,Healthcare,PF - Pflugerville Health Care Center
12397012,Refuel 338,9001 Cameron Rd,Austin,6,89.17,83,96,2025-07-16,92,Restaurant & Food Service,Refuel
2800086,"Cloak Room, The",1300 Colorado St,Austin,3,89,87,92,2025-09-08,87,Restaurant & Food Service,"Cloak Room, The"
2800617,Thundercloud Subs,3204 Guadalupe St,Austin,4,89,85,97,2025-09-03,85,Restaurant & Food Service,Thundercloud Subs
2801373,LW - Yaupon Country Club,100 Clubhouse Dr,Lakeway,3,89,83,94,2025-06-03,90,Restaurant & Food Service,LW - Yaupon Country Club
2802579,Texas Hillel Foundation,2105 San Antonio St,Austin,4,89,87,91,2025-09-08,87,Restaurant & Food Service,Texas Hillel Foundation
10355256,La Sabrocita Restaurant & Tortilleria,850 E Rundberg Ln Ste 100,Austin,5,89,84,96,2026-02-20,87,Restaurant & Food Service,La Sabrocita Restaurant & Tortilleria
10426778,Ana's Mart,800 Brazos St Unit 200,Austin,3,89,85,92,2026-02-04,92,Restaurant & Food Service,Ana's Mart
10593012,Alonti Catering,12001 Burnet Rd Ste C,Austin,5,89,82,95,2026-02-20,89,Institutional & Catering,Alonti Catering
10752202,Quad Food Mart,628 E Oltorf St,Austin,3,89,88,90,2025-08-19,88,Convenience & Fuel,Quad Food Mart
10968460,Tortilleria El Taquito,8610 N Lamar Blvd Ste 114,Austin,3,89,87,91,2025-11-18,87,Restaurant & Food Service,Tortilleria El Taquito
11248238,La Mexicana Supermercado-Store/Grocery,14236 FM 969 Rd,Austin,3,89,88,90,2025-12-04,88,Grocery,La Mexicana Supermercado-Store
11318005,Via 313 Pizza,6705 W US 290 Hwy Unit 503,Austin,3,89,87,92,2025-09-17,87,Restaurant & Food Service,Via 313 Pizza
11461414,Antone's Nightclub LLC,305 E 5th St,Austin,3,89,87,93,2026-02-26,87,Restaurant & Food Service,Antone's Nightclub LLC
11461792,Best Western Plus Austin Central,919 E Koenig EB Ln,Austin,4,89,84,95,2026-04-29,91,Restaurant & Food Service,Best Western Plus Austin Central
11632792,Taqueria Krystal,13620 N FM 973 Rd,Manor,4,89,85,93,2025-12-09,85,Restaurant & Food Service,Taqueria Krystal
11650922,Poke - Poke,2320 Hancock Dr,Austin,5,89,83,95,2025-12-23,95,Restaurant & Food Service,Poke - Poke
11933212,Hyatt Place Austin Airport,9532 Spirit of Austin,Austin,4,89,82,98,2025-06-09,85,Restaurant & Food Service,Hyatt Place Austin Airport
11941326,1st Express,4111 S 1st St,Austin,4,89,84,94,2025-08-27,94,Restaurant & Food Service,1st Express
12035543,Lady T Kitchen,15608 Spring Hill Ln,Pflugerville,3,89,87,90,2026-03-13,90,Restaurant & Food Service,Lady T Kitchen
12111145,Shore Raw Bar & Grill,8665 W SH 71,Austin,4,89,84,94,2025-10-30,88,Restaurant & Food Service,Shore Raw Bar & Grill
12145697,Louisiana Crab Shack,2525 W Anderson Ln Unit 265,Austin,3,89,84,94,2026-01-06,84,Restaurant & Food Service,Louisiana Crab Shack
12168955,Uroko,1023 Springdale Rd Unit C,Austin,7,89,80,94,2026-01-22,93,Restaurant & Food Service,Uroko
12186039,Residence Inn Austin Arboretum,3713 Tudor Blvd,Austin,5,89,82,97,2026-05-13,82,Restaurant & Food Service,Residence Inn Austin Arboretum
12186289,Aloft,8000 E Ben White Blvd,Austin,3,89,84,93,2025-06-24,93,Restaurant & Food Service,Aloft
12186355,Central Machine Works Brewery,4824 E Cesar Chavez St,Austin,4,89,80,95,2025-03-13,94,Restaurant & Food Service,Central Machine Works Brewery
12186601,PF - Los Amigos Market (Meat),15812 Windermere Dr Ste 200,Pflugerville,4,89,85,92,2025-12-12,85,Restaurant & Food Service,PF - Los Amigos Market (Meat)
12392300,PF - Bon Bon's,18816 Limestone Commercial Dr Ste 100,Pflugerville,3,89,88,91,2025-06-11,91,Restaurant & Food Service,PF - Bon Bon's
12393651,Mongers Market & Kitchen,4119 Guadalupe St,Austin,5,89,82,95,2025-10-23,92,Restaurant & Food Service,Mongers Market & Kitchen
12394251,Jet's Pizza,8900 S Congress Ave Bldg 2 Ste 175,Austin,4,89,88,91,2025-07-09,88,Restaurant & Food Service,Jet's Pizza
12395226,MN - 7-Eleven Convenience Store #41555A,11209 E US 290 EB Hwy,Manor,6,89,84,93,2026-03-17,86,Convenience & Fuel,MN - 7-Eleven Convenience Store #41555A
12396095,AMG Mart,10700 Anderson Mill Rd Ste 403,Austin,3,89,86,93,2026-03-25,88,Restaurant & Food Service,AMG Mart
12396651,Texas Bakery,10901 N Lamar Blvd Ste D408,Austin,5,89,81,98,2026-02-19,91,Restaurant & Food Service,Texas Bakery
12397209,LW - Springhill Suites Lakeway by Marriott,322 Medical Pkwy,Lakeway,4,89,84,91,2025-07-29,91,Restaurant & Food Service,LW - Springhill Suites Lakeway by Marriott
12397567,Master Nutrition,4700 Loyola Ln Ste 112,Austin,3,89,86,93,2025-12-19,93,Restaurant & Food Service,Master Nutrition
12397755,AC Hotel by Marriott Austin Hill Country,7415 Southwest Pkwy Bldg 8 Ste 100,Austin,4,89,84,95,2025-07-21,84,Restaurant & Food Service,AC Hotel by Marriott Austin Hill Country
12398499,La Quinta Inn & Suites,11901 N Mopac NB Expy,Austin,3,89,84,92,2025-10-29,84,Restaurant & Food Service,La Quinta Inn & Suites
12398700,Pokeworks,3022 W Anderson Ln Unit B,Austin,5,89,85,94,2026-04-01,94,Restaurant & Food Service,Pokeworks
12399191,LW - UTea Kitchen,2422 S FM 620 Rd,Lakeway,3,89,80,97,2026-04-13,90,Restaurant & Food Service,LW - UTea Kitchen
12400721,QuikTrip #4181,6414 Ed Bluestein Blvd,Austin,3,89,85,91,2026-04-30,85,Convenience & Fuel,QuikTrip
12394193,JD's Supermarket #7 - Kitchen/Bakery,6506 Decker Ln Bldg 1,Austin,8,88.88,81,97,2026-02-26,87,Restaurant & Food Service,JD's Supermarket #7 - Kitchen
12186437,"Watermark at Southpark Meadows, The",9320 Alice Mae Ln,Austin,6,88.83,84,93,2025-09-05,84,Restaurant & Food Service,"Watermark at Southpark Meadows, The"
2803774,La Michoacana Supermarket/Meat Market,6908 Cameron Rd,Austin,5,88.8,76,93,2026-01-15,93,Restaurant & Food Service,La Michoacana Supermarket
10179804,Thunder Cloud Subs,1700 Grand Avenue Pkwy,Pflugerville,5,88.8,82,96,2026-01-05,94,Restaurant & Food Service,Thunder Cloud Subs
11763339,La Madeleine # 204,1201 Barbara Jordan Blvd Bldg 11,Austin,5,88.8,78,95,2026-03-03,95,Restaurant & Food Service,La Madeleine
11837503,Colleen's Kitchen,1911 Aldrich St Ste 100,Austin,5,88.8,75,100,2026-02-10,95,Restaurant & Food Service,Colleen's Kitchen
12393569,New One Taco,500 Canyon Ridge Dr Ste L400,Austin,5,88.8,86,92,2026-02-24,92,Restaurant & Food Service,New One Taco
12394859,Taco Pegaso & The Market,111 Congress Ave Bldg 2,Austin,5,88.8,76,95,2026-02-24,95,Restaurant & Food Service,Taco Pegaso & The Market
2801051,Vic's Bar-B-Que,3502 Burleson Rd,Austin,4,88.75,82,97,2025-09-16,94,Restaurant & Food Service,Vic's Bar-B-Que
10213950,Donn's BBQ,10003 FM 969 Rd,Austin,4,88.75,85,94,2026-03-04,90,Restaurant & Food Service,Donn's BBQ
10527474,"Backspace, The",507 San Jacinto Blvd,Austin,4,88.75,84,91,2025-08-07,90,Restaurant & Food Service,"Backspace, The"
10874472,7-Eleven #36562H,6422 S US 183 SB Hwy,Austin,4,88.75,81,96,2025-05-23,86,Convenience & Fuel,7-Eleven #36562H
10874948,Bread Basket,8801 West Gate Blvd,Austin,4,88.75,82,93,2026-02-10,88,Restaurant & Food Service,Bread Basket
11021824,Summit,120 W 5th St,Austin,4,88.75,80,100,2025-07-10,80,Restaurant & Food Service,Summit
11182637,Mt. Playmore,13609 N IH 35 Service Rd NB,Austin,4,88.75,85,92,2026-03-12,85,Restaurant & Food Service,Mt. Playmore
12124135,Staybridge Suites Austin South Interstate 35,901 Little Texas Ln Ste F,Austin,4,88.75,84,94,2025-10-31,94,Restaurant & Food Service,Staybridge Suites Austin South Interstate
12392949,Juan in a Million,2300 E Cesar Chavez St,Austin,4,88.75,85,95,2025-07-10,85,Restaurant & Food Service,Juan in a Million
12395170,China Family Express,2525 W Anderson Ln Unit 110,Austin,4,88.75,87,91,2026-02-19,88,Restaurant & Food Service,China Family Express
12396252,Moge Tee UT Austin LLC,2000 Guadalupe St,Austin,4,88.75,84,91,2025-08-25,91,Restaurant & Food Service,Moge Tee UT Austin LLC
12398081,Cambria Hotel Austin - Uptown Lounge,13205 Burnet Rd,Austin,4,88.75,82,93,2026-03-10,93,Restaurant & Food Service,Cambria Hotel Austin - Uptown Lounge
12399040,Tikka Shack Anderson LLC,2438 W Anderson Ln Ste A1,Austin,4,88.75,80,98,2026-02-05,86,Restaurant & Food Service,Tikka Shack Anderson LLC
2800235,Kerbey Lane Restaurant,3704 Kerbey Ln,Austin,7,88.71,86,92,2026-05-18,91,Restaurant & Food Service,Kerbey Lane Restaurant
10879746,Josephine House,1601 Waterston Ave,Austin,7,88.71,81,93,2025-12-09,91,Restaurant & Food Service,Josephine House
2800435,Ego's,510 S Congress Ave,Austin,3,88.67,88,89,2025-11-13,89,Restaurant & Food Service,Ego's
2803667,Dollar General Store #3913,6800 West Gate Blvd,Austin,3,88.67,83,92,2026-02-17,92,Convenience & Fuel,Dollar General Store
2803723,Brew Market and Cafe,3842 Airport Blvd,Austin,3,88.67,87,91,2026-03-20,88,Restaurant & Food Service,Brew Market and Cafe
2803741,"Bread Basket, The",1514 Holly St,Austin,3,88.67,88,90,2026-02-26,90,Restaurant & Food Service,"Bread Basket, The"
2803785,EZ Stop,1200 Kramer Ln,Austin,3,88.67,87,90,2026-01-27,90,Restaurant & Food Service,EZ Stop
2804007,Rundberg Grocery,310 E Rundberg Ln,Austin,3,88.67,84,92,2026-01-06,92,Grocery,Rundberg Grocery
10880392,Starstop 37,8224 Burnet Rd,Austin,3,88.67,84,97,2026-02-06,84,Restaurant & Food Service,Starstop
11199943,Airport Quickstop,2204 Airport Blvd,Austin,3,88.67,87,90,2026-03-19,89,Restaurant & Food Service,Airport Quickstop
11639640,7 - Eleven # 23807B,6306 Menchaca Rd,Austin,3,88.67,86,92,2025-12-02,86,Restaurant & Food Service,7 - Eleven # 23807B
11793105,Teapioca Arboretum,10000 Research SB Blvd Unit 137,Austin,3,88.67,81,94,2026-05-11,94,Restaurant & Food Service,Teapioca Arboretum
12033189,WL-Trianon Coffee,3654 Bee Caves Rd Ste A,West Lake Hills,3,88.67,84,96,2026-04-24,84,Restaurant & Food Service,WL-Trianon Coffee
12185788,V-Cafe,10700 Anderson Mill Rd Ste 210,Austin,3,88.67,88,89,2026-03-25,89,Restaurant & Food Service,V-Cafe
12186318,ABIA - Parkside,3600 Presidential Blvd Unit 3791,Austin,6,88.67,79,96,2026-01-05,79,Venue & Concessions,ABIA - Parkside
12393861,Love Supreme,2805 Manor Rd,Austin,3,88.67,84,95,2025-07-16,95,Restaurant & Food Service,Love Supreme
12397513,Dog Haus Biergarten,7710 N FM 620 Rd Unit 750 Bldg 7,Austin,3,88.67,86,90,2026-03-02,86,Restaurant & Food Service,Dog Haus Biergarten
12397836,Fast Friends Beer Company,7313 S Ih 35,Austin,3,88.67,86,93,2026-01-13,87,Restaurant & Food Service,Fast Friends Beer Company
12398633,Driskill Hotel - 1886 Cafe,604 Brazos St,Austin,6,88.67,78,100,2026-05-11,78,Restaurant & Food Service,Driskill Hotel - 1886 Cafe
12399291,RedFarm,201 W 3rd St,Austin,3,88.67,83,94,2025-03-17,94,Restaurant & Food Service,RedFarm
12400514,BOA Steakhouse Austin,300 W 6th St Ste 100,Austin,6,88.67,81,91,2026-04-15,89,Restaurant & Food Service,BOA Steakhouse Austin
12401127,Weirdo,13414 Harrisglenn Dr,Austin,3,88.67,85,95,2025-10-28,95,Restaurant & Food Service,Weirdo
11202021,Sa-Ten,916 Springdale Rd Ste 101,Austin,5,88.6,84,94,2026-04-27,91,Restaurant & Food Service,Sa-Ten
11377975,Fiesta Mart #25 (Bakery/Taqueria),3909 N Ih 35,Austin,5,88.6,82,94,2026-02-04,90,Grocery,Fiesta Mart #25 (Bakery
11441906,Olive Garden #1044,8833 Burnet Rd,Austin,5,88.6,76,99,2025-12-16,90,Restaurant & Food Service,Olive Garden
11442278,Cooper's Old Time Pit BBQ Austin,217 Congress Ave,Austin,5,88.6,75,96,2026-01-28,96,Restaurant & Food Service,Cooper's Old Time Pit BBQ Austin
11536222,One Taco,12200 Research SB Blvd Unit 400,Austin,5,88.6,86,92,2026-02-02,92,Restaurant & Food Service,One Taco
11748576,Foodie's Corner 2,2400 Rio Grande St,Austin,5,88.6,83,93,2026-01-08,90,Restaurant & Food Service,Foodie's Corner
12395391,Austin Rotisserie and Sandwicherie,111 Congress Ave Unit P400,Austin,5,88.6,80,93,2026-02-25,93,Restaurant & Food Service,Austin Rotisserie and Sandwicherie
12398455,Little Caesars,1030 Norwood Park Blvd Ste 414,Austin,5,88.6,80,97,2026-04-16,89,Restaurant & Food Service,Little Caesars
12399306,La Palapa,6640 E US 290 Hwy WB Service Rd,Austin,5,88.6,72,97,2026-04-13,92,Restaurant & Food Service,La Palapa
10479775,Speedy Express,12836 E US 290 Hwy WB,Manor,7,88.57,84,92,2026-04-13,87,Restaurant & Food Service,Speedy Express
12186627,PF- Cedar Mart,18900 N Heatherwilde Blvd Ste A,Pflugerville,7,88.57,83,92,2026-04-10,89,Restaurant & Food Service,PF- Cedar Mart
12396275,Salsa Limon Lupita,3001 Guadalupe St,Austin,7,88.57,80,94,2025-11-06,87,Restaurant & Food Service,Salsa Limon Lupita
12398269,Snack Time 2,1100 E Parmer Ln,Austin,9,88.56,83,92,2026-05-20,88,Restaurant & Food Service,Snack Time
2801513,General Store,11003 Harris Branch Pkwy,Austin,6,88.5,82,96,2025-11-05,94,Restaurant & Food Service,General Store
11064474,Mariscos Los Jarochos,9200 N Lamar Blvd Ste 100,Austin,6,88.5,80,94,2025-12-09,80,Restaurant & Food Service,Mariscos Los Jarochos
11701376,"Pizza Press, The",404 W 26th St,Austin,6,88.5,77,93,2026-02-04,90,Restaurant & Food Service,"Pizza Press, The"
11863073,Sour Duck Market,1814 E Martin Luther King Jr Blvd,Austin,4,88.5,80,94,2025-04-21,94,Restaurant & Food Service,Sour Duck Market
12071802,7-Eleven Convenience Store # 24909B,8010 Brodie Ln,Austin,4,88.5,84,94,2025-05-21,94,Convenience & Fuel,7-Eleven Convenience Store # 24909B
12117932,S H Donuts,4410 E Riverside Dr Ste 108,Austin,4,88.5,81,95,2025-11-14,81,Restaurant & Food Service,S H Donuts
12186128,Subway,1931 E Ben White Blvd,Austin,4,88.5,84,92,2026-03-04,91,Restaurant & Food Service,Subway
12186158,Original Pancake House,1700 W Parmer Ln Ste 650,Austin,6,88.5,80,95,2026-04-01,92,Restaurant & Food Service,Original Pancake House
12395972,Torchy's Tacos,8601 S Congress Ave Unit 250,Austin,4,88.5,81,93,2025-11-06,91,Restaurant & Food Service,Torchy's Tacos
12396035,"Cauldron, The",2402 San Gabriel St,Austin,4,88.5,82,93,2025-06-18,82,Restaurant & Food Service,"Cauldron, The"
12396471,Michelobos Restaurant & Sports Bar,900 E Braker Ln Unit 169,Austin,6,88.5,86,91,2026-01-08,91,Restaurant & Food Service,Michelobos Restaurant & Sports Bar
12397483,HI - Land Market,110 Jacob Fontaine Ln Ste 100,Austin,4,88.5,80,94,2026-05-07,94,Restaurant & Food Service,HI - Land Market
11915188,Joe's Italian Kitchen,1615 Grand Avenue Pkwy,Pflugerville,7,88.43,80,98,2026-04-17,87,Restaurant & Food Service,Joe's Italian Kitchen
2800067,Sigma Phi Epsilon,2500 Pearl St,Austin,5,88.4,86,91,2025-08-27,88,Restaurant & Food Service,Sigma Phi Epsilon
2800402,Taos Co-Op,2612 Guadalupe St,Austin,5,88.4,83,94,2026-04-27,86,Restaurant & Food Service,Taos Co-Op
10333486,SV - Tarka Indian Kitchen,5207 Brodie Ln Ste 120,Sunset Valley,5,88.4,84,97,2025-04-30,86,Restaurant & Food Service,SV - Tarka Indian Kitchen
11477028,True Food Kitchen,222 West Ave Ste 100,Austin,5,88.4,85,91,2026-01-15,85,Restaurant & Food Service,True Food Kitchen
11733854,Aloft DT Austin - Carolines,109 E 7th St,Austin,5,88.4,84,94,2026-04-09,85,Restaurant & Food Service,Aloft DT Austin - Carolines
11836354,SV - Cruzteca Mexican Kitchen,5207 Brodie Ln Ste 125,Sunset Valley,5,88.4,84,92,2025-05-20,90,Restaurant & Food Service,SV - Cruzteca Mexican Kitchen
12020964,Nervous Charlies,5501 N Lamar Blvd # 101,Austin,5,88.4,76,97,2026-01-27,86,Restaurant & Food Service,Nervous Charlies
12396729,Sheraton Austin At The Capitol,701 E 11th St,Austin,5,88.4,80,93,2026-02-23,93,Restaurant & Food Service,Sheraton Austin At The Capitol
12398224,"SCIVIC Engineering America Inc. (OctoLab2, Station 4)",3400 Comsouth Dr,Austin,5,88.4,86,93,2025-08-22,86,Restaurant & Food Service,"SCIVIC Engineering America Inc. (OctoLab2, Station 4)"
2802060,Cedar Door,201 Brazos St,Austin,3,88.33,84,91,2025-06-04,84,Restaurant & Food Service,Cedar Door
2803026,Boomerz Night Club,6148 W US 290 Hwy WB Service Rd,Austin,3,88.33,84,92,2026-03-06,92,Restaurant & Food Service,Boomerz Night Club
2803205,Drftwood/DT,319 Colorado St,Austin,3,88.33,86,92,2026-02-26,92,Restaurant & Food Service,Drftwood
2803589,Circle K #2741303,8628 Menchaca Rd,Austin,3,88.33,85,95,2026-04-27,85,Convenience & Fuel,Circle K
2803692,EZ Way Food Store,2700 E 7th St,Austin,3,88.33,86,91,2026-04-30,86,Restaurant & Food Service,EZ Way Food Store
2803846,Randall's (Shady Hollow),9911 Brodie Ln,Austin,3,88.33,85,93,2025-07-17,85,Restaurant & Food Service,Randall's (Shady Hollow)
10571107,"French Quarter Grille, The",13000 N IH 35 Service Rd SB,Austin,3,88.33,80,95,2026-02-19,90,Restaurant & Food Service,"French Quarter Grille, The"
10683355,El Rinconcito Salvadoreno,642 Calles St,Austin,3,88.33,86,91,2025-09-05,88,Restaurant & Food Service,El Rinconcito Salvadoreno
10703396,Lamar Food Market,10810 N Lamar Blvd,Austin,3,88.33,88,89,2026-01-13,88,Restaurant & Food Service,Lamar Food Market
10747216,Austin Diner,5222 Burnet Rd Ste 550,Austin,6,88.33,82,93,2026-01-20,84,Restaurant & Food Service,Austin Diner
11268610,Ramen Tatsu-Ya (South Lamar),1234 S Lamar Blvd,Austin,3,88.33,87,90,2025-07-15,87,Restaurant & Food Service,Ramen Tatsu-Ya (South Lamar)
11349728,Fiesta Mart #64 - Bakery/Deli,5510 S IH 35,Austin,3,88.33,85,91,2025-11-13,91,Grocery,Fiesta Mart #64 - Bakery
11521103,Green Light Social,720 W 6th St,Austin,3,88.33,80,98,2026-04-23,98,Restaurant & Food Service,Green Light Social
11716000,Poke Bowl,2828 Guadalupe St,Austin,6,88.33,80,91,2025-11-10,91,Restaurant & Food Service,Poke Bowl
11913958,Tarka Indian Kitchen,11066 Pecan Park Blvd Ste 500,Cedar Park,3,88.33,86,91,2026-03-10,91,Restaurant & Food Service,Tarka Indian Kitchen
11947358,Beatniks Market,4415 Menchaca Rd,Austin,3,88.33,85,92,2026-03-03,85,Restaurant & Food Service,Beatniks Market
12024969,Metro Star Food Mart,10304 N Lamar Blvd,Austin,3,88.33,82,96,2026-04-17,82,Convenience & Fuel,Metro Star Food Mart
12108577,Primos Food Mart,5327 Cameron Rd,Austin,3,88.33,87,89,2025-09-04,87,Convenience & Fuel,Primos Food Mart
12392436,PF - Courtyard by Marriott Austin/Pflugerville,16100 Impact Way,Pflugerville,6,88.33,81,93,2026-04-22,81,Restaurant & Food Service,PF - Courtyard by Marriott Austin
12393083,Moviehouse & Eatery,8300 N FM 620 Rd Bldg B,Austin,3,88.33,83,92,2026-02-03,90,Restaurant & Food Service,Moviehouse & Eatery
12394853,Wild Greg's Saloon,302 E 6th St,Austin,3,88.33,88,89,2025-04-03,89,Restaurant & Food Service,Wild Greg's Saloon
12395720,Taqueria La Cascada,1762 Colony Creek Dr,Austin,3,88.33,80,94,2026-01-13,94,Restaurant & Food Service,Taqueria La Cascada
12396248,Cambria Hotel Austin Airport,7800 E Ben White Blvd WB Service Rd,Austin,9,88.33,82,98,2026-02-25,89,Restaurant & Food Service,Cambria Hotel Austin Airport
12396311,Origin Hotel,1825 Mc Bee St,Austin,6,88.33,77,97,2026-03-16,90,Restaurant & Food Service,Origin Hotel
12396926,Alonti Catering Kitchen,3421 W William Cannon Dr Ste 115,Austin,3,88.33,81,95,2025-07-16,89,Institutional & Catering,Alonti Catering Kitchen
12398507,Ezov,2708 E Cesar Chavez St,Austin,3,88.33,84,92,2025-07-23,92,Restaurant & Food Service,Ezov
12401171,Azul Tequila Restaurant,8108 Mesa Dr,Austin,3,88.33,83,92,2026-05-07,83,Restaurant & Food Service,Azul Tequila Restaurant
12018521,MN-Maxine Gumbo House,11007 E US 290 EB Hwy,Manor,7,88.29,80,94,2026-04-20,94,Restaurant & Food Service,MN-Maxine Gumbo House
12393134,Tumble 22 Lake Austin LLC,2304 Lake Austin Blvd,Austin,7,88.29,83,91,2025-11-24,91,Restaurant & Food Service,Tumble 22 Lake Austin LLC
2800253,Gracy Woods Nursing Home,12021 Metric Blvd,Austin,4,88.25,85,94,2026-05-05,87,Healthcare,Gracy Woods Nursing Home
2800380,Dan's Hamburgers,844 Airport Blvd,Austin,4,88.25,84,91,2026-03-10,91,Restaurant & Food Service,Dan's Hamburgers
2800383,Maudie's Cafe,2608 W 7th St,Austin,8,88.25,80,92,2026-04-21,88,Restaurant & Food Service,Maudie's Cafe
2801922,Chili's,12901 N IH 35 Service Rd NB,Austin,4,88.25,84,94,2025-12-11,94,Restaurant & Food Service,Chili's
2802225,Papa John's Pizza #1128,9222 W Parmer Ln Ste D,Austin,4,88.25,80,93,2026-05-19,80,Restaurant & Food Service,Papa John's Pizza
2803120,Papa John's Pizza #1296,500 W William Cannon Dr Ste 512A,Austin,4,88.25,83,91,2025-09-23,91,Restaurant & Food Service,Papa John's Pizza
10806090,Cedar Food Mart,729 E Slaughter Ln,Austin,4,88.25,83,91,2026-02-13,91,Convenience & Fuel,Cedar Food Mart
11766215,Danelia Rogel Fruit Cup Shop LLC,704 E Saint Johns Ave Unit 2,Austin,4,88.25,84,96,2025-12-04,87,Restaurant & Food Service,Danelia Rogel Fruit Cup Shop LLC
12395294,Kinzen By Sarm Pun Mile,1300 E Anderson Ln Apt 1101 Bldg D,Austin,4,88.25,87,90,2026-03-10,90,Restaurant & Food Service,Kinzen By Sarm Pun Mile
12398082,East Side Pies,5530 Burnet Rd,Austin,4,88.25,84,91,2026-04-23,84,Restaurant & Food Service,East Side Pies
12398716,Marcos Pizza,14815 Dessau Rd Ste 400,Pflugerville,4,88.25,88,89,2026-02-10,88,Restaurant & Food Service,Marcos Pizza
2801285,Phoenicia Deli & Bakery,4701 Burnet Rd,Austin,5,88.2,79,92,2026-01-22,79,Restaurant & Food Service,Phoenicia Deli & Bakery
10002278,Lambert's Downtown Barbecue,401 W 2nd St,Austin,5,88.2,84,91,2026-05-06,89,Restaurant & Food Service,Lambert's Downtown Barbecue
10102448,Hilton Garden Inn Austin Downtown,500 N Interstate 35,Austin,5,88.2,83,96,2026-01-12,83,Restaurant & Food Service,Hilton Garden Inn Austin Downtown
10348378,Craig O's Pizza & Pastaria,5501 Balcones Dr,Austin,5,88.2,82,91,2026-02-12,89,Restaurant & Food Service,Craig O's Pizza & Pastaria
10530160,Teapioca Lounge,1700 W Parmer Ln Ste 210,Austin,5,88.2,82,96,2026-04-29,86,Restaurant & Food Service,Teapioca Lounge
10639746,Donut Taco Palace II,1807 W Slaughter Ln Ste 200,Austin,5,88.2,85,94,2026-03-26,85,Restaurant & Food Service,Donut Taco Palace II
10672255,Quality Inn & Suites,2751 E SH 71 WB Service Rd,Austin,5,88.2,83,94,2026-05-07,94,Restaurant & Food Service,Quality Inn & Suites
11008232,Wright Bros. Brew and Brew,500 San Marcos St,Austin,5,88.2,85,89,2026-02-25,85,Restaurant & Food Service,Wright Bros. Brew and Brew
11377963,Fiesta Mart #25 (Seafood/Deli),3909 N Ih 35,Austin,5,88.2,84,94,2026-02-04,94,Grocery,Fiesta Mart #25 (Seafood
11459183,7-Eleven Convenience Store #36633B,9401 N Interstate 35,Austin,5,88.2,82,93,2025-11-18,83,Convenience & Fuel,7-Eleven Convenience Store #36633B
11763376,SV - La Madeleine # 202,5493 Brodie Ln,Sunset Valley,5,88.2,87,90,2025-06-13,87,Restaurant & Food Service,SV - La Madeleine
11763654,ABIA - Second Bar & Kitchen,3600 Presidential Blvd Unit 3660,Austin,5,88.2,85,95,2025-07-15,95,Venue & Concessions,ABIA - Second Bar & Kitchen
11979569,Subway,5419 N Interstate 35,Austin,5,88.2,82,93,2026-01-06,92,Restaurant & Food Service,Subway
12185722,LW - Double Dave's,3100 S FM 620 Rd,Lakeway,5,88.2,80,96,2025-04-18,80,Restaurant & Food Service,LW - Double Dave's
12393921,MT Supermarket - Meat/Seafood,10901 N Lamar Blvd Ste G,Austin,5,88.2,87,90,2026-02-19,88,Restaurant & Food Service,MT Supermarket - Meat
10174989,College Houses Inc-Laurel House,1905 Nueces St,Austin,6,88.17,85,91,2026-04-27,91,School & Childcare,College Houses Inc-Laurel House
11459958,Eddie V's #8501,301 E 5th St,Austin,6,88.17,84,92,2026-02-26,91,Restaurant & Food Service,Eddie V's
12186636,PF- El Taquito,20007 FM 685,Pflugerville,6,88.17,79,93,2026-03-13,92,Restaurant & Food Service,PF- El Taquito
12186480,"Otis Hotel, The",1901 San Antonio St,Austin,7,88.14,83,91,2026-02-05,85,Restaurant & Food Service,"Otis Hotel, The"
2800190,Sam's Bar-B-Q,2000 E 12th St,Austin,3,88,79,94,2025-08-04,91,Restaurant & Food Service,Sam's Bar-B-Q
2800340,Thundercloud Subs #4,6105 E Us 290 Hwy Eb,Austin,3,88,88,88,2025-12-22,88,Restaurant & Food Service,Thundercloud Subs
2801767,Chili's Grill & Bar,701 E Stassney Ln,Austin,3,88,82,93,2025-09-18,89,Restaurant & Food Service,Chili's Grill & Bar
2802967,Phil's Ice House,5620 Burnet Rd,Austin,5,88,83,91,2026-05-05,91,Restaurant & Food Service,Phil's Ice House
10004691,Blake Manor Food Mart,17530 Blake Manor Rd,Manor,5,88,83,99,2026-04-06,99,Convenience & Fuel,Blake Manor Food Mart
10026046,Chili's Grill & Bar #1423,9900 S Interstate 35,Austin,4,88,85,93,2025-09-16,93,Restaurant & Food Service,Chili's Grill & Bar
10098616,Chuy's,4301 W William Cannon Dr Unit 146,Austin,3,88,85,92,2026-01-23,92,Restaurant & Food Service,Chuy's
10184475,7-Eleven Convenience Store #26353A,601 W Ben White Blvd,Austin,3,88,87,90,2026-01-20,87,Convenience & Fuel,7-Eleven Convenience Store #26353A
10196030,Walton's Fancy & Staple,609 W 6th St,Austin,6,88,83,90,2026-04-15,89,Restaurant & Food Service,Walton's Fancy & Staple
10305392,Star Bar,600 W 6th St,Austin,3,88,87,89,2026-01-13,87,Restaurant & Food Service,Star Bar
10509270,W Hotel Austin - Concessionaire of Alcohol,200 Lavaca St,Austin,4,88,78,96,2025-07-22,78,Venue & Concessions,W Hotel Austin - Concessionaire of Alcohol
10639178,Creek Side Cafe,8310 N Capital of Texas Hwy Unit 155,Austin,3,88,82,96,2025-10-27,82,Restaurant & Food Service,Creek Side Cafe
10717537,Papa John's Pizza # 1015,2030 E Oltorf St Ste 114,Austin,5,88,81,94,2026-04-14,92,Restaurant & Food Service,Papa John's Pizza
10771946,Express Food Mart #5,2925 W Pecan St,Pflugerville,5,88,72,95,2026-01-13,92,Convenience & Fuel,Express Food Mart
10790198,ABIA - Ruta Maya,3600 Presidential Blvd Ste 110,Austin,3,88,86,90,2025-06-04,88,Venue & Concessions,ABIA - Ruta Maya
11321211,Taqueria La Familia Mex Restaurant Inc,3601 W William Cannon Dr Unit 900,Austin,4,88,83,92,2025-06-10,86,Restaurant & Food Service,Taqueria La Familia Mex Restaurant Inc
11452083,Maie Day,1603 S Congress Ave,Austin,3,88,85,90,2026-03-27,89,Restaurant & Food Service,Maie Day
11558121,Staybridge Suites,13000 N IH 35 Service Rd SB,Austin,3,88,84,94,2026-02-10,94,Restaurant & Food Service,Staybridge Suites
11583667,Nordstrom Bazille,3111 Palm Way,Austin,5,88,82,91,2026-04-28,91,Restaurant & Food Service,Nordstrom Bazille
11625592,Old Thousand,1000 E 11th St Ste 150,Austin,4,88,86,91,2025-07-21,88,Restaurant & Food Service,Old Thousand
11677216,Velvet Taco,11501 Rock Rose Ave Unit 160,Austin,6,88,83,92,2026-03-27,91,Restaurant & Food Service,Velvet Taco
11703363,Las Fabulosas Quesadillas,5510 S IH 35,Austin,3,88,86,89,2025-08-12,86,Restaurant & Food Service,Las Fabulosas Quesadillas
11742299,La Finca Super Mercado,9616 N Lamar Blvd Ste 130,Austin,6,88,83,95,2025-06-12,83,Restaurant & Food Service,La Finca Super Mercado
11842136,"Pluckers-Oak Hill, LLC",7101 W SH 71 Unit 19,Austin,3,88,81,93,2025-07-28,90,Restaurant & Food Service,"Pluckers-Oak Hill, LLC"
12177170,MN - Mr. Jim's,302 W Murray Ave,Manor,3,88,84,95,2025-09-09,85,Restaurant & Food Service,MN - Mr. Jim's
12178229,Brodie Ranch Nursing and Rehabilitation Center,2101 Frate Barker Rd,Austin,4,88,85,92,2025-06-13,86,Healthcare,Brodie Ranch Nursing and Rehabilitation Center
12185777,Smoothie King,9500 S Interstate 35,Austin,4,88,78,93,2025-04-24,78,Restaurant & Food Service,Smoothie King
12186126,"Meteor, The",2110 S Congress Ave Unit A,Austin,4,88,82,97,2025-12-19,86,Restaurant & Food Service,"Meteor, The"
12186185,Krispy Kreme,701 E Stassney Ln,Austin,4,88,87,90,2025-09-29,87,Restaurant & Food Service,Krispy Kreme
12186346,Ze Crepes,512 Congress Ave Unit 100L,Austin,4,88,82,92,2025-03-25,89,Restaurant & Food Service,Ze Crepes
12392320,Dimassis Mediterranean Buffet,701 E Stassney Ln Ste B,Austin,4,88,79,94,2025-07-08,94,Restaurant & Food Service,Dimassis Mediterranean Buffet
12392358,Pinstack Tech Ridge,500 Canyon Ridge Dr Ste D,Austin,3,88,85,90,2025-12-01,90,Restaurant & Food Service,Pinstack Tech Ridge
12394755,La Barbecue,2401 E Cesar Chavez St,Austin,3,88,84,91,2025-06-13,84,Restaurant & Food Service,La Barbecue
12395710,Red River Cafe,2912 Medical Arts St,Austin,7,88,73,95,2026-02-10,87,Restaurant & Food Service,Red River Cafe
12396150,PF - Fresh Donuts,20205 FM 685 Unit 200,Pflugerville,6,88,82,97,2026-03-05,85,Restaurant & Food Service,PF - Fresh Donuts
12398049,71 Hill Retail LLC,8624 W SH 71,Austin,4,88,80,94,2025-05-29,88,Restaurant & Food Service,71 Hill Retail LLC
12398089,Dell Children's Medical Center North,9010 N Lake Creek Pkwy,Austin,3,88,83,93,2026-04-13,93,Healthcare,Dell Children's Medical Center North
12398188,Lees Kitchen,701 S Capital of Texas Hwy Ste G700,West Lake Hills,3,88,85,90,2026-02-03,85,Restaurant & Food Service,Lees Kitchen
12400839,RW - Pepita's Cafe & Bar,2712 Bee Caves Rd Ste 106,Rollingwood,3,88,81,93,2025-11-14,93,Restaurant & Food Service,RW - Pepita's Cafe & Bar
12394196,JD's Supermarket #8 Kitchen & Bakery,8807 Cameron Rd Bldg 1,Austin,8,87.88,79,97,2026-04-21,86,Restaurant & Food Service,JD's Supermarket #8 Kitchen & Bakery
2801539,Arturo's Bakery and Cafe,314 W 17th St,Austin,7,87.86,83,92,2026-01-08,92,Restaurant & Food Service,Arturo's Bakery and Cafe
2802495,La Michoacana,9308 N Lamar Blvd,Austin,7,87.86,81,93,2025-12-04,81,Restaurant & Food Service,La Michoacana
2800326,Short Stop #5,3001 W Anderson Ln,Austin,6,87.83,77,97,2026-04-01,89,Restaurant & Food Service,Short Stop
12393953,Hotel Viata,320 S Capital of Texas Hwy Ste B,West Lake Hills,6,87.83,86,90,2026-02-12,87,Restaurant & Food Service,Hotel Viata
12398003,MN - Los Buhos #2,118 E Parsons St,Manor,6,87.83,78,94,2025-10-22,94,Restaurant & Food Service,MN - Los Buhos
12185596,"Gossip Shack 2, The",1615 Grand Avenue Pkwy,Pflugerville,5,87.8,81,97,2026-03-13,82,Restaurant & Food Service,"Gossip Shack 2, The"
12186590,PF - Amigos BBQ Grill,1100 Grand Avenue Pkwy Ste 108,Pflugerville,5,87.8,84,94,2026-03-04,85,Restaurant & Food Service,PF - Amigos BBQ Grill
2802055,Cheddar's Casual Cafe,15119 N IH 35 NB Service Rd,Austin,4,87.75,83,91,2026-03-12,87,Restaurant & Food Service,Cheddar's Casual Cafe
2802739,Summer Moon Coffee Bar,3115 S 1st St Ste B,Austin,4,87.75,81,95,2025-11-24,90,Restaurant & Food Service,Summer Moon Coffee Bar
2803084,"Stephen F. Austin Royal Sonesta, The",701 Congress Ave,Austin,4,87.75,80,98,2026-02-03,98,Restaurant & Food Service,"Stephen F. Austin Royal Sonesta, The"
10866935,Hana World Market - Meat and Fish,1700 W Parmer Ln Ste 100,Austin,4,87.75,83,95,2025-11-21,95,Grocery,Hana World Market - Meat and Fish
11084376,Omni Barton Creek Resort & Spa - (Texas Spice),8212 Barton Club Dr,Austin,4,87.75,86,91,2026-01-21,86,Restaurant & Food Service,Omni Barton Creek Resort & Spa - (Texas Spice)
11201901,Pollos Asados Los Regios JB,1725 Ohlen Rd,Austin,4,87.75,85,92,2026-02-18,85,Restaurant & Food Service,Pollos Asados Los Regios JB
11207395,Brookdale Spicewood Springs,4401 Spicewood Springs Rd,Austin,4,87.75,86,90,2026-05-06,88,Restaurant & Food Service,Brookdale Spicewood Springs
11216060,Rosa's Cafe & Tortilla Factory #42,509 W Slaughter Ln,Austin,4,87.75,81,93,2025-07-01,86,Restaurant & Food Service,Rosa's Cafe & Tortilla Factory
11221365,Fixe,500 W 5th St,Austin,8,87.75,79,100,2026-01-22,85,Restaurant & Food Service,Fixe
11691638,Tacos Durango Inc.,11900 Metric Blvd Ste L,Austin,4,87.75,84,89,2026-04-27,89,Restaurant & Food Service,Tacos Durango Inc.
11957581,Waffle House #1683,8800 E US 290 Hwy WB Service Rd,Austin,8,87.75,78,93,2026-03-03,93,Restaurant & Food Service,Waffle House
12145995,Jet's Pizza,9001 Brodie Ln Unit 2,Austin,4,87.75,85,92,2025-04-30,92,Restaurant & Food Service,Jet's Pizza
12185861,Mi lindo Jalisco,8618 Research SB Blvd,Austin,4,87.75,81,93,2026-04-01,86,Restaurant & Food Service,Mi lindo Jalisco
12186347,Brick's Pub,1807 W Slaughter Ln Ste 100,Austin,4,87.75,77,95,2025-07-08,77,Restaurant & Food Service,Brick's Pub
12393043,Canopy Austin Hotel & Verbena Restaurant,604 W 6th St,Austin,8,87.75,80,93,2026-04-02,86,Restaurant & Food Service,Canopy Austin Hotel & Verbena Restaurant
12394254,Nate's Baked Goods & Coffee,401 Orchard St,Austin,8,87.75,82,94,2026-04-17,87,Restaurant & Food Service,Nate's Baked Goods & Coffee
12397355,"Ramen Tatsu-Ya, LLC",8601 S Congress Ave Bldg 2 Unit 200,Austin,4,87.75,84,92,2025-11-17,92,Restaurant & Food Service,"Ramen Tatsu-Ya, LLC"
12401461,Carnitas El Guero Cameron,9001 Cameron Rd Ste 201,Austin,4,87.75,84,91,2026-04-21,87,Restaurant & Food Service,Carnitas El Guero Cameron
12392363,PF - Spare Time Family Entertainment II,1724 FM 685,Pflugerville,7,87.71,85,90,2026-04-23,90,Restaurant & Food Service,PF - Spare Time Family Entertainment II
2801896,Austin's Park n Pizza,16231 N IH 35 NB Service Rd,Austin,3,87.67,85,90,2026-01-15,88,Restaurant & Food Service,Austin's Park n Pizza
2802604,St. David's Episcopal Church,301 E 8th St,Austin,3,87.67,79,93,2025-09-18,91,Restaurant & Food Service,St. David's Episcopal Church
2802680,Serrano's Cafe Lakeline,11100 Pecan Park Blvd,Cedar Park,3,87.67,84,90,2026-04-30,84,Restaurant & Food Service,Serrano's Cafe Lakeline
2803434,Don's Short Stop,13900 Immanuel Rd,Pflugerville,3,87.67,87,88,2026-05-21,88,Restaurant & Food Service,Don's Short Stop
10001509,Tino's Greek Cafe,9901 Brodie Ln,Austin,3,87.67,79,94,2025-06-12,79,Restaurant & Food Service,Tino's Greek Cafe
10128069,Get N Go,6201 Manor Rd,Austin,3,87.67,84,92,2026-03-23,92,Restaurant & Food Service,Get N Go
10145803,La Familia Mexican Market,8540 Research SB Blvd,Austin,3,87.67,82,91,2025-12-04,90,Restaurant & Food Service,La Familia Mexican Market
10159452,7-Eleven #22245,2103 S Congress Ave,Austin,3,87.67,86,90,2026-04-09,86,Convenience & Fuel,7-Eleven
10174988,College House Inc - Halstead,1905 Nueces St,Austin,6,87.67,82,92,2026-04-27,92,School & Childcare,College House Inc - Halstead
10227305,Peckerheads,402 E 6th St,Austin,3,87.67,82,92,2026-02-20,92,Restaurant & Food Service,Peckerheads
10796431,Los Potrillos Restaurant,9120 N Interstate 35,Austin,6,87.67,82,91,2025-07-29,89,Restaurant & Food Service,Los Potrillos Restaurant
11385382,Avery Ranch Golf Club,10500 Avery Club Dr,Austin,3,87.67,83,92,2025-03-27,83,Restaurant & Food Service,Avery Ranch Golf Club
11404240,Voodoo Doughnut,212 E 6th St,Austin,3,87.67,81,93,2026-01-07,93,Restaurant & Food Service,Voodoo Doughnut
11618169,Aviator Pizza & Drafthouse,6501 S Congress Ave Ste 105,Austin,3,87.67,85,93,2025-06-23,85,Restaurant & Food Service,Aviator Pizza & Drafthouse
11631715,Las Mangonadas,1144 Airport Blvd Ste 180,Austin,6,87.67,76,96,2026-01-28,84,Restaurant & Food Service,Las Mangonadas
11759418,Moms 8 Enterprises Inc.,9341 W SH 71,Austin,3,87.67,82,91,2025-05-23,90,Restaurant & Food Service,Moms 8 Enterprises Inc.
11811291,Barley Bean South Lamar,3600 S Lamar Blvd Bldg B,Austin,3,87.67,82,91,2026-03-24,90,Restaurant & Food Service,Barley Bean South Lamar
11827353,Smoothie King,9705 Research NB Blvd Unit B,Austin,3,87.67,87,89,2026-02-06,87,Restaurant & Food Service,Smoothie King
12185744,"Yard Milkshake Bar, The",3400 Esperanza Xing,Austin,3,87.67,81,93,2025-07-09,89,Restaurant & Food Service,"Yard Milkshake Bar, The"
12393397,Aba,1011 S Congress Ave Bldg 2 Ste 180,Austin,3,87.67,85,90,2026-01-28,90,Restaurant & Food Service,Aba
12393409,GattiTown # 2006,9900 S Interstate 35 Ste V,Austin,3,87.67,81,93,2025-06-02,93,Restaurant & Food Service,GattiTown
12393672,Eurest - 54611 ICU Medical,3900 Howard Ln,Austin,3,87.67,80,97,2026-01-27,86,Restaurant & Food Service,Eurest - 54611 ICU Medical
12398801,Bep Co Tham,10901 N Lamar Blvd Ste A101,Austin,3,87.67,86,89,2025-04-01,86,Restaurant & Food Service,Bep Co Tham
12398913,PF - Foodbox 7/Which Wich,16212 Impact Way,Pflugerville,3,87.67,83,93,2026-01-27,87,Restaurant & Food Service,PF - Foodbox
12401597,Kesos Tacos,3901 Spicewood Springs Rd Bldg C,Austin,3,87.67,83,90,2026-05-20,90,Restaurant & Food Service,Kesos Tacos
2801189,Sigma Alpha Mu,2501 Leon St,Austin,5,87.6,85,90,2025-09-22,85,Restaurant & Food Service,Sigma Alpha Mu
2801240,Taco Cabana #199,9705 Menchaca Rd,Austin,5,87.6,77,92,2025-12-09,77,Restaurant & Food Service,Taco Cabana
10080943,Twin Peaks,701 E Stassney Ln,Austin,5,87.6,82,96,2026-01-22,82,Restaurant & Food Service,Twin Peaks
11307329,P. Terry's Burger Stand,515 Congress Ave Ste 130,Austin,5,87.6,82,95,2026-02-03,95,Restaurant & Food Service,P. Terry's Burger Stand
11346382,Four Seasons Hotel Austin,98 San Jacinto Blvd,Austin,5,87.6,77,95,2025-12-18,92,Restaurant & Food Service,Four Seasons Hotel Austin
12185839,Kappa Alpha Omicron,2515 Leon St,Austin,5,87.6,83,92,2025-09-29,92,Restaurant & Food Service,Kappa Alpha Omicron
11441393,International Food Market,11331 N Lamar Blvd Unit H,Austin,7,87.57,85,91,2026-03-20,86,Restaurant & Food Service,International Food Market
10003983,Chuy's Barton Springs,1728 Barton Springs Rd,Austin,4,87.5,84,91,2026-03-19,91,Restaurant & Food Service,Chuy's Barton Springs
10246567,Clairmont- Austin,12463 Los Indios Trl,Austin,4,87.5,83,90,2026-01-30,89,Restaurant & Food Service,Clairmont- Austin
10662269,Lucy's Fried Chicken,2218 College Ave,Austin,4,87.5,84,91,2026-04-28,84,Restaurant & Food Service,Lucy's Fried Chicken
11207538,LW - Brookdale Lohmans Crossing,1604 Lohmans Crossing Rd,Lakeway,6,87.5,78,99,2026-03-06,89,Restaurant & Food Service,LW - Brookdale Lohmans Crossing
12392335,PF - Papa John's #1127,900 E Pecan St Ste 600,Pflugerville,8,87.5,81,92,2026-03-10,81,Restaurant & Food Service,PF - Papa John's
12392635,Commodore Perry Estate (Lutie's),4114 Red River St,Austin,4,87.5,80,95,2026-04-02,90,Restaurant & Food Service,Commodore Perry Estate (Lutie's)
12395169,7-Eleven Convenience Store # 39069D,6607 Circle S Rd,Austin,4,87.5,83,93,2025-12-29,93,Convenience & Fuel,7-Eleven Convenience Store # 39069D
12396257,PF - 54th Street Restaurant & Drafthouse,19109 Limestone Commercial Dr,Pflugerville,6,87.5,83,94,2026-04-28,85,Restaurant & Food Service,PF - 54th Street Restaurant & Drafthouse
12397383,Modern Market #4003,401 Congress Ave Ste 100A,Austin,4,87.5,85,90,2025-12-22,90,Restaurant & Food Service,Modern Market
12398058,Bento Teppanyaki,1201 Barbara Jordan Blvd Ste 1230,Austin,6,87.5,79,94,2026-02-23,94,Restaurant & Food Service,Bento Teppanyaki
2800210,Short Stop,1144 Airport Blvd,Austin,5,87.4,85,91,2026-01-28,88,Restaurant & Food Service,Short Stop
2800826,Luca Villa Pizza,11200 Lakeline Mall Dr,Cedar Park,5,87.4,79,94,2026-04-21,94,Restaurant & Food Service,Luca Villa Pizza
2802530,LW - Metro Food Mart,903 S FM 620 Rd,Lakeway,5,87.4,84,97,2025-08-29,97,Convenience & Fuel,LW - Metro Food Mart
2803642,Speedy Stop Store #219,1660 E 51st St,Austin,5,87.4,84,92,2026-03-11,92,Restaurant & Food Service,Speedy Stop Store
11274894,J W Marriott Austin - Corner,110 E 2nd St,Austin,5,87.4,85,90,2026-01-28,88,Restaurant & Food Service,J W Marriott Austin - Corner
12398268,Shipley Donuts,2113 W Anderson Ln,Austin,5,87.4,84,96,2026-02-12,87,Restaurant & Food Service,Shipley Donuts
2801224,Papa John's Pizza #941,5114 Balcones Woods Dr,Austin,3,87.33,82,92,2026-04-13,82,Restaurant & Food Service,Papa John's Pizza
2802671,Mandola's Italian Market,4700 W Guadalupe St,Austin,6,87.33,73,95,2025-12-04,73,Restaurant & Food Service,Mandola's Italian Market
2803694,Express Food Mart #4,5401 Menchaca Rd,Austin,3,87.33,84,90,2026-01-06,84,Convenience & Fuel,Express Food Mart
2804097,La Hacienda Market,7517 Cameron Rd,Austin,3,87.33,87,88,2025-10-29,87,Restaurant & Food Service,La Hacienda Market
2804114,Speedy Stop,14735 Bratton Ln,Austin,3,87.33,78,94,2025-12-11,78,Restaurant & Food Service,Speedy Stop
10029239,SV - BJ's Restaurant & Brewhouse,5207 Brodie Ln Ste 300,Sunset Valley,3,87.33,83,90,2025-08-19,89,Restaurant & Food Service,SV - BJ's Restaurant & Brewhouse
10082729,Onion Creek Texaco,11031 S IH 35 Service Rd NB,Austin,3,87.33,86,88,2026-05-18,86,Convenience & Fuel,Onion Creek Texaco
10293485,El Pollo Rico #6,1945 E Oltorf St,Austin,6,87.33,79,93,2026-05-06,86,Restaurant & Food Service,El Pollo Rico
10491439,"A la Carte Menu Services,Inc",900 Chicon St,Austin,3,87.33,84,89,2025-04-04,89,Restaurant & Food Service,"A la Carte Menu Services,Inc"
10547395,Shandeez Grill,8863 Anderson Mill Rd Ste 109,Austin,3,87.33,82,94,2026-03-19,82,Restaurant & Food Service,Shandeez Grill
11076913,Cheer Up Charlies,900 Red River St,Austin,3,87.33,85,90,2025-07-03,87,Restaurant & Food Service,Cheer Up Charlies
11099474,Garage,503 Colorado St Ste 100,Austin,3,87.33,82,94,2026-01-16,82,Restaurant & Food Service,Garage
11248209,La Mexicana Supermercado-Meat Counter,14236 FM 969 Rd,Austin,3,87.33,83,90,2025-12-04,90,Grocery,La Mexicana Supermercado-Meat Counter
11522912,Highway Food Mart,4535 E SH 71 WB,Austin,3,87.33,80,92,2025-05-06,92,Convenience & Fuel,Highway Food Mart
11714900,Legacy Oaks Assisted Living,7501 W US 290 Hwy,Austin,3,87.33,81,91,2025-07-10,91,Healthcare,Legacy Oaks Assisted Living
12171569,East Austin Hotel,1108 E 6th St,Austin,3,87.33,75,94,2026-01-28,75,Restaurant & Food Service,East Austin Hotel
12392376,PF - Express Mini Mart,116 E Pecan St,Pflugerville,3,87.33,84,90,2025-04-02,84,Restaurant & Food Service,PF - Express Mini Mart
12396395,Wiggle Room,612 Nueces St,Austin,3,87.33,82,92,2026-01-16,92,Restaurant & Food Service,Wiggle Room
12399648,WL - Hat Creek Burger Company,5902 Bee Caves Rd,West Lake Hills,3,87.33,83,90,2026-02-03,83,Restaurant & Food Service,WL - Hat Creek Burger Company
12186600,PF - Los Amigos Meat (Kitchen),15812 Windermere Dr Ste 200,Pflugerville,7,87.29,80,94,2025-12-12,81,Restaurant & Food Service,PF - Los Amigos Meat (Kitchen)
10490383,Barchi Japanese Restaurant,206 Colorado St,Austin,4,87.25,85,91,2026-02-25,85,Restaurant & Food Service,Barchi Japanese Restaurant
10968230,"Callaway House Austin, The",505 W 22nd St,Austin,4,87.25,86,88,2025-04-24,88,Restaurant & Food Service,"Callaway House Austin, The"
11280821,JG Manchaca Property,11500 Menchaca Rd,Austin,4,87.25,86,89,2025-08-25,87,Restaurant & Food Service,JG Manchaca Property
12061655,BC - Falconhead Golf Club,15201 Falcon Head Blvd,Austin,4,87.25,77,96,2025-04-07,86,Restaurant & Food Service,BC - Falconhead Golf Club
12392677,Hold Out Brewing,1208 W 4th St,Austin,4,87.25,80,93,2026-04-17,93,Restaurant & Food Service,Hold Out Brewing
12393949,"BC - League, The",13420 Galleria Cir Ste A-128,Austin,4,87.25,79,94,2025-10-29,92,Restaurant & Food Service,"BC - League, The"
12396973,Hilton Garden Inn North Austin,12400 N IH 35 Service Rd SB,Austin,4,87.25,84,91,2026-03-03,84,Restaurant & Food Service,Hilton Garden Inn North Austin
10187892,Buenos Aires Cafe,1201 E 6th St,Austin,5,87.2,81,92,2026-02-25,81,Restaurant & Food Service,Buenos Aires Cafe
10745301,Minimax Food Mart #2,1033 E Howard Ln,Austin,5,87.2,85,90,2026-04-22,90,Convenience & Fuel,Minimax Food Mart
11432739,Lily's Sandwich,10901 N Lamar Blvd,Austin,5,87.2,83,93,2025-11-04,83,Restaurant & Food Service,Lily's Sandwich
12392301,PF - Krab Kingz,1202 FM 685 Ste A1-2,Pflugerville,5,87.2,83,93,2026-03-05,83,Restaurant & Food Service,PF - Krab Kingz
12394080,EurAsia 3,5222 Burnet Rd Unit 400A,Austin,5,87.2,80,94,2026-01-20,82,Restaurant & Food Service,EurAsia
12397189,Meat Your Heart,5610 N IH 35 Service Rd SB,Austin,5,87.2,76,94,2025-09-04,94,Restaurant & Food Service,Meat Your Heart
11747511,Bao'd Up,1911 Aldrich St Unit A1,Austin,6,87.17,84,91,2026-03-31,91,Restaurant & Food Service,Bao'd Up
12395223,7-Eleven Convenience Store #38613A,6000 FM 969 Rd,Austin,6,87.17,73,95,2026-03-25,94,Convenience & Fuel,7-Eleven Convenience Store #38613A
11397922,El Rinconcito Del Sabor # 1,7213 Cameron Rd,Austin,7,87.14,74,95,2026-05-01,94,Restaurant & Food Service,El Rinconcito Del Sabor
2800255,Thundercloud Subs,2308 Lake Austin Blvd,Austin,8,87,83,93,2025-11-03,84,Restaurant & Food Service,Thundercloud Subs
2800869,Taco Cabana #127,9605 Research NB Blvd,Austin,3,87,81,92,2026-04-20,92,Restaurant & Food Service,Taco Cabana
2802815,P. Terry's Burger Stand,404 S Lamar SB Blvd,Austin,4,87,70,94,2025-11-24,91,Restaurant & Food Service,P. Terry's Burger Stand
10003014,III Forks #350,111 Lavaca St,Austin,3,87,84,91,2025-02-14,91,Restaurant & Food Service,III Forks
10160542,Cheko's Mexican Restaurant & Bar,1304 W Koenig Ln,Austin,4,87,82,91,2026-02-12,82,Restaurant & Food Service,Cheko's Mexican Restaurant & Bar
10179226,Little Caesars Pizza,5200 E William Cannon Dr,Austin,4,87,84,92,2026-04-22,92,Restaurant & Food Service,Little Caesars Pizza
10181125,LW - Mangieri's Pizza,2133 Lohmans Crossing Rd Ste 600,Lakeway,5,87,84,89,2026-03-25,89,Restaurant & Food Service,LW - Mangieri's Pizza
10206751,El Nuevo Mexico Restaurant,911 W Anderson Ln Ste 120,Austin,4,87,85,91,2025-12-31,86,Restaurant & Food Service,El Nuevo Mexico Restaurant
10229991,R S Food Mart,1219 Rosewood Ave,Austin,3,87,86,89,2026-04-29,86,Convenience & Fuel,R S Food Mart
10256583,Perla's Seafood & Oyster Bar,1400 S Congress Ave Unit 100,Austin,3,87,84,92,2026-02-27,84,Restaurant & Food Service,Perla's Seafood & Oyster Bar
10306272,Carrabba's Italian Grill,11590 Research SB Blvd,Austin,4,87,82,90,2025-12-26,89,Restaurant & Food Service,Carrabba's Italian Grill
10426941,BC - Hill Country Food Mart,13908 W SH 71 Bldg A,Bee Cave,6,87,83,91,2025-11-05,91,Convenience & Fuel,BC - Hill Country Food Mart
10875585,Hana World Market - Foodcourt,1700 W Parmer Ln Ste 100,Austin,3,87,85,89,2025-06-24,87,Grocery,Hana World Market - Foodcourt
10903317,Turf & Surf Po'boy,405 Lavaca St,Austin,4,87,82,91,2026-02-20,91,Restaurant & Food Service,Turf & Surf Po'boy
10928499,Kung Fu Saloon,716 W 6th St,Austin,3,87,85,89,2026-02-10,89,Restaurant & Food Service,Kung Fu Saloon
11016089,WL - Maryes Gourmet Pizza,3663 Bee Caves Rd Ste 4G,West Lake Hills,5,87,82,95,2026-01-29,82,Restaurant & Food Service,WL - Maryes Gourmet Pizza
11444601,Nightcap,1401 W 6th St,Austin,6,87,82,92,2026-02-12,92,Restaurant & Food Service,Nightcap
11577358,Tres Amigos,7535 E US 290 Hwy EB Service Rd,Austin,6,87,73,97,2026-03-04,90,Restaurant & Food Service,Tres Amigos
11634648,Oakwood BBQ,307 E Braker Ln,Austin,4,87,80,91,2025-07-15,90,Restaurant & Food Service,Oakwood BBQ
11643065,Golden Corral #988,7300 S Ih 35,Austin,4,87,83,92,2026-03-17,83,Restaurant & Food Service,Golden Corral
11775812,7-Eleven Convenience Store #36621B,9061 Research NB Blvd,Austin,4,87,82,94,2026-02-09,84,Convenience & Fuel,7-Eleven Convenience Store #36621B
11775849,One Taco,2900 W Anderson Ln Ste K,Austin,5,87,77,94,2026-04-06,93,Restaurant & Food Service,One Taco
11818623,Catedral de Mariscos,220 E Anderson WB Ln,Austin,3,87,85,89,2026-01-23,85,Restaurant & Food Service,Catedral de Mariscos
11871666,Swoon Hospitality (Hanks),5811 Berkman Dr Ste 100,Austin,5,87,81,93,2026-03-06,93,Healthcare,Swoon Hospitality (Hanks)
12185648,ARRIVE Austin,1813 E 6th St,Austin,5,87,78,95,2026-01-29,88,Restaurant & Food Service,ARRIVE Austin
12185737,Roppolos Pizzeria Northside,2604 Guadalupe St,Austin,4,87,80,90,2025-09-23,80,Restaurant & Food Service,Roppolos Pizzeria Northside
12392917,JD's Market #8,8807 Cameron Rd Bldg 2 Unit 100,Austin,4,87,79,91,2026-04-27,87,Restaurant & Food Service,JD's Market
12393493,Codependent,301 West Ave Ste 110,Austin,5,87,85,89,2026-01-15,86,Restaurant & Food Service,Codependent
12393744,Sonic Drive - In #1553,804 W Stassney Ln,Austin,5,87,82,91,2025-12-30,82,Restaurant & Food Service,Sonic Drive - In
12394542,North Lamar Quick Stop,8545 N Lamar Blvd,Austin,3,87,78,95,2026-01-20,78,Restaurant & Food Service,North Lamar Quick Stop
12394564,Ani's Day and Night,7107 E Riverside Dr,Austin,3,87,86,88,2025-12-02,86,Restaurant & Food Service,Ani's Day and Night
12394623,Los Chilakillers,13000 N IH 35 Service Rd SB,Austin,3,87,85,89,2026-01-13,89,Restaurant & Food Service,Los Chilakillers
12397341,Hilton Garden Inn - Austin Univ Capitol,301 W 17th St,Austin,8,87,77,90,2026-05-12,89,Restaurant & Food Service,Hilton Garden Inn - Austin Univ Capitol
12401142,Kokos Mexican Snacks #2,2410 E Riverside Dr Ste F4,Austin,3,87,81,91,2026-04-14,81,Restaurant & Food Service,Kokos Mexican Snacks
12401314,Freebirds World Burrito #20603,1000 E 41st St Ste 260,Austin,4,87,81,93,2026-05-12,81,Restaurant & Food Service,Freebirds World Burrito
12397623,Lazarus Brewing Company,4803 Airport Blvd,Austin,7,86.86,74,95,2026-03-19,82,Restaurant & Food Service,Lazarus Brewing Company
2801316,Kerbey Lane,2606 Guadalupe St,Austin,6,86.83,78,93,2025-11-17,79,Restaurant & Food Service,Kerbey Lane
12397279,Grove Market,2601 Perseverance Dr,Austin,6,86.83,81,92,2026-02-17,92,Restaurant & Food Service,Grove Market
10870122,Applebee's #8001,6315 S Ih 35,Austin,5,86.8,83,90,2026-02-11,85,Restaurant & Food Service,Applebee's
10999165,"HEB Food Store #639 - Deli, Bakery, Produce, Cafe",1801 E 51st St,Austin,5,86.8,85,90,2026-03-06,86,Grocery,"HEB Food Store #639 - Deli, Bakery, Produce, Cafe"
12186618,LW - Thai Spice,2009 Main St Unit 100,Lakeway,5,86.8,81,92,2026-03-12,88,Restaurant & Food Service,LW - Thai Spice
12396469,Roriko Business LLC,13107 FM 969 Rd Ste 100,Austin,5,86.8,82,91,2026-02-26,84,Restaurant & Food Service,Roriko Business LLC
2800396,Thundercloud Subs,3201 Bee Caves Rd,Austin,4,86.75,79,93,2025-12-29,93,Restaurant & Food Service,Thundercloud Subs
2800833,"Iron Cactus, The",606 Trinity St,Austin,4,86.75,81,96,2025-09-25,82,Restaurant & Food Service,"Iron Cactus, The"
11171015,Lone Star Kolaches,2210 W Anderson Ln,Austin,4,86.75,81,93,2026-01-23,90,Restaurant & Food Service,Lone Star Kolaches
11541174,L'Oca d'Oro,1900 Simond Ave Ste 100,Austin,4,86.75,81,94,2025-12-16,91,Restaurant & Food Service,L'Oca d'Oro
12185779,Smoothie King,12314 N IH 35 Service Rd SB,Austin,4,86.75,84,89,2026-04-09,84,Restaurant & Food Service,Smoothie King
12395906,Tapioca House,1906 Guadalupe St,Austin,8,86.75,84,90,2025-12-08,89,Restaurant & Food Service,Tapioca House
12398014,Ramen Del Barrio,1700 W Parmer Ln Ste 100,Austin,4,86.75,77,96,2025-11-21,90,Restaurant & Food Service,Ramen Del Barrio
2800233,Little Caesar's Pizza,4410 E Riverside Dr,Austin,3,86.67,84,90,2026-03-09,86,Restaurant & Food Service,Little Caesar's Pizza
2800386,Little Caesar's Pizza,512 W Stassney Ln,Austin,3,86.67,85,89,2025-08-12,86,Restaurant & Food Service,Little Caesar's Pizza
10174940,Bread Basket - Chevron,9401 S US 183 Hwy,Austin,3,86.67,84,90,2025-03-19,90,Convenience & Fuel,Bread Basket - Chevron
10294642,7-Eleven Convenience Store #21884B,917 N Lamar Blvd,Austin,6,86.67,80,90,2025-12-05,90,Convenience & Fuel,7-Eleven Convenience Store #21884B
10925608,Tony C's Pizza & Wine Bar,10526 W Parmer Ln,Austin,3,86.67,85,88,2025-12-11,87,Restaurant & Food Service,Tony C's Pizza & Wine Bar
11494053,Madam Mam's Thai Cuisine,9911 Brodie Ln Ste 600,Austin,3,86.67,85,89,2025-06-13,86,Restaurant & Food Service,Madam Mam's Thai Cuisine
11713509,Colonial Gardens of Austin A-1,3700 Adelphi Ln,Austin,3,86.67,80,93,2026-05-22,93,Restaurant & Food Service,Colonial Gardens of Austin A-1
11726129,7-Eleven Convenience Store #35805B,13641 N IH 35 Service Rd NB,Austin,3,86.67,79,91,2026-04-21,79,Convenience & Fuel,7-Eleven Convenience Store #35805B
12186022,Medici Cafe,1023 Springdale Rd Bldg 1A,Austin,3,86.67,81,90,2025-08-19,81,Restaurant & Food Service,Medici Cafe
12186319,"Bon Aire, The",9070 Research SB Blvd Unit 101,Austin,3,86.67,85,88,2025-12-02,87,Restaurant & Food Service,"Bon Aire, The"
12393674,Frost Gelato,11700 Rock Rose Ave Ste 176,Austin,3,86.67,80,92,2026-05-21,92,Restaurant & Food Service,Frost Gelato
12398976,Four Brothers - Fareground,111 Congress Ave,Austin,3,86.67,82,91,2026-02-25,87,Restaurant & Food Service,Four Brothers - Fareground
12399256,PershingEast,2501 E 5th St,Austin,3,86.67,76,92,2026-02-02,92,Restaurant & Food Service,PershingEast
12400534,Shawarma Point,111 Congress Ave,Austin,3,86.67,81,91,2026-02-24,88,Restaurant & Food Service,Shawarma Point
11533517,Hotel Ella,1900 Rio Grande St,Austin,8,86.62,82,93,2026-02-20,83,Restaurant & Food Service,Hotel Ella
2800906,Seek & Say Enrichment Day Care,6123 FM 969 Rd,Austin,5,86.6,81,94,2025-06-25,88,School & Childcare,Seek & Say Enrichment Day Care
2803754,La Hacienda Market,9717 N Lamar Blvd,Austin,5,86.6,80,95,2025-04-17,95,Restaurant & Food Service,La Hacienda Market
12398021,Ember Kitchen,800 W Cesar Chavez St Ste Pp110,Austin,5,86.6,80,95,2026-03-11,95,Restaurant & Food Service,Ember Kitchen
10816203,Clark's Oyster Bar,1200 W 6th St,Austin,7,86.57,81,91,2026-02-18,91,Restaurant & Food Service,Clark's Oyster Bar
10008709,El Pollo Rico #4,730 W Stassney Ln,Austin,4,86.5,83,89,2025-12-29,89,Restaurant & Food Service,El Pollo Rico
10211161,Steiner Ranch Steakhouse,5424 Steiner Ranch Blvd,Austin,4,86.5,80,91,2025-07-15,80,Restaurant & Food Service,Steiner Ranch Steakhouse
10557944,Dessau Mini Mart,12915 Dessau Rd,Austin,4,86.5,80,92,2026-05-01,88,Restaurant & Food Service,Dessau Mini Mart
10609592,YaYa Cafe,3706 Guadalupe St Ste B,Austin,6,86.5,71,96,2026-05-04,71,Restaurant & Food Service,YaYa Cafe
10730943,Lupe Tortilla Mexican Restaurant,10515 N Mopac NB Expy Bldg R,Austin,6,86.5,82,89,2026-03-13,88,Restaurant & Food Service,Lupe Tortilla Mexican Restaurant
11151281,El Pollo Rico # 12,8702 Research SB Blvd,Austin,4,86.5,80,92,2026-04-17,92,Restaurant & Food Service,El Pollo Rico
11561992,"Picnik Burnet, LLC",4801 Burnet Rd,Austin,4,86.5,82,91,2025-10-21,86,Restaurant & Food Service,"Picnik Burnet, LLC"
11627907,Dell Seton Medical Center at the University of Texas,1500 Red River St,Austin,4,86.5,83,91,2025-05-06,91,School & Childcare,Dell Seton Medical Center at the University of Texas
11637616,Popeye's #315 - Z & H Foods Inc.,1823 Airport Blvd,Austin,6,86.5,82,92,2026-04-03,82,Restaurant & Food Service,Popeye's #315 - Z & H Foods Inc.
11788013,7 - Eleven Convenience Store #34253B,15010 FM 1825,Pflugerville,4,86.5,79,96,2026-05-12,88,Convenience & Fuel,7 - Eleven Convenience Store #34253B
12186178,"Village at the Triangle, The",4517 Triangle Ave,Austin,4,86.5,83,92,2025-12-08,83,Restaurant & Food Service,"Village at the Triangle, The"
12186299,7-Eleven Convenience Store # 38608A,105 E Stassney Ln,Austin,4,86.5,80,90,2025-09-08,86,Convenience & Fuel,7-Eleven Convenience Store # 38608A
12186499,Happy Chicks,6425 Burnet Rd,Austin,4,86.5,77,91,2025-11-05,88,Restaurant & Food Service,Happy Chicks
12394522,Curra's Hyde Park,4215 Duval St,Austin,4,86.5,81,92,2025-09-05,81,Restaurant & Food Service,Curra's Hyde Park
12395799,New Wok On Fire,9901 Brodie Ln Ste 170,Austin,4,86.5,82,93,2025-08-25,82,Restaurant & Food Service,New Wok On Fire
12400933,Satellite...Eat.Drink.Orbit,5900 W Slaughter Ln Ste 400,Austin,4,86.5,78,100,2026-03-03,100,Restaurant & Food Service,Satellite...Eat.Drink.Orbit
11840744,Shipley's Donuts,1045 Norwood Park Blvd,Austin,5,86.4,81,94,2026-05-20,94,Restaurant & Food Service,Shipley's Donuts
12395990,Thompson L2 Events Kitchens,501 Brazos St,Austin,5,86.4,77,92,2026-02-20,85,Restaurant & Food Service,Thompson L2 Events Kitchens
12397969,Tsaocaa UT Austin,2222 Rio Grande St Ste C120,Austin,5,86.4,80,90,2025-09-15,88,Restaurant & Food Service,Tsaocaa UT Austin
12399606,MN - Holiday Inn Express,11918 Ring Dr,Manor,5,86.4,76,97,2026-03-13,93,Restaurant & Food Service,MN - Holiday Inn Express
2800039,Parmer Lane Tavern,2121 W Parmer Ln Ste 101,Austin,3,86.33,83,91,2025-12-08,83,Restaurant & Food Service,Parmer Lane Tavern
2802243,Craigo's Pizza and Pastaria,4970 W US 290 WB Hwy,Austin,3,86.33,84,91,2025-04-21,84,Restaurant & Food Service,Craigo's Pizza and Pastaria
10028448,Rutland Market,900 Rutland Dr,Austin,6,86.33,80,91,2025-12-15,80,Restaurant & Food Service,Rutland Market
10564890,J. D.'s Market #5,7310 E Riverside Dr,Austin,6,86.33,82,92,2025-12-01,89,Restaurant & Food Service,J. D.'s Market
11087892,7-Eleven Convenience Store #36618A,7114 N Interstate 35,Austin,3,86.33,75,95,2025-08-04,89,Convenience & Fuel,7-Eleven Convenience Store #36618A
11109004,Grand Donuts,615 W Slaughter Ln Ste 112,Austin,3,86.33,81,91,2026-04-21,81,Restaurant & Food Service,Grand Donuts
11184972,Hyridge Mart,3503 Hyridge Dr,Austin,3,86.33,73,94,2025-08-05,92,Restaurant & Food Service,Hyridge Mart
11377565,Westin Austin Downtown,310 E 5th St,Austin,6,86.33,83,90,2026-02-23,85,Restaurant & Food Service,Westin Austin Downtown
11980377,E Braker Lane Food Mart,1005 E Braker Ln Ste 3,Austin,3,86.33,83,91,2026-04-14,91,Convenience & Fuel,E Braker Lane Food Mart
12394964,Micklethwait Craft Meats,4602 Tanney St,Austin,3,86.33,81,90,2025-07-10,90,Restaurant & Food Service,Micklethwait Craft Meats
12395854,Freddo ATX,2336 S Congress Ave,Austin,3,86.33,83,91,2026-04-27,83,Restaurant & Food Service,Freddo ATX
12397005,TC - Vaquero's Cafe,3810 N Quinlan Park Rd Ste 240,Austin,3,86.33,84,90,2025-11-20,85,Restaurant & Food Service,TC - Vaquero's Cafe
12398946,Space Cowboy,1917 E 7th St Ste 100,Austin,3,86.33,81,92,2025-07-11,86,Restaurant & Food Service,Space Cowboy
2801149,Omni Austin,701 Brazos St,Austin,4,86.25,81,90,2026-05-11,89,Restaurant & Food Service,Omni Austin
10086722,Courtyard by Marriott- Champions/Starbucks,300 E 4th St,Austin,4,86.25,77,91,2025-09-16,91,Restaurant & Food Service,Courtyard by Marriott- Champions
11515150,Speedy Stop #107,5725 E Parmer Ln,Manor,4,86.25,81,92,2026-01-05,81,Restaurant & Food Service,Speedy Stop
12045212,7-Eleven Convenience Store #38104A,614 E Koenig Ln,Austin,4,86.25,78,92,2026-05-19,92,Convenience & Fuel,7-Eleven Convenience Store #38104A
12398187,Common Interest,8440 Burnet Rd Ste 148,Austin,4,86.25,82,92,2026-01-08,92,Restaurant & Food Service,Common Interest
12399716,Murray's Tavern Austin LLC,2316 Webberville Rd,Austin,4,86.25,80,89,2026-01-28,89,Restaurant & Food Service,Murray's Tavern Austin LLC
12400141,Supreme Halal Food,8213 Brodie Ln Ste 100,Austin,4,86.25,82,91,2026-02-09,83,Restaurant & Food Service,Supreme Halal Food
2800422,Jim's Coffee Shop,9091 Research NB Blvd,Austin,5,86.2,82,90,2025-11-19,86,Restaurant & Food Service,Jim's Coffee Shop
11056832,Gus's Fried Chicken,117 San Jacinto Blvd,Austin,5,86.2,80,90,2026-05-04,88,Restaurant & Food Service,Gus's Fried Chicken
11764498,Brotherton's Black Iron Barbecue,15608 Spring Hill Ln,Pflugerville,5,86.2,82,90,2025-11-24,88,Restaurant & Food Service,Brotherton's Black Iron Barbecue
12398752,Subway,12518 Research SB Blvd Unit F,Austin,5,86.2,80,91,2026-02-06,87,Restaurant & Food Service,Subway
2802023,ABIA - Annie's Cafe & Bar,3600 Presidential Blvd Ste 110,Austin,6,86.17,82,92,2025-06-04,85,Venue & Concessions,ABIA - Annie's Cafe & Bar
11860440,Better Half Bar,406 Walsh St,Austin,6,86.17,83,93,2026-04-17,93,Restaurant & Food Service,Better Half Bar
11348918,Buttercup Chevron,14815 Dessau Rd Ste 100,Pflugerville,7,86.14,76,100,2026-04-22,92,Convenience & Fuel,Buttercup Chevron
11757706,LIN,1203 W 6th St,Austin,7,86.14,72,97,2026-02-18,97,Restaurant & Food Service,LIN
10051054,Clay Pit Contemporary Indian Restaurant,1601 Guadalupe St,Austin,8,86.12,81,90,2026-05-12,81,Restaurant & Food Service,Clay Pit Contemporary Indian Restaurant
2800059,Bill Miller BBQ,709 E Ben White Blvd,Austin,4,86,83,89,2025-08-26,83,Restaurant & Food Service,Bill Miller BBQ
2800666,Oasis Cantina,6550 Comanche Trl,Austin,3,86,84,89,2025-11-20,84,Restaurant & Food Service,Oasis Cantina
10001511,Galaxy Cafe,1000 W Lynn St,Austin,8,86,81,90,2025-12-16,81,Restaurant & Food Service,Galaxy Cafe
10003415,C-Mart #7,5200 E William Cannon Dr,Austin,3,86,84,89,2026-04-22,84,Restaurant & Food Service,C-Mart
10008754,Los Braseros Mexican Restaurant,9207 N Lamar Blvd,Austin,6,86,79,96,2026-02-23,84,Restaurant & Food Service,Los Braseros Mexican Restaurant
10251709,Black Sheep Lodge,2108 S Lamar Blvd,Austin,3,86,84,88,2025-12-22,86,Restaurant & Food Service,Black Sheep Lodge
10390428,Thai Fresh,909 W Mary St,Austin,3,86,82,89,2026-01-08,82,Restaurant & Food Service,Thai Fresh
10581694,Amaya's Taco Village,5804 N Interstate 35,Austin,6,86,77,94,2025-11-19,94,Restaurant & Food Service,Amaya's Taco Village
10665383,Hopfields,3110 Guadalupe St Ste 400,Austin,4,86,78,93,2026-01-13,93,Restaurant & Food Service,Hopfields
10726921,Super Moreliana-Taqueria,6112 S US 183 SB Hwy,Austin,3,86,82,91,2025-05-23,85,Restaurant & Food Service,Super Moreliana-Taqueria
10780044,Moms 7,13000 FM 812 Rd,Del Valle,3,86,82,89,2025-07-16,89,Restaurant & Food Service,Moms
10935507,Tropical Market,10805 N Lamar Blvd Ste J,Austin,5,86,79,93,2026-03-12,87,Restaurant & Food Service,Tropical Market
11095928,Ruth's Chris Steak House #7351,107 W 6th St,Austin,3,86,83,88,2026-04-15,87,Restaurant & Food Service,Ruth's Chris Steak House
11309832,Galaxy Cafe,8127 Mesa Dr Unit 100,Austin,5,86,75,92,2026-05-07,75,Restaurant & Food Service,Galaxy Cafe
11518966,Pinballz Arcade,13729 N US 183 NB Hwy Unit 1350,Austin,5,86,83,88,2026-05-19,83,Restaurant & Food Service,Pinballz Arcade
11526883,MN - Shipley Donuts,11300 E US 290 WB Hwy Unit 100,Manor,5,86,83,92,2025-12-18,92,Restaurant & Food Service,MN - Shipley Donuts
11647869,MN - Chokdee Restaurant,11300 E US 290 Hwy WB,Manor,7,86,77,99,2026-03-11,87,Restaurant & Food Service,MN - Chokdee Restaurant
11708903,Marcelino's LLC.,901 Tillery St,Austin,3,86,80,95,2025-07-24,80,Restaurant & Food Service,Marcelino's LLC.
11741231,LW-Lake Travis Independent Living,302 Medical Pkwy,Lakeway,6,86,79,99,2026-05-21,88,Restaurant & Food Service,LW-Lake Travis Independent Living
11964073,Sangam Chettinad Indian Cuisine,6001 W Parmer Ln Ste 140,Austin,3,86,80,93,2026-04-07,85,Restaurant & Food Service,Sangam Chettinad Indian Cuisine
12120641,Wholy Bagel,3637 Far West Blvd,Austin,4,86,82,90,2025-11-13,90,Restaurant & Food Service,Wholy Bagel
12185773,EPIC POKE,6448 E Us 290 Hwy Service Rd WB,Austin,5,86,81,91,2025-07-18,91,Restaurant & Food Service,EPIC POKE
12185913,Courtyard Austin Arboretum,9409 Stonelake Blvd,Austin,3,86,84,88,2026-04-23,86,Restaurant & Food Service,Courtyard Austin Arboretum
12186037,Emerald Tavern Games & Cafe,9012 Research SB Blvd Bldg C,Austin,5,86,74,94,2025-12-16,88,Restaurant & Food Service,Emerald Tavern Games & Cafe
12186381,Dos Salsas Domain,11301 Burnet Rd Bldg 1,Austin,4,86,81,89,2026-02-23,89,Restaurant & Food Service,Dos Salsas Domain
12392483,PF - milk + tea,1608 Town Center Dr Ste 200,Pflugerville,3,86,84,88,2026-02-26,84,Restaurant & Food Service,PF - milk + tea
12395500,Peacock Restaurant,600 W 2nd St,Austin,5,86,83,90,2026-04-01,83,Restaurant & Food Service,Peacock Restaurant
12396029,7-Eleven Convenience Store #36591B,201 W Ben White Blvd,Austin,5,86,79,91,2025-12-26,79,Convenience & Fuel,7-Eleven Convenience Store #36591B
12397182,Taco Flats-Riata,12221 Riata Trace Pkwy Ste 100,Austin,3,86,84,88,2026-01-07,84,Restaurant & Food Service,Taco Flats-Riata
12397417,PF - Iron Fish Sushi & Grill,900 E Pecan St Ste 800,Pflugerville,3,86,84,90,2025-11-06,90,Restaurant & Food Service,PF - Iron Fish Sushi & Grill
12397972,PF - Eleven 11 Sports Bar and Grill dba TaterQue,1202 FM 685 Ste 5-6,Pflugerville,5,86,78,91,2025-11-19,90,Restaurant & Food Service,PF - Eleven 11 Sports Bar and Grill dba TaterQue
12399155,LW - La Gordibuena Taqueria,113 N FM 620 Rd,Lakeway,4,86,80,89,2025-09-16,80,Restaurant & Food Service,LW - La Gordibuena Taqueria
12399755,Sushi Roku,405 Colorado St Ste 100,Austin,5,86,77,93,2026-04-16,77,Restaurant & Food Service,Sushi Roku
12400715,"Dead Rabbit, The",204 E 6th St,Austin,3,86,81,95,2026-04-14,81,Restaurant & Food Service,"Dead Rabbit, The"
12400840,Afghan Cuisine,9717 N Lamar Blvd Ste C2,Austin,3,86,77,94,2025-09-23,77,Restaurant & Food Service,Afghan Cuisine
10001056,Pho Saigon,10901 N Lamar Blvd Unit 108,Austin,6,85.83,79,88,2026-04-02,88,Restaurant & Food Service,Pho Saigon
10369329,Maggiano's Little Italy,10910 Domain Dr Ste 100,Austin,6,85.83,83,89,2025-12-30,84,Restaurant & Food Service,Maggiano's Little Italy
12186508,Kolache Factory,3706 N Lamar Blvd,Austin,6,85.83,77,94,2026-02-04,87,Restaurant & Food Service,Kolache Factory
12395608,JD's Market - Bakery-Kitchen,14300 Dessau Rd,Pflugerville,6,85.83,81,90,2026-04-01,83,Restaurant & Food Service,JD's Market - Bakery-Kitchen
2800046,Hyde Park Bar and Grill,4206 Duval St,Austin,5,85.8,80,92,2025-11-05,80,Restaurant & Food Service,Hyde Park Bar and Grill
10003981,Chuy's North Lamar,10520 N Lamar Blvd,Austin,5,85.8,83,90,2025-12-15,90,Restaurant & Food Service,Chuy's North Lamar
11546953,Lotus Chinese,11501 Rock Rose Ave Ste 152,Austin,5,85.8,78,91,2026-04-23,83,Restaurant & Food Service,Lotus Chinese
12392497,One Taco,402 Brazos St,Austin,5,85.8,79,89,2026-01-28,85,Restaurant & Food Service,One Taco
12395959,Lonesome Dove Western Bistro,123 W 6th St,Austin,5,85.8,80,91,2026-04-15,86,Restaurant & Food Service,Lonesome Dove Western Bistro
2800742,Thundercloud Subs,1807 W Slaughter Ln Ste 500,Austin,4,85.75,77,91,2026-02-18,90,Restaurant & Food Service,Thundercloud Subs
2801372,Taco Shack III,12439 Metric Blvd,Austin,4,85.75,83,88,2026-04-27,88,Restaurant & Food Service,Taco Shack III
11211426,2222 Market,1112 W Koenig Ln,Austin,4,85.75,82,87,2026-05-05,87,Restaurant & Food Service,2222 Market
11748577,Foodie's Corner 3,8225 W SH 71,Austin,4,85.75,77,93,2025-07-10,80,Restaurant & Food Service,Foodie's Corner
11866528,New Hope Ranch,11908 Sparks Rd,Manor,4,85.75,81,90,2026-01-06,82,Restaurant & Food Service,New Hope Ranch
12025179,Urban Air South Austin,4500 S Pleasant Valley Rd Ste 106,Austin,4,85.75,84,87,2025-11-25,85,Restaurant & Food Service,Urban Air South Austin
12186270,Godinez Bakery,9616 N Lamar Blvd Ste 130,Austin,4,85.75,83,89,2026-01-15,84,Restaurant & Food Service,Godinez Bakery
12186594,Jardin Corona Mexican Restaurant,13301 N US 183 Hwy NB Service Rd Bldg E,Austin,4,85.75,84,89,2026-02-09,85,Restaurant & Food Service,Jardin Corona Mexican Restaurant
12398091,Uptown Sports,1200 E 6th St,Austin,4,85.75,80,91,2026-02-10,85,Restaurant & Food Service,Uptown Sports
2801933,Vasquez Mexican Restaurant #2,9063 Research NB Blvd,Austin,3,85.67,79,92,2026-01-12,79,Restaurant & Food Service,Vasquez Mexican Restaurant
2803866,Jiffy Sak,6105 Techni Center Dr,Austin,3,85.67,82,89,2025-11-06,86,Restaurant & Food Service,Jiffy Sak
10483507,Vince Young Steakhouse,301 San Jacinto Blvd,Austin,3,85.67,72,94,2025-07-17,72,Restaurant & Food Service,Vince Young Steakhouse
10734366,HandleBar,121 E 5th St,Austin,3,85.67,82,88,2026-04-16,88,Restaurant & Food Service,HandleBar
10805455,WL - Lupe Tortillas Mexican Restaurant,701 S Capital of Texas Hwy Bldg A,West Lake Hills,6,85.67,82,90,2026-01-23,84,Restaurant & Food Service,WL - Lupe Tortillas Mexican Restaurant
10866954,Hana World Market - Deli,1700 W Parmer Ln Ste 100,Austin,3,85.67,81,91,2025-06-24,81,Grocery,Hana World Market - Deli
11095956,Moonies Burger House,13450 N US 183 Hwy Service Rd SB,Austin,3,85.67,81,91,2026-03-12,81,Restaurant & Food Service,Moonies Burger House
11130514,Courtesy Shell #4,2241 S Ih 35,Austin,3,85.67,80,97,2026-05-06,80,Convenience & Fuel,Courtesy Shell
11393326,"Pavilion At Great Hills, The",11819 Pavilion Blvd,Austin,3,85.67,85,87,2026-03-03,85,Restaurant & Food Service,"Pavilion At Great Hills, The"
12392992,Corinne Marriott Hotel Austin,304 E Cesar Chavez St,Austin,6,85.67,81,90,2026-05-04,90,Restaurant & Food Service,Corinne Marriott Hotel Austin
12396838,Austea,500 E Ben White Blvd,Austin,3,85.67,82,90,2025-06-04,85,Restaurant & Food Service,Austea
12399441,Happy Chicks,10611 Research NB Blvd,Austin,3,85.67,83,89,2026-04-03,83,Restaurant & Food Service,Happy Chicks
10672549,Masala Wok,10515 N Mopac NB Expy Unit 155,Austin,5,85.6,80,91,2026-03-13,84,Restaurant & Food Service,Masala Wok
12398782,JDs Supermarket #9 (-Kitchen - Bakery),6214 E Riverside Dr,Austin,5,85.6,78,91,2026-02-24,91,Restaurant & Food Service,JDs Supermarket #9 (-Kitchen - Bakery)
11341790,Hill-Bert's Burgers,5340 Cameron Rd,Austin,7,85.57,82,90,2026-03-31,87,Restaurant & Food Service,Hill-Bert's Burgers
2800935,Short Stop #2,12784 N US 183 Hwy SB Service Rd,Austin,6,85.5,71,96,2026-04-06,78,Restaurant & Food Service,Short Stop
2804030,La Hacienda Market,1812 Payton Gin Rd,Austin,4,85.5,85,87,2026-03-02,85,Restaurant & Food Service,La Hacienda Market
11086976,Minimax Food Mart #3,11800 Dessau Rd,Austin,4,85.5,82,89,2026-02-03,85,Convenience & Fuel,Minimax Food Mart
11452574,El Jacalito,2030 E Oltorf St Ste 110,Austin,4,85.5,74,93,2025-09-09,93,Restaurant & Food Service,El Jacalito
11459701,Me Con Bistro,3421 W William Cannon Dr Ste 101,Austin,4,85.5,80,93,2025-09-09,83,Restaurant & Food Service,Me Con Bistro
11526833,Sterling Events Center,6134 E US 290 Hwy WB Service Rd,Austin,4,85.5,83,89,2026-01-22,89,Restaurant & Food Service,Sterling Events Center
11623411,Laxmi Farsan & Catering,6305 Cameron Rd Ste 120,Austin,4,85.5,81,92,2026-03-25,86,Institutional & Catering,Laxmi Farsan & Catering
11727227,7-Eleven Convenience Store # 35878B,613 Congress Ave,Austin,4,85.5,80,89,2025-08-12,88,Convenience & Fuel,7-Eleven Convenience Store # 35878B
11789891,Soto,1100 S Lamar Blvd Ste 2115,Austin,6,85.5,79,93,2026-02-19,85,Restaurant & Food Service,Soto
11845758,NG Cafe,13000 N IH 35 Service Rd SB,Austin,4,85.5,83,88,2026-01-21,88,Restaurant & Food Service,NG Cafe
12399830,LW - Chicken Express - Lakeway,2109 S FM 620 Rd,Lakeway,4,85.5,77,91,2025-09-19,84,Restaurant & Food Service,LW - Chicken Express - Lakeway
2801721,La Michoacana,6908 Cameron Rd,Austin,5,85.4,78,94,2026-01-15,94,Restaurant & Food Service,La Michoacana
12394218,SV - Mighty Fine Burgers Fries Shakes,5601 Brodie Ln Ste 1300,Sunset Valley,5,85.4,77,92,2025-03-18,81,Restaurant & Food Service,SV - Mighty Fine Burgers Fries Shakes
12396138,Taco Shack,1508 W Anderson Ln,Austin,5,85.4,80,92,2026-03-05,80,Restaurant & Food Service,Taco Shack
12396704,Workhorse Bar,100 E North Loop Blvd Bldg B,Austin,5,85.4,77,90,2025-12-17,87,Restaurant & Food Service,Workhorse Bar
2801188,D.J.'s American Grill/Embassy,9505 Stonelake Blvd,Austin,3,85.33,81,92,2025-12-30,83,Restaurant & Food Service,D.J.'s American Grill
2802487,Hilton Austin,9515 Hotel Dr,Austin,3,85.33,80,89,2025-04-16,80,Restaurant & Food Service,Hilton Austin
10035246,Loyola Grocery,6710 Loyola Ln,Austin,3,85.33,78,95,2026-01-12,95,Grocery,Loyola Grocery
10099732,"Grand Billiards, The",4631 Airport Blvd Ste 121,Austin,3,85.33,76,91,2026-02-24,91,Restaurant & Food Service,"Grand Billiards, The"
10101590,Brooklyn Heights Pizzeria,14900 Avery Ranch Blvd,Austin,3,85.33,79,91,2025-03-07,79,Restaurant & Food Service,Brooklyn Heights Pizzeria
10236411,Cafe Crepes d'Austin,200 San Jacinto Blvd,Austin,3,85.33,84,88,2026-01-09,88,Restaurant & Food Service,Cafe Crepes d'Austin
10321380,P. Terry's Burger Stand,4220 W William Cannon Dr,Austin,3,85.33,83,88,2025-12-04,83,Restaurant & Food Service,P. Terry's Burger Stand
11459871,"Texan Market No. 4, The",7200 Cameron Rd,Austin,3,85.33,78,95,2026-02-19,95,Restaurant & Food Service,"Texan Market No. 4, The"
11662588,Toulouse Domain,3120 Palm Way Ste 150,Austin,3,85.33,82,89,2026-04-28,85,Restaurant & Food Service,Toulouse Domain
12185867,BUCK WILD,310 E 6th St,Austin,3,85.33,83,87,2026-05-11,83,Restaurant & Food Service,BUCK WILD
12392760,Coconut Club,310 Colorado St Ste B,Austin,3,85.33,76,92,2025-06-20,76,Restaurant & Food Service,Coconut Club
12396466,Austin Kolache & Koffee,8127 Mesa Dr Ste 202,Austin,3,85.33,82,87,2026-01-06,82,Restaurant & Food Service,Austin Kolache & Koffee
12396730,Pollos Asados EL Norteno,6401 FM 969 Rd Unit 400,Austin,6,85.33,80,93,2026-04-22,80,Restaurant & Food Service,Pollos Asados EL Norteno
12397738,"Dirdie Birdie, The",10910 Domain Dr Ste 120,Austin,3,85.33,75,94,2025-08-18,94,Restaurant & Food Service,"Dirdie Birdie, The"
12398814,"311 Club, The",311 E 6th St,Austin,3,85.33,82,89,2025-12-03,85,Restaurant & Food Service,"311 Club, The"
12401217,Purple Rice,10515 N Mopac NB Expy Unit A - 135,Austin,3,85.33,80,89,2026-05-05,87,Restaurant & Food Service,Purple Rice
2802492,La Hacienda Market #4,1812 Payton Gin Rd,Austin,4,85.25,76,96,2026-03-02,86,Restaurant & Food Service,La Hacienda Market
10068020,Lifetime Fitness Cafe,7101 S Mopac NB Expy Unit P1,Austin,4,85.25,76,94,2026-01-29,76,Restaurant & Food Service,Lifetime Fitness Cafe
10223834,Opa,2050 S Lamar Blvd,Austin,4,85.25,80,89,2025-12-29,88,Restaurant & Food Service,Opa
11821290,TLC,1100 S Lamar Blvd Ste 1150,Austin,4,85.25,78,93,2026-02-19,81,Restaurant & Food Service,TLC
11924499,Ramos Restaurant #3,14611 Burnet Rd Ste 103,Austin,4,85.25,80,94,2026-04-27,80,Restaurant & Food Service,Ramos Restaurant
12397984,Civil Goat Coffee,2610 Manor Rd Unit B,Austin,4,85.25,78,95,2025-06-30,95,Restaurant & Food Service,Civil Goat Coffee
12399462,Snack Stop,17111 Blake Manor Rd,Manor,4,85.25,77,90,2026-04-06,90,Restaurant & Food Service,Snack Stop
11482803,BC - Chisos Grill,12700 Hill Country Blvd Ste S-100,Bee Cave,5,85.2,76,92,2025-12-09,81,Restaurant & Food Service,BC - Chisos Grill
12044025,Tech Ridge Oaks,400 E Yager Ln,Austin,5,85.2,75,91,2026-02-24,75,Restaurant & Food Service,Tech Ridge Oaks
12186342,Hestia,607 W 3rd St Ste 105,Austin,5,85.2,80,89,2026-02-20,80,Restaurant & Food Service,Hestia
2802911,"LW - Donut Hole, The",2422 S FM 620 Rd Ste 124,Lakeway,6,85.17,80,90,2026-04-16,89,Restaurant & Food Service,"LW - Donut Hole, The"
12185939,"Pho Vietnamese Kitchen, The",609 Clayton Ln Unit 100,Austin,6,85.17,78,89,2025-12-04,89,Restaurant & Food Service,"Pho Vietnamese Kitchen, The"
10737724,Fresa's Chicken al Carbon,915 N Lamar Blvd,Austin,7,85.14,70,90,2025-12-05,85,Restaurant & Food Service,Fresa's Chicken al Carbon
12397425,MN - Pho Yes LLC,11300 E US 290 Hwy Ste 250,Manor,7,85.14,81,89,2026-03-24,89,Restaurant & Food Service,MN - Pho Yes LLC
2800228,Short Stop,6603 Berkman Dr,Austin,5,85,79,88,2026-01-22,87,Restaurant & Food Service,Short Stop
2800505,Taqueria Arandas #3,6534 Burnet Rd,Austin,3,85,83,88,2026-02-25,84,Restaurant & Food Service,Taqueria Arandas
2802338,International House of Pancakes,8801 S Ih 35,Austin,5,85,78,90,2025-11-26,78,Restaurant & Food Service,International House of Pancakes
2802419,Boulevards Grill & Bar,3616 Far West Blvd,Austin,4,85,80,91,2026-03-11,88,Restaurant & Food Service,Boulevards Grill & Bar
2803780,Circle A,7107 US 290 Hwy,Austin,3,85,83,86,2026-03-23,83,Restaurant & Food Service,Circle A
10035159,Waterloo Ice House,9600 S Interstate 35,Austin,4,85,82,91,2025-07-18,84,Restaurant & Food Service,Waterloo Ice House
10058183,SV - Doc's Backyard,5207 Brodie Ln Ste 100,Sunset Valley,4,85,80,87,2025-06-06,86,Restaurant & Food Service,SV - Doc's Backyard
10120187,Serranos Cafe & Cantina,9500 S Interstate 35 Ste D,Austin,3,85,80,90,2025-06-05,90,Restaurant & Food Service,Serranos Cafe & Cantina
10147146,China House Restaurant,9505 Burnet Rd,Austin,4,85,81,95,2025-06-24,82,Restaurant & Food Service,China House Restaurant
10502087,Thirsty Nickel,325 E 6th St,Austin,4,85,81,90,2026-03-09,81,Restaurant & Food Service,Thirsty Nickel
10769075,Signature #9,900 N Interstate 35,Austin,4,85,82,86,2026-01-15,86,Restaurant & Food Service,Signature
11289675,Hu La Hu Market,4901 S 1st St,Austin,3,85,83,88,2025-09-05,84,Restaurant & Food Service,Hu La Hu Market
11457812,MN - El Pollo Rico #10,11828 Ring Dr,Manor,9,85,77,98,2026-03-24,80,Restaurant & Food Service,MN - El Pollo Rico
11475217,MN - Manor Donuts,14001 Shadowglen Blvd,Manor,3,85,83,86,2025-11-20,86,Restaurant & Food Service,MN - Manor Donuts
11522498,"Line ATX Restaurant, The",111 E Cesar Chavez St,Austin,4,85,79,89,2025-07-17,87,Restaurant & Food Service,"Line ATX Restaurant, The"
11526388,Pekitas,8762 Research SB Blvd Bldg B,Austin,4,85,82,89,2026-04-17,87,Restaurant & Food Service,Pekitas
11655110,Taverna,3120 Palm Way,Austin,4,85,81,89,2026-03-16,89,Restaurant & Food Service,Taverna
11657345,B.D. Rileys PUB at Mueller,1905 Aldrich St Ste 130,Austin,5,85,70,96,2026-01-14,91,Restaurant & Food Service,B.D. Rileys PUB at Mueller
11785125,Honest Mary's,9828 Great Hills Trl Ste 300,Austin,3,85,77,92,2026-04-15,86,Restaurant & Food Service,Honest Mary's
11903671,Brodie Market,7612 Brodie Ln,Austin,3,85,82,87,2026-04-21,82,Restaurant & Food Service,Brodie Market
11967754,Pretzel Maker,2901 S Capital of Texas Hwy,Austin,3,85,76,94,2025-02-20,94,Restaurant & Food Service,Pretzel Maker
12156023,Oseyo Restaurant,1628 E Cesar Chavez St,Austin,3,85,80,90,2025-08-07,85,Restaurant & Food Service,Oseyo Restaurant
12186252,Carve American Grille,7415 Southwest Pkwy # 100,Austin,3,85,82,88,2025-05-02,82,Restaurant & Food Service,Carve American Grille
12186655,PF - Al Zaytoon,616 FM 685 Ste 104A,Pflugerville,4,85,82,91,2026-03-10,84,Restaurant & Food Service,PF - Al Zaytoon
12393426,Bull and Bowl,501 W 6th St Unit 200,Austin,4,85,82,90,2026-01-13,82,Restaurant & Food Service,Bull and Bowl
12394745,Subway,500 Canyon Ridge Dr Ste J22,Austin,5,85,81,88,2026-05-07,87,Restaurant & Food Service,Subway
12394887,BB Market,12201 Pearce Ln,Del Valle,3,85,80,92,2025-07-18,83,Restaurant & Food Service,BB Market
12394912,Ma'Coco,501 Comal St,Austin,4,85,83,88,2025-07-17,83,Restaurant & Food Service,Ma'Coco
12396511,Mochinut,1700 W Parmer Ln Ste 100,Austin,3,85,77,91,2025-06-24,87,Restaurant & Food Service,Mochinut
12397105,Wyndham Garden - Austin (Commercial Kitchen & Bar),3401 S Ih 35,Austin,3,85,84,86,2025-06-04,84,Restaurant & Food Service,Wyndham Garden - Austin (Commercial Kitchen & Bar)
12398364,Kwality Ice Cream,13945 N US 183 Hwy NB Service Rd Unit 86,Austin,3,85,78,92,2026-05-07,85,Restaurant & Food Service,Kwality Ice Cream
12186204,Taco Flats Clarksville,1110 W Lynn St,Austin,7,84.86,83,89,2025-12-09,86,Restaurant & Food Service,Taco Flats Clarksville
12392318,PF - Crystal Food Mart & Deli,18801 Weiss Ln,Pflugerville,6,84.83,80,93,2026-04-13,93,Convenience & Fuel,PF - Crystal Food Mart & Deli
12392542,Pokeworks,1920 E Riverside Dr Unit 110,Austin,6,84.83,73,94,2026-04-17,73,Restaurant & Food Service,Pokeworks
2801627,Wink,1014 N Lamar Blvd,Austin,5,84.8,71,93,2026-05-19,71,Restaurant & Food Service,Wink
2802486,Katuburto,402 E 6th St,Austin,5,84.8,78,93,2026-02-20,93,Restaurant & Food Service,Katuburto
11424358,Holiday Inn Austin Midtown,6000 Middle Fiskville Rd,Austin,5,84.8,79,91,2026-05-07,88,Restaurant & Food Service,Holiday Inn Austin Midtown
12176526,Pueblo Viejo Mexican Food,2410 E Riverside Dr Unit 8,Austin,5,84.8,81,90,2025-11-17,84,Restaurant & Food Service,Pueblo Viejo Mexican Food
12392506,PF - Broth & Basil,18817 Limestone Commercial Dr Ste 400,Pflugerville,5,84.8,80,88,2026-02-04,86,Restaurant & Food Service,PF - Broth & Basil
2801751,P F Chang's China Bistro,201 San Jacinto Blvd,Austin,4,84.75,79,88,2026-01-20,79,Restaurant & Food Service,P F Chang's China Bistro
2802077,Nordstrom's Cafe Bistro,2901 S Capital of Texas Hwy,Austin,4,84.75,78,96,2026-04-23,81,Restaurant & Food Service,Nordstrom's Cafe Bistro
11402314,7-Eleven Convenience Store #36266A,8600 E US 290 Hwy WB Service Rd,Austin,4,84.75,79,92,2025-12-18,92,Convenience & Fuel,7-Eleven Convenience Store #36266A
11684627,Kura Revolving Sushi Bar,6929 Airport Blvd Ste 125,Austin,4,84.75,76,91,2026-05-12,91,Restaurant & Food Service,Kura Revolving Sushi Bar
11927255,Bread Basket,1800 Scofield Ridge Pkwy,Austin,4,84.75,80,89,2026-02-25,80,Restaurant & Food Service,Bread Basket
2803985,Express Food Mart #7,10500 N Lamar Blvd,Austin,7,84.71,80,88,2026-02-23,83,Convenience & Fuel,Express Food Mart
11377695,"Halal Corner, The",1200 Barbara Jordan Blvd Ste 300,Austin,7,84.71,77,89,2026-03-04,88,Restaurant & Food Service,"Halal Corner, The"
12095341,Utea Pho,2222 Rio Grande St Ste 120,Austin,7,84.71,73,93,2026-01-08,89,Restaurant & Food Service,Utea Pho
2801931,Jefes Mexican Restaurant,720 Lamar Pl Unit 2,Austin,3,84.67,83,86,2026-04-06,83,Restaurant & Food Service,Jefes Mexican Restaurant
2803620,Mobil Food Mart #2,717 E 7th St,Austin,3,84.67,79,90,2025-05-19,90,Convenience & Fuel,Mobil Food Mart
2803749,Mike's Mini Mart,7101 Ed Bluestein Blvd,Austin,3,84.67,79,89,2025-12-30,89,Restaurant & Food Service,Mike's Mini Mart
10001098,Fred Groceries Inc.,6715 E US 290 Hwy EB Service Rd,Austin,3,84.67,81,87,2026-03-23,81,Restaurant & Food Service,Fred Groceries Inc.
10428064,Yellow Jacket Social Club,1704 E 5th St Ste 100,Austin,3,84.67,79,90,2025-06-02,79,Restaurant & Food Service,Yellow Jacket Social Club
10449800,Kerbey Lane Cafe,4301 W William Cannon Dr Bldg F,Austin,3,84.67,82,89,2025-07-23,82,Restaurant & Food Service,Kerbey Lane Cafe
11301280,Of Rigor LLC DBA The Madison/Roosevelt Room,307 W 5th St,Austin,3,84.67,82,87,2025-09-03,85,Restaurant & Food Service,Of Rigor LLC DBA The Madison
11519680,7-Eleven Convenience Store #36680A,3848 Airport Blvd,Austin,3,84.67,75,91,2026-03-11,88,Convenience & Fuel,7-Eleven Convenience Store #36680A
11655851,Taqueria Arandinas Botanero Sports Bar,9616 N Lamar Blvd Ste 195,Austin,6,84.67,70,93,2025-12-22,70,Restaurant & Food Service,Taqueria Arandinas Botanero Sports Bar
11763395,La Madeleine # 201,9828 Great Hills Trl Ste 650,Austin,3,84.67,83,86,2026-02-12,85,Restaurant & Food Service,La Madeleine
11867509,North Italia,500 W 2nd St Ste 120,Austin,6,84.67,80,90,2026-03-04,90,Restaurant & Food Service,North Italia
12186184,El Patio,2938 Guadalupe St,Austin,3,84.67,82,90,2025-11-06,82,Restaurant & Food Service,El Patio
12392359,PF - Baris Pasta Pizza,1501 W Pecan St,Pflugerville,6,84.67,81,91,2026-02-12,81,Restaurant & Food Service,PF - Baris Pasta Pizza
12392873,HEB,8801 S Congress Ave,Austin,3,84.67,81,89,2025-07-29,81,Grocery,HEB
12393754,Longhorn Market,704 E Saint Johns Ave,Austin,3,84.67,83,86,2026-01-15,83,Restaurant & Food Service,Longhorn Market
12394183,Honey Moon,624 W 34th St,Austin,3,84.67,75,92,2025-12-09,87,Restaurant & Food Service,Honey Moon
12395747,Habana Restaurant,2728 S Congress Ave,Austin,3,84.67,78,91,2026-03-13,78,Restaurant & Food Service,Habana Restaurant
12399753,DAM - A,713 E Huntland Dr,Austin,3,84.67,82,87,2026-05-11,87,Restaurant & Food Service,DAM - A
12401272,House Park Bar-B-Que,900 W 12th St,Austin,3,84.67,82,86,2026-03-03,86,Restaurant & Food Service,House Park Bar-B-Que
2802121,Galaxy Cafe,9911 Brodie Ln,Austin,5,84.6,77,94,2025-09-29,79,Restaurant & Food Service,Galaxy Cafe
10484226,LW - Cafe Lago,1200 Lakeway Dr Ste 1,Lakeway,5,84.6,77,88,2026-03-02,87,Restaurant & Food Service,LW - Cafe Lago
11426421,RA Sushi,117 W 4th St,Austin,5,84.6,80,89,2026-04-16,83,Restaurant & Food Service,RA Sushi
11727656,HDCB Scholz,1607 San Jacinto Blvd,Austin,5,84.6,77,91,2025-11-22,91,Restaurant & Food Service,HDCB Scholz
12186514,Counter Cafe,603 W 29th St,Austin,5,84.6,81,89,2025-12-12,81,Restaurant & Food Service,Counter Cafe
11961522,ABIA Food and Fuel,2901 Spirit of Texas Dr Ste 200,Austin,7,84.57,70,94,2026-01-29,85,Venue & Concessions,ABIA Food and Fuel
12175762,Riverside Nursing and Rehabilitation Center,6801 E Riverside Dr,Austin,7,84.57,74,91,2026-02-23,91,Healthcare,Riverside Nursing and Rehabilitation Center
2801309,Casa Marianella,821 Gunter St,Austin,4,84.5,82,88,2026-05-22,82,Restaurant & Food Service,Casa Marianella
2801360,LW - Live Oak Country Club,510 Lakeway Dr,Lakeway,4,84.5,77,90,2025-07-03,90,Restaurant & Food Service,LW - Live Oak Country Club
10193027,Cover 3,2700 W Anderson Ln Ste 202,Austin,4,84.5,77,95,2026-02-10,80,Restaurant & Food Service,Cover
10586003,411 First Floor,404 E 6th St,Austin,4,84.5,79,92,2025-11-20,92,Restaurant & Food Service,411 First Floor
10863734,Epicerie,2307 Hancock Dr,Austin,4,84.5,75,90,2025-10-22,90,Restaurant & Food Service,Epicerie
12156033,Placita's Restaurant,5310 S Pleasant Valley Rd Ste A,Austin,4,84.5,75,100,2025-08-05,75,Restaurant & Food Service,Placita's Restaurant
12392619,Sazan Ramen,6929 Airport Blvd Ste 146,Austin,4,84.5,81,88,2026-05-22,81,Restaurant & Food Service,Sazan Ramen
12392660,Ruby Thai Kitchen,2901 S Capital of Texas Hwy Unit Vc04,Austin,4,84.5,83,86,2026-03-31,84,Restaurant & Food Service,Ruby Thai Kitchen
12394406,Gabriela's,9600 S Interstate 35 # 86,Austin,4,84.5,79,90,2025-06-26,79,Restaurant & Food Service,Gabriela's
12395125,Techridge Denny's,13216 N IH 35 Service Rd SB,Austin,4,84.5,79,90,2026-02-05,79,Restaurant & Food Service,Techridge Denny's
12396629,PF - La Casita Mexican Restaurant,800 W Pecan St,Pflugerville,6,84.5,76,90,2026-03-17,76,Restaurant & Food Service,PF - La Casita Mexican Restaurant
12398622,PF - Cheesy Bite Enterprise Inc,1300 W Pflugerville Pkwy Ste 330,Round Rock,4,84.5,80,89,2025-11-20,80,Restaurant & Food Service,PF - Cheesy Bite Enterprise Inc
10727281,Monte Carlo Market,408 E Rundberg Ln,Austin,7,84.43,79,91,2025-12-11,84,Restaurant & Food Service,Monte Carlo Market
12093672,"Kerbey Lane Cafe, Inc.",2200 Aldrich St Ste 100,Austin,7,84.43,79,88,2026-04-28,86,Restaurant & Food Service,"Kerbey Lane Cafe, Inc."
12393668,Qi Austin,835 W 6th St Unit 114,Austin,7,84.43,70,90,2026-04-14,85,Restaurant & Food Service,Qi Austin
2801963,Taco Joint,2809 San Jacinto Blvd,Austin,5,84.4,76,92,2026-02-05,76,Restaurant & Food Service,Taco Joint
2802345,Taco Shack,4002 N Lamar Blvd,Austin,5,84.4,78,92,2025-08-06,78,Restaurant & Food Service,Taco Shack
2802424,Baby Acapulco #5,9505 Stonelake Blvd,Austin,5,84.4,73,92,2026-03-06,92,Restaurant & Food Service,Baby Acapulco
10008932,El Taquito,1713 Old East Riverside Dr,Austin,5,84.4,77,100,2025-12-03,77,Restaurant & Food Service,El Taquito
10468660,BC - Maudie's Hill Country LLC,12506 Shops Pkwy,Bee Cave,5,84.4,80,92,2026-04-09,82,Restaurant & Food Service,BC - Maudie's Hill Country LLC
10794093,BC - Madam Mam's Thai Cuisine,3929 Market St,Bee Cave,5,84.4,82,86,2026-03-16,84,Restaurant & Food Service,BC - Madam Mam's Thai Cuisine
12072190,BC-Saltgrass Steakhouse,12613 Galleria Cir,Bee Cave,5,84.4,77,93,2026-01-13,93,Restaurant & Food Service,BC-Saltgrass Steakhouse
2803281,"I.E, INC.",2101 E Ben White Blvd Ste 306,Austin,3,84.33,82,87,2026-04-21,84,Restaurant & Food Service,"I.E, INC."
10132234,7-Eleven,1705 S Lakeshore Blvd,Austin,3,84.33,81,88,2026-04-06,88,Convenience & Fuel,7-Eleven
10215188,Ichiban at Austin,7310 Burnet Rd,Austin,3,84.33,84,85,2026-02-23,84,Restaurant & Food Service,Ichiban at Austin
10467276,Egg Roll Express,6301 W Parmer Ln Ste 202,Austin,3,84.33,81,89,2026-01-06,83,Restaurant & Food Service,Egg Roll Express
10608159,Burnet Express,8400 Burnet Rd,Austin,3,84.33,80,90,2026-02-06,83,Restaurant & Food Service,Burnet Express
11083030,Newk's Eatery,9722 Great Hills Trl Ste 130,Austin,3,84.33,81,88,2026-02-13,84,Restaurant & Food Service,Newk's Eatery
11466830,"Jack & Ginger Rock Rose, Inc",11500 Rock Rose Ave Unit B,Austin,3,84.33,82,88,2026-04-15,83,Restaurant & Food Service,"Jack & Ginger Rock Rose, Inc"
12396543,Bun Belly,6929 Airport Blvd Ste 132,Austin,3,84.33,82,87,2026-05-06,87,Restaurant & Food Service,Bun Belly
12397535,BC - Simply Ramen & Gyoza,12918 Shops Pkwy Ste 300,Bee Cave,6,84.33,78,90,2025-12-11,85,Restaurant & Food Service,BC - Simply Ramen & Gyoza
11410847,Raku Sushi Restaurant,2222 Rio Grande St Unit 100,Austin,7,84.29,74,89,2026-01-08,89,Restaurant & Food Service,Raku Sushi Restaurant
2800140,Donn's Depot,1600 W 5th St,Austin,4,84.25,82,86,2026-03-25,86,Restaurant & Food Service,Donn's Depot
2800145,Short Stop #3,2217 E 7th St,Austin,4,84.25,81,87,2026-02-23,87,Restaurant & Food Service,Short Stop
11398820,Buffalo Wild Wings #622,901 Little Texas Ln Ste D,Austin,4,84.25,76,88,2025-12-23,76,Restaurant & Food Service,Buffalo Wild Wings
11858487,Le Bleu,9070 Research SB Blvd Unit 303,Austin,4,84.25,81,87,2026-03-09,87,Restaurant & Food Service,Le Bleu
11936225,Vaquero Taquero,104 E 31st St,Austin,4,84.25,81,90,2025-11-04,83,Restaurant & Food Service,Vaquero Taquero
12395329,Ravenscroft Market,11200 Menchaca Rd Bldg 1,Austin,4,84.25,81,86,2025-06-25,86,Restaurant & Food Service,Ravenscroft Market
12397690,Master Donut,6100 E Riverside Dr Ste 103,Austin,4,84.25,76,92,2026-04-24,79,Restaurant & Food Service,Master Donut
10730245,Pelons,802 Red River St,Austin,5,84.2,81,86,2026-01-15,83,Restaurant & Food Service,Pelons
11936946,Double Dave's Pizza,1700 Grand Avenue Pkwy,Pflugerville,5,84.2,82,88,2026-01-06,83,Restaurant & Food Service,Double Dave's Pizza
12393353,BC - Tony C's,12800 Hill Country Blvd Ste 160,Bee Cave,5,84.2,78,94,2025-11-20,83,Restaurant & Food Service,BC - Tony C's
12397665,LW - Taco Flats Lakeway,900 S FM 620 Rd Ste C104,Lakeway,5,84.2,72,90,2025-07-01,89,Restaurant & Food Service,LW - Taco Flats Lakeway
12398634,Cain & Abel's,907 W 24th St,Austin,5,84.2,82,88,2025-08-19,88,Restaurant & Food Service,Cain & Abel's
2800663,Texican Cafe,11940 Manchaca Rd,Austin,6,84.17,81,88,2026-02-10,82,Restaurant & Food Service,Texican Cafe
11094488,Holiday Inn Austin Airport,6711 E Ben White Blvd Unit D,Austin,8,84.12,76,90,2026-03-12,85,Restaurant & Food Service,Holiday Inn Austin Airport
2800191,Warehouse Saloon & Billards,509 E Ben White Blvd,Austin,3,84,83,85,2026-03-31,83,Restaurant & Food Service,Warehouse Saloon & Billards
2800390,Fonda San Miguel,2330 W North Loop Blvd,Austin,3,84,79,94,2026-01-21,79,Restaurant & Food Service,Fonda San Miguel
2801072,Villa Pizza (Food Court),2901 S Capital of Texas Hwy,Austin,4,84,75,91,2026-03-31,75,Restaurant & Food Service,Villa Pizza (Food Court)
2802127,UT Golf Club,2200 University Club Dr,Austin,3,84,80,89,2025-08-12,80,Restaurant & Food Service,UT Golf Club
2802664,Moonshine Patio Bar & Grill,600 E 3rd St,Austin,4,84,80,88,2025-05-29,80,Restaurant & Food Service,Moonshine Patio Bar & Grill
2802971,Double Dave's Pizza,13343 N US 183 Hwy NB Service Rd Unit 240,Austin,5,84,75,92,2026-03-16,80,Restaurant & Food Service,Double Dave's Pizza
10044643,Pho Dan,11220 N Lamar Blvd Unit 100,Austin,6,84,77,92,2026-01-05,85,Restaurant & Food Service,Pho Dan
10367499,Manor Food Mart #1,6700 Manor Rd,Austin,5,84,80,90,2026-03-13,85,Convenience & Fuel,Manor Food Mart
10375990,La Hacienda Mkt #6,6425 S Ih 35 Ste 120,Austin,3,84,81,87,2026-02-02,84,Restaurant & Food Service,La Hacienda Mkt
10446331,Rice Bowl Cafe,11220 N Lamar Blvd Unit 306,Austin,6,84,79,89,2026-02-24,87,Restaurant & Food Service,Rice Bowl Cafe
10969915,Elroy & Ross Market,7200 Elroy Rd,Del Valle,4,84,77,90,2025-12-02,85,Restaurant & Food Service,Elroy & Ross Market
11081478,Montopolis Grocery,1211 Montopolis Dr,Austin,3,84,81,89,2026-05-04,89,Grocery,Montopolis Grocery
11151093,Duval Market,500 E 51st St,Austin,3,84,82,88,2026-05-21,88,Restaurant & Food Service,Duval Market
11465889,Clarksville Market,1001 W Lynn St,Austin,3,84,82,87,2026-04-21,83,Restaurant & Food Service,Clarksville Market
11501149,Forthright,98 San Jacinto Blvd Ste 170,Austin,5,84,76,99,2025-09-04,99,Restaurant & Food Service,Forthright
11922109,ABIA - East Food Court,3600 Presidential Blvd Ste 110,Austin,4,84,76,91,2025-08-28,84,Venue & Concessions,ABIA - East Food Court
12131544,Halal Wings,1200 Barbara Jordan Blvd Ste 340,Austin,4,84,78,92,2025-04-08,92,Restaurant & Food Service,Halal Wings
12145559,Master Donuts,1725 E Riverside Dr Ste A,Austin,3,84,75,91,2026-02-19,86,Restaurant & Food Service,Master Donuts
12185580,Heaven's Bakery & Bistro,2205 W Parmer Ln Unit 100,Austin,4,84,80,87,2026-04-14,83,Restaurant & Food Service,Heaven's Bakery & Bistro
12186501,Velvet Taco,522 Congress Ave Ste 100,Austin,4,84,77,89,2025-09-25,86,Restaurant & Food Service,Velvet Taco
12393014,Paperboy,1203 E 11th St,Austin,5,84,80,91,2025-09-22,80,Restaurant & Food Service,Paperboy
12394087,Orange Market 2 Inc,2401 San Gabriel St Apt 200,Austin,3,84,78,89,2025-06-24,89,Restaurant & Food Service,Orange Market 2 Inc
12396127,Zoom Zoom Food Mart,2300 E Ben White Blvd,Austin,3,84,83,85,2026-02-11,85,Convenience & Fuel,Zoom Zoom Food Mart
12396652,"El Oceano Sports Bar and Mariscos, LLC",9515 N Lamar Blvd Ste 102,Austin,7,84,75,90,2025-09-16,76,Restaurant & Food Service,"El Oceano Sports Bar and Mariscos, LLC"
12398605,Fire Bowl Cafe,5601 Brodie Ln,Sunset Valley,3,84,76,94,2025-03-12,82,Restaurant & Food Service,Fire Bowl Cafe
2800840,Taco Shack,4412 Medical Pkwy,Austin,7,83.86,71,90,2026-05-21,85,Restaurant & Food Service,Taco Shack
10005135,Waterloo Ice House,9600 Escarpment Blvd Ste 800,Austin,7,83.86,80,88,2026-04-02,80,Restaurant & Food Service,Waterloo Ice House
10692976,Tienda Mexicana,825 E Rundberg Ln Ste D,Austin,7,83.86,81,86,2026-02-12,86,Restaurant & Food Service,Tienda Mexicana
12394150,La Superior Market,2410 E Riverside Dr,Austin,6,83.83,79,87,2026-04-06,85,Restaurant & Food Service,La Superior Market
12395572,El Chile Cafe y Cantina,1900 Manor Rd,Austin,6,83.83,74,89,2026-02-09,74,Restaurant & Food Service,El Chile Cafe y Cantina
10079872,MN - Good Luck Grill,14605 N FM 973 Rd,Manor,5,83.8,74,93,2026-04-01,93,Restaurant & Food Service,MN - Good Luck Grill
12398668,PD Thai Cuisine,3208 Guadalupe St Unit A,Austin,5,83.8,78,88,2025-12-15,78,Restaurant & Food Service,PD Thai Cuisine
11625639,LW - Vivel Crepes & Coffee,2011 Main St Unit 500,Lakeway,4,83.75,76,87,2025-12-17,76,Restaurant & Food Service,LW - Vivel Crepes & Coffee
12037159,Vincent's,8916 Brodie Ln Unit 100,Austin,4,83.75,81,87,2025-06-02,81,Restaurant & Food Service,Vincent's
12186653,"Turnstile Coffee, Beer and Spirits",10025 Burnet Rd,Austin,4,83.75,79,88,2026-03-13,80,Restaurant & Food Service,"Turnstile Coffee, Beer and Spirits"
12392332,Zoe's Safe Place,4606 Connelly St,Austin,4,83.75,77,91,2026-03-24,91,Restaurant & Food Service,Zoe's Safe Place
2800564,Mozart's Coffee Roasters,3825 Lake Austin Blvd Ste 301,Austin,7,83.71,80,89,2025-11-13,84,Restaurant & Food Service,Mozart's Coffee Roasters
2800745,Cheers Shot Bar,416 E 6th St,Austin,3,83.67,82,85,2025-05-29,85,Restaurant & Food Service,Cheers Shot Bar
10221919,La Condesa Restaurant,400 W 2nd St Unit A,Austin,3,83.67,77,89,2025-02-27,89,Restaurant & Food Service,La Condesa Restaurant
11012367,Hay Elotes,2214 E 7th St,Austin,3,83.67,78,88,2025-12-08,78,Restaurant & Food Service,Hay Elotes
11835018,"Brewtorium Brewery & Kitchen, The",6015 Dillard Cir Ste A,Austin,3,83.67,78,91,2025-12-03,91,Restaurant & Food Service,"Brewtorium Brewery & Kitchen, The"
12125306,China Family,6801 Airport Blvd,Austin,3,83.67,73,90,2026-05-19,88,Restaurant & Food Service,China Family
12186291,Korea House Restaurant,2700 W Anderson Ln Ste 501,Austin,3,83.67,80,91,2026-02-09,80,Restaurant & Food Service,Korea House Restaurant
12186541,Four Brothers,2901 S Capital of Texas Hwy Unit Vc02,Austin,3,83.67,78,92,2026-03-25,92,Restaurant & Food Service,Four Brothers
12392357,Hwy 969 Food Mart,6401 FM 969 Rd Unit 100,Austin,6,83.67,76,88,2026-04-22,76,Convenience & Fuel,Hwy 969 Food Mart
12394153,Black Rock Coffee Bar,7415 Southwest Pkwy Bldg 6 Ste 100,Austin,3,83.67,77,89,2026-02-26,85,Restaurant & Food Service,Black Rock Coffee Bar
12394942,Kapatad Kitchen and Cafe,3742 Far West Blvd Ste 113,Austin,3,83.67,79,91,2025-05-21,81,Restaurant & Food Service,Kapatad Kitchen and Cafe
12400413,Hula Hut,3825 Lake Austin Blvd,Austin,3,83.67,80,87,2025-11-13,84,Restaurant & Food Service,Hula Hut
12394355,Smoothie King,13096 N US 183 Hwy SB Service Rd Bldg A,Austin,5,83.6,79,89,2026-02-27,89,Restaurant & Food Service,Smoothie King
12397928,Russell's Bakery & Coffee,3339 Hancock Dr,Austin,5,83.6,76,92,2026-01-06,88,Restaurant & Food Service,Russell's Bakery & Coffee
12398720,Tiny Grocer Hyde Park,4300 Speedway Ste 101,Austin,5,83.6,72,94,2025-12-16,72,Restaurant & Food Service,Tiny Grocer Hyde Park
11395964,Kesos Taco House,600 W Martin Luther King Jr Blvd,Austin,7,83.57,74,88,2025-12-01,74,Restaurant & Food Service,Kesos Taco House
2800355,El Arroyo,1624 W 5th St,Austin,8,83.5,73,90,2026-03-25,73,Restaurant & Food Service,El Arroyo
2801118,34th Street Cafe,1005 W 34th St,Austin,4,83.5,80,86,2026-04-07,86,Restaurant & Food Service,34th Street Cafe
2803128,Lone Star Kolaches,1701 W Parmer Ln,Austin,4,83.5,74,89,2026-04-15,83,Restaurant & Food Service,Lone Star Kolaches
11570417,Viva Food Mart - Taqueria,8610 N Lamar Blvd Ste 100,Austin,4,83.5,82,84,2026-04-02,84,Convenience & Fuel,Viva Food Mart - Taqueria
11902132,Doubletree Austin NW Arboretum,8901 Business Park Dr,Austin,4,83.5,71,93,2026-05-06,71,Restaurant & Food Service,Doubletree Austin NW Arboretum
12398553,7-Eleven Convenience Store #35808A,863 Airport Blvd,Austin,4,83.5,75,91,2026-05-04,91,Convenience & Fuel,7-Eleven Convenience Store #35808A
2801993,J D's Conoco #2,6575 Decker Ln,Austin,5,83.4,81,87,2026-02-18,84,Convenience & Fuel,J D's Conoco
2802807,Cherrywood,1400 E 38Th Half St,Austin,5,83.4,77,89,2026-01-14,85,Restaurant & Food Service,Cherrywood
10889845,El Pollo Rico #5,1717 S Pleasant Valley Rd,Austin,5,83.4,74,93,2026-03-04,93,Restaurant & Food Service,El Pollo Rico
11996449,MN - Casa Garcia Mexican Restaurant + Cantina,12700 Lexington St Unit 100,Manor,5,83.4,77,86,2025-09-25,86,Restaurant & Food Service,MN - Casa Garcia Mexican Restaurant + Cantina
12186156,SV-Bao'd Up,5207 Brodie Ln Ste 115,Sunset Valley,5,83.4,74,90,2025-03-06,86,Restaurant & Food Service,SV-Bao'd Up
12394929,Meat and Bread,360 Nueces St Ste 20,Austin,5,83.4,76,94,2026-02-04,94,Restaurant & Food Service,Meat and Bread
2800153,Esther's Follies,525 E 6th St,Austin,3,83.33,78,87,2025-11-07,85,Restaurant & Food Service,Esther's Follies
2800918,Outback Steakhouse,11600 Research SB Blvd,Austin,3,83.33,80,89,2025-10-22,80,Restaurant & Food Service,Outback Steakhouse
11369351,Juliet,1500 Barton Springs Rd,Austin,3,83.33,79,88,2026-03-26,83,Restaurant & Food Service,Juliet
12394231,White Tiger,1321 S Congress Ave,Austin,3,83.33,80,86,2026-04-16,84,Restaurant & Food Service,White Tiger
12398017,BC - Los Pinos,11715 Bee Cave Rd,Bee Cave,3,83.33,80,86,2025-03-27,86,Restaurant & Food Service,BC - Los Pinos
2802544,FM 973 Express,20306 N FM 973 Rd,Pflugerville,4,83.25,79,86,2026-02-02,86,Restaurant & Food Service,FM 973 Express
10768306,Peche,208 W 4th St,Austin,4,83.25,74,90,2025-09-12,74,Restaurant & Food Service,Peche
12185872,BC - Toss Pizzeria and Pub,11905 Bee Cave Rd,Bee Cave,4,83.25,78,86,2025-09-11,84,Restaurant & Food Service,BC - Toss Pizzeria and Pub
12394363,Kool Corner,6413 Manor Rd,Austin,4,83.25,77,93,2026-01-12,79,Restaurant & Food Service,Kool Corner
12396236,Baklava House,10205 N Lamar Blvd,Austin,4,83.25,77,90,2026-02-02,77,Restaurant & Food Service,Baklava House
11595948,Bread Basket,11410 Menchaca Rd,Austin,5,83.2,72,93,2025-06-26,77,Restaurant & Food Service,Bread Basket
12186561,PF - Go Xpress,19500 N Heatherwilde Blvd Unit 100,Pflugerville,5,83.2,75,89,2025-11-20,79,Restaurant & Food Service,PF - Go Xpress
12399608,MEXTA,106 E 6th St Ste 110,Austin,5,83.2,67,90,2026-05-19,87,Restaurant & Food Service,MEXTA
2800905,"Chicken Bowl, The",1610 Lavaca St,Austin,6,83.17,79,87,2026-01-05,87,Restaurant & Food Service,"Chicken Bowl, The"
11221310,"Counter Cafe, The",1914 E 6th St Ste A,Austin,6,83.17,80,85,2026-01-22,84,Restaurant & Food Service,"Counter Cafe, The"
11856205,Hotel Indigo Austin Downtown,810 Red River St,Austin,6,83.17,81,87,2026-05-08,81,Restaurant & Food Service,Hotel Indigo Austin Downtown
2801490,Ranch 616,616 Nueces St,Austin,7,83.14,79,87,2025-09-16,84,Restaurant & Food Service,Ranch
12186498,Taquero Mucho LLC,508 West Ave,Austin,7,83.14,74,90,2025-09-09,90,Restaurant & Food Service,Taquero Mucho LLC
12392527,PF - Lone Star Kolaches,2606 W Pecan St,Pflugerville,7,83.14,79,88,2026-03-12,80,Restaurant & Food Service,PF - Lone Star Kolaches
12395517,MN - Las Salsas Bar and Grille,109 Burnet St N,Manor,7,83.14,79,90,2025-12-09,88,Restaurant & Food Service,MN - Las Salsas Bar and Grille
10933597,Tyson's Tacos,4905 Airport Blvd,Austin,8,83.12,67,96,2026-03-18,96,Restaurant & Food Service,Tyson's Tacos
2800859,Papa John's Pizza #935,411 W Martin Luther King Jr Blvd,Austin,5,83,80,87,2025-12-02,85,Restaurant & Food Service,Papa John's Pizza
2801525,Zen Restaurant,2900 W Anderson Ln,Austin,3,83,82,84,2026-04-20,83,Restaurant & Food Service,Zen Restaurant
2801929,Roaring Fork Restaurant,701 Congress Ave,Austin,3,83,76,90,2025-08-06,76,Restaurant & Food Service,Roaring Fork Restaurant
10000448,Mom's Taste,6613 Airport Blvd,Austin,3,83,76,89,2026-03-10,84,Restaurant & Food Service,Mom's Taste
10338098,BC - Mandolas Italian Market,12815 Shops Pkwy Ste 400,Austin,4,83,75,87,2025-11-25,87,Restaurant & Food Service,BC - Mandolas Italian Market
10809127,Starstop 38,4912 Monterey Oaks Blvd,Austin,3,83,80,86,2025-05-02,83,Restaurant & Food Service,Starstop
10957424,"LW - Grove Wine Bar & Kitchen, The",3001 S FM 620 Rd,Lakeway,4,83,82,86,2026-02-06,86,Restaurant & Food Service,"LW - Grove Wine Bar & Kitchen, The"
11309001,"Omelettry, The",4631 Airport Blvd Unit 131A,Austin,5,83,77,91,2026-01-09,91,Restaurant & Food Service,"Omelettry, The"
11588155,Civil Goat Coffee Co.,704 N Cuernavaca Dr,Austin,4,83,73,89,2026-01-13,89,Restaurant & Food Service,Civil Goat Coffee Co.
11828432,Food Basket #7,2015 W Parmer Ln,Austin,4,83,80,87,2026-05-18,81,Restaurant & Food Service,Food Basket
12039601,Ojos Locos Sports Cantina,7522 N Interstate 35 Ste B,Austin,3,83,79,86,2026-01-29,84,Restaurant & Food Service,Ojos Locos Sports Cantina
12044877,WL - Sway Restaurant,3437 Bee Caves Rd,West Lake Hills,5,83,78,91,2026-04-02,80,Restaurant & Food Service,WL - Sway Restaurant
12394634,Renaissance Austin Hotel,9721 Arboretum Blvd,Austin,3,83,75,90,2026-04-10,75,Restaurant & Food Service,Renaissance Austin Hotel
12395921,Maiko Sushi & Kitchen,207 San Jacinto Blvd Ste 202,Austin,4,83,73,90,2026-01-22,73,Restaurant & Food Service,Maiko Sushi & Kitchen
12396185,Peace Bakery And Deli 5,11220 N Lamar Blvd,Austin,3,83,79,86,2026-01-12,84,Restaurant & Food Service,Peace Bakery And Deli
12397631,China Dragon,2700 W Pecan St Ste 600,Pflugerville,4,83,78,90,2025-06-10,83,Restaurant & Food Service,China Dragon
12398232,Double RR Grocery,4501 E Martin Luther King Jr Blvd,Austin,3,83,80,87,2025-07-25,82,Grocery,Double RR Grocery
12398290,Four Brothers Management LLC,2525 W Anderson Ln # 120,Austin,3,83,76,88,2026-02-19,85,Restaurant & Food Service,Four Brothers Management LLC
12399577,Pollo Rico,1815 Airport Blvd,Austin,3,83,82,85,2026-04-16,82,Restaurant & Food Service,Pollo Rico
12400040,An Nyeong Korean Tofu House,5011 Burnet Rd Unit 150,Austin,4,83,75,89,2026-02-05,75,Restaurant & Food Service,An Nyeong Korean Tofu House
12400608,Delmy's Pupuseria,5808 Burleson Rd,Austin,3,83,74,89,2025-11-03,74,Restaurant & Food Service,Delmy's Pupuseria
11689275,Mi Casa Market #1,11700 Dessau Rd,Austin,8,82.88,76,91,2026-01-05,79,Restaurant & Food Service,Mi Casa Market
2802410,Parsons House @ Austin,1130 Camino La Costa,Austin,7,82.86,76,89,2026-05-01,89,Restaurant & Food Service,Parsons House @ Austin
11189159,Sawyer and Company,4827 E Cesar Chavez St,Austin,7,82.86,75,91,2026-03-17,79,Restaurant & Food Service,Sawyer and Company
11663065,Super Mercado Mexicana (Restaurant),701 Masterson Pass,Austin,7,82.86,75,89,2025-12-04,80,Restaurant & Food Service,Super Mercado Mexicana (Restaurant)
12393636,Nova Kitchen LLC,440 W 2nd St,Austin,7,82.86,74,88,2026-02-09,84,Restaurant & Food Service,Nova Kitchen LLC
2800445,Capt Benny's Seafood,5700 N Interstate 35,Austin,6,82.83,78,89,2025-11-19,78,Restaurant & Food Service,Capt Benny's Seafood
12392826,ABIA - Austin City Market,3600 Presidential Blvd Unit 3800,Austin,6,82.83,76,90,2026-01-05,80,Venue & Concessions,ABIA - Austin City Market
10675703,BC - LT Country Market,3325 S FM 620 Rd,Bee Cave,5,82.8,76,90,2026-05-18,77,Restaurant & Food Service,BC - LT Country Market
12392662,Civil Goat Coffee,3423 Guadalupe St Unit 100A,Austin,5,82.8,72,90,2026-01-12,90,Restaurant & Food Service,Civil Goat Coffee
12398068,Quince,3825 Lake Austin Blvd,Austin,5,82.8,80,86,2025-09-03,83,Restaurant & Food Service,Quince
10005392,LW - Flintrock Falls Country Club,401 Jack Nicklaus Dr,Austin,4,82.75,74,90,2025-04-16,90,Restaurant & Food Service,LW - Flintrock Falls Country Club
10166446,Shiner's Saloon,422 Congress Ave Ste D,Austin,4,82.75,74,90,2025-07-10,86,Restaurant & Food Service,Shiner's Saloon
11297105,"Grove Wine Bar and Kitchen, The",800 W 6th St,Austin,4,82.75,80,87,2025-02-06,80,Restaurant & Food Service,"Grove Wine Bar and Kitchen, The"
12395794,Taquero Mucho n Burnet LLC,11101 Burnet Rd Unit 150,Austin,4,82.75,72,88,2026-02-23,88,Restaurant & Food Service,Taquero Mucho n Burnet LLC
12395852,"Austinite Market, The",3318 Harmon Ave,Austin,4,82.75,71,94,2025-11-20,81,Restaurant & Food Service,"Austinite Market, The"
12399032,Que Divino Cocina,3435 Greystone Dr Ste 112,Austin,4,82.75,71,87,2026-01-29,71,Restaurant & Food Service,Que Divino Cocina
2802198,Maudies Hacienda,9911 Brodie Ln,Austin,3,82.67,72,88,2025-06-12,88,Restaurant & Food Service,Maudies Hacienda
10223520,MLK Food Store,2915 E Martin Luther King Jr Blvd,Austin,3,82.67,80,88,2026-04-27,80,Restaurant & Food Service,MLK Food Store
11432746,Choice Food Mart,14326 Hunters Bend Rd,Austin,3,82.67,76,88,2026-02-04,88,Convenience & Fuel,Choice Food Mart
11692322,Two Bucks,503 E 6th St,Austin,3,82.67,78,86,2025-05-30,78,Restaurant & Food Service,Two Bucks
11708918,Madam Mam,510 W 26th St Unit 2,Austin,6,82.67,62,96,2026-02-04,82,Restaurant & Food Service,Madam Mam
12186253,Frog & the Bull,4300 N Quinlan Park Rd,Austin,3,82.67,76,89,2025-09-17,89,Restaurant & Food Service,Frog & the Bull
12395733,Modern Market,2107 Boca Raton Dr,Austin,3,82.67,76,87,2026-05-18,85,Restaurant & Food Service,Modern Market
2800879,Austin Land and Cattle Co.,1205 N Lamar Blvd,Austin,8,82.62,63,90,2026-01-21,90,Restaurant & Food Service,Austin Land and Cattle Co.
10470316,Paco's Tacos,1304 E 51st St,Austin,5,82.6,70,91,2026-02-03,86,Restaurant & Food Service,Paco's Tacos
12169667,Snack Time,2800 S Heatherwilde Blvd,Pflugerville,5,82.6,75,87,2026-02-05,84,Restaurant & Food Service,Snack Time
12393436,PF - Bamboo Bistro,2324 FM 685 Ste 500,Pflugerville,7,82.57,78,89,2026-02-25,84,Restaurant & Food Service,PF - Bamboo Bistro
2800762,Roppolo's Pizzeria II,316 E 6th St,Austin,4,82.5,80,85,2025-12-03,81,Restaurant & Food Service,Roppolo's Pizzeria II
10040040,Jalisco's Restaurant and Bar,6601 S Congress Ave,Austin,4,82.5,79,84,2025-10-27,84,Restaurant & Food Service,Jalisco's Restaurant and Bar
10507284,Tortilleria Rio Grande,500 W William Cannon Dr Ste 402,Austin,4,82.5,73,86,2026-02-10,86,Restaurant & Food Service,Tortilleria Rio Grande
11340160,Which Wich,1701 W Parmer Ln,Austin,4,82.5,79,88,2026-04-17,83,Restaurant & Food Service,Which Wich
11508599,Bueno Mexican Market,14300 FM 969 Rd Unit D,Austin,4,82.5,73,90,2026-02-26,73,Restaurant & Food Service,Bueno Mexican Market
11061849,Xian Sushi and Noodle,"1801 E 51st St, C70",Austin,7,82.43,71,92,2026-04-17,92,Restaurant & Food Service,Xian Sushi and Noodle
12392612,Texan Mart,10401 N IH 35 Service Rd NB,Austin,7,82.43,71,89,2026-04-01,71,Restaurant & Food Service,Texan Mart
10507727,W Austin Main Kitchen Banquet Dining,200 Lavaca St,Austin,5,82.4,70,94,2026-02-18,94,Restaurant & Food Service,W Austin Main Kitchen Banquet Dining
11431732,Lustre Pearl East,114 Linden St,Austin,5,82.4,72,91,2025-08-11,72,Restaurant & Food Service,Lustre Pearl East
11868163,BC - Plate By Dzintra,12823 Shops Pkwy,Bee Cave,5,82.4,76,94,2026-02-04,94,Restaurant & Food Service,BC - Plate By Dzintra
12392666,PF - Pecan St. Station Deli & Grill,1005 W Pecan St,Pflugerville,5,82.4,74,88,2025-11-20,85,Restaurant & Food Service,PF - Pecan St. Station Deli & Grill
10095005,"Nomad Bar, The",1211 Corona Dr,Austin,3,82.33,75,89,2026-04-16,89,Restaurant & Food Service,"Nomad Bar, The"
11744364,El Chilito Tacos y Cafe,4501 Menchaca Rd,Austin,3,82.33,77,93,2026-02-23,77,Restaurant & Food Service,El Chilito Tacos y Cafe
12185647,Man Pasand Supermarket-Kitchen,13945 N US 183 Hwy NB Service Rd Unit 89,Austin,3,82.33,79,85,2026-04-09,79,Restaurant & Food Service,Man Pasand Supermarket-Kitchen
12186165,SV - Luv Thai Cuisine,5207 Brodie Ln Ste 200,Sunset Valley,6,82.33,71,88,2025-08-27,76,Restaurant & Food Service,SV - Luv Thai Cuisine
12395866,Tso Chinese Delivery,2407 S Congress Ave Ste F,Austin,3,82.33,73,88,2025-04-08,73,Restaurant & Food Service,Tso Chinese Delivery
12397692,Dizzy Rooster,306 E 6th St,Austin,3,82.33,79,85,2026-05-11,79,Restaurant & Food Service,Dizzy Rooster
12397997,PF - Willie's Grill & Icehouse,19200 Colorado Sand Dr,Pflugerville,7,82.29,73,95,2025-12-17,73,Restaurant & Food Service,PF - Willie's Grill & Icehouse
11560433,JD's Market Decker,6506 Decker Ln Bldg 2,Austin,4,82.25,77,88,2026-04-22,83,Restaurant & Food Service,JD's Market Decker
12398363,LW - Grill-On Tex Mex Restaurant,107 S FM 620 Rd,Lakeway,4,82.25,78,87,2026-01-05,84,Restaurant & Food Service,LW - Grill-On Tex Mex Restaurant
10067123,Masala Wok,1100 Center Ridge Dr Ste 300,Austin,5,82.2,77,90,2026-02-26,79,Restaurant & Food Service,Masala Wok
10668551,East Side Market,1208 E 11th St,Austin,5,82.2,79,85,2026-04-22,85,Restaurant & Food Service,East Side Market
12186548,Ten Ten,501 W 6th St,Austin,6,82.17,72,88,2026-01-22,83,Restaurant & Food Service,Ten Ten
11286173,Los Catrachos & Sport Bar,1015 E Braker Ln Ste 6,Austin,7,82.14,76,89,2026-03-16,84,Restaurant & Food Service,Los Catrachos & Sport Bar
2801171,Pok-E-Jo's,2121 W Parmer Ln,Austin,3,82,70,88,2025-06-30,70,Restaurant & Food Service,Pok-E-Jo's
2802351,Midori,13435 N US 183 Hwy NB Service Rd Unit 301,Austin,4,82,79,86,2026-05-05,82,Restaurant & Food Service,Midori
2802794,La Hacienda Taqueria Bakery,7517 Cameron Rd,Austin,7,82,64,92,2026-02-20,92,Restaurant & Food Service,La Hacienda Taqueria Bakery
10498758,Hopdoddy Burger Bar,1400 S Congress Ave # 190,Austin,3,82,76,86,2026-04-03,86,Restaurant & Food Service,Hopdoddy Burger Bar
10808945,Mr. Catfish and More,1144 Airport Blvd,Austin,6,82,75,88,2026-02-19,75,Restaurant & Food Service,Mr. Catfish and More
10825112,Michi Ramen 2,6519 N Lamar Blvd,Austin,4,82,75,93,2026-04-07,75,Restaurant & Food Service,Michi Ramen
10978878,District,5900 W Slaughter Ln Ste D500,Austin,3,82,78,84,2025-11-14,78,Restaurant & Food Service,District
11631913,Twin Panda,9231 W Parmer Ln Ste 101,Austin,4,82,77,91,2026-01-22,77,Restaurant & Food Service,Twin Panda
12392362,"Iron Bear, The",301 W 6th St,Austin,5,82,73,88,2026-04-06,88,Restaurant & Food Service,"Iron Bear, The"
12396438,La Superior Market #2 - Taqueria,111 W William Cannon Dr,Austin,3,82,79,86,2025-03-13,81,Restaurant & Food Service,La Superior Market #2 - Taqueria
12396854,Los Jarachos Dos,13609 N IH 35 Service Rd NB,Austin,3,82,80,84,2026-01-13,82,Restaurant & Food Service,Los Jarachos Dos
12397199,Sweet Memes Austin,3801 S Congress Ave Ste 109,Austin,3,82,73,88,2025-12-26,88,Restaurant & Food Service,Sweet Memes Austin
12399567,Rote Shaq,360 Nueces St Ste 80,Austin,4,82,75,87,2025-07-30,75,Restaurant & Food Service,Rote Shaq
12400142,Crunch N Munch,5816 N Interstate 35,Austin,4,82,79,86,2026-03-31,82,Restaurant & Food Service,Crunch N Munch
12400245,BC - Taco Margarita,3620 S FM 620 Rd Ste 350,Bee Cave,3,82,74,92,2025-11-21,92,Restaurant & Food Service,BC - Taco Margarita
10069013,Bread Basket- Texaco,12800 Pearce Ln,Del Valle,7,81.86,74,88,2025-09-03,86,Convenience & Fuel,Bread Basket- Texaco
10275866,Baguette House & Cafe,10901 N Lamar Blvd Unit 312,Austin,6,81.83,70,91,2026-01-15,70,Restaurant & Food Service,Baguette House & Cafe
2800486,Mr. Natural,1901 E Cesar Chavez St,Austin,5,81.8,76,87,2026-03-13,76,Restaurant & Food Service,Mr. Natural
2801111,Al's Food Mart,3503 Webberville Rd,Austin,4,81.75,76,86,2026-01-20,83,Convenience & Fuel,Al's Food Mart
2801501,Blind Pig Pub,317 E 6th St,Austin,4,81.75,79,88,2025-12-03,88,Restaurant & Food Service,Blind Pig Pub
10234230,"Mom's Convenience Store, Inc.",10900 W US 290 Hwy,Austin,4,81.75,77,86,2026-03-16,85,Convenience & Fuel,"Mom's Convenience Store, Inc."
10261963,BC - Rosie's Tamale House,13436 W SH 71,Bee Cave,4,81.75,77,90,2026-04-09,90,Restaurant & Food Service,BC - Rosie's Tamale House
10692933,Cafe Malta,3421 W William Cannon Dr Ste 127,Austin,4,81.75,76,86,2025-09-09,82,Restaurant & Food Service,Cafe Malta
10996299,Voodoo Room,419 E 6th St,Austin,4,81.75,78,86,2025-07-17,78,Restaurant & Food Service,Voodoo Room
12395700,Austin Fresh Burger Far West,7032 Wood Hollow Dr Unit 101,Austin,4,81.75,77,88,2025-08-11,88,Restaurant & Food Service,Austin Fresh Burger Far West
11309651,68 Degrees,2401 Lake Austin Blvd,Austin,7,81.71,72,85,2025-11-24,72,Restaurant & Food Service,68 Degrees
2802599,El Chilito,2219 Manor Rd,Austin,3,81.67,70,90,2026-02-09,85,Restaurant & Food Service,El Chilito
10006920,Taco More,9414 Parkfield Dr Unit 2,Austin,3,81.67,76,90,2025-12-17,76,Restaurant & Food Service,Taco More
11156887,"Terry Black's Barbecue, LLC",1003 Barton Springs Rd,Austin,3,81.67,77,87,2026-03-18,81,Restaurant & Food Service,"Terry Black's Barbecue, LLC"
11514048,Mariana's Kitchen,5510 S Ih 35 Ste 410,Austin,3,81.67,78,86,2025-04-23,86,Restaurant & Food Service,Mariana's Kitchen
11534774,Julie's Handmade Noodles,8557 Research NB Blvd Unit 110,Austin,6,81.67,71,86,2026-03-26,71,Restaurant & Food Service,Julie's Handmade Noodles
12179911,District Kitchen & Cocktails,7858 Shoal Creek Blvd Ste B,Austin,3,81.67,77,89,2026-03-27,89,Restaurant & Food Service,District Kitchen & Cocktails
2801537,Casa Garcia # 1,1901 W William Cannon Dr,Austin,5,81.6,76,87,2026-01-30,76,Restaurant & Food Service,Casa Garcia
12393681,Foodbox 11,11794 Jollyville Rd,Austin,5,81.6,70,90,2026-04-16,76,Restaurant & Food Service,Foodbox
10566326,Northland Shell,3310 Northland Dr,Austin,4,81.5,74,86,2026-01-16,83,Convenience & Fuel,Northland Shell
11008403,Haymaker,2310 Manor Rd,Austin,4,81.5,74,89,2025-06-17,78,Restaurant & Food Service,Haymaker
11649378,Super China,11657 Research NB Blvd Unit 107,Austin,4,81.5,72,90,2026-01-13,80,Restaurant & Food Service,Super China
12186435,Milk + Tea,1700 W Parmer Ln Ste 600,Austin,6,81.5,76,94,2026-02-18,82,Restaurant & Food Service,Milk + Tea
12394255,LA Crawfish,500 E Ben White Blvd Ste D200,Austin,4,81.5,79,85,2025-05-29,79,Restaurant & Food Service,LA Crawfish
11606623,Paul Martin's American Grill,3120 Palm Way Ste 130,Austin,5,81.4,73,92,2026-03-31,86,Restaurant & Food Service,Paul Martin's American Grill
11830055,Cisco's Restaurant Bakery & Bar,1511 E 6th St,Austin,5,81.4,71,89,2026-02-19,86,Restaurant & Food Service,Cisco's Restaurant Bakery & Bar
12129070,BC - Learn and Laugh Preschool,11715 Bee Cave Rd,Bee Cave,5,81.4,76,85,2025-04-24,80,School & Childcare,BC - Learn and Laugh Preschool
12397034,PF - Oriental Kitchen Restaurant,1100 Grand Avenue Pkwy Ste 116,Pflugerville,5,81.4,76,87,2026-03-04,76,Restaurant & Food Service,PF - Oriental Kitchen Restaurant
2800743,Pho Van,8557 Research NB Blvd Unit 120,Austin,3,81.33,70,91,2025-12-16,91,Restaurant & Food Service,Pho Van
11617653,Los Mangos Ice Cream,4410 E Riverside Dr Ste 190,Austin,3,81.33,77,85,2026-05-06,85,Restaurant & Food Service,Los Mangos Ice Cream
12094553,El Huarache Mexican Restaurant,2113 W Wells Branch,Austin,3,81.33,80,82,2026-05-05,80,Restaurant & Food Service,El Huarache Mexican Restaurant
12396509,LW - Bluefin Sushi & Ramen,2422 S FM 620 Rd Ste A100,Lakeway,3,81.33,78,83,2026-04-13,83,Restaurant & Food Service,LW - Bluefin Sushi & Ramen
12398015,Mighty Mo's,2716 1/2 Guadalupe St,Austin,3,81.33,72,95,2026-01-29,72,Restaurant & Food Service,Mighty Mo's
12397184,First Chinese BBQ,10901 N Lamar Blvd Ste D401,Austin,7,81.29,65,91,2026-03-18,75,Restaurant & Food Service,First Chinese BBQ
10369442,"Old Pecan St. Cafe @ Copper Tank, The",504 Trinity St,Austin,4,81.25,74,85,2026-02-26,85,Restaurant & Food Service,"Old Pecan St. Cafe @ Copper Tank, The"
11358586,La Reyna Bakery,5200 E William Cannon Dr Ste 101,Austin,4,81.25,73,94,2025-06-03,81,Restaurant & Food Service,La Reyna Bakery
11654390,Bread Basket,5200 Ross Rd,Del Valle,4,81.25,74,89,2026-05-07,74,Restaurant & Food Service,Bread Basket
11827559,LW - CraigO's Pizza & Pastaria,2501 S FM 620 Rd Ste 100,Lakeway,4,81.25,77,88,2026-02-25,81,Restaurant & Food Service,LW - CraigO's Pizza & Pastaria
11957552,Waffle House #1623,7809 E Ben White Blvd,Austin,4,81.25,76,86,2026-03-17,85,Restaurant & Food Service,Waffle House
12186103,BC- Artemis Mediterranean Grill,4025 S FM 620 Rd Unit 200,Bee Cave,5,81.2,78,85,2025-12-11,85,Restaurant & Food Service,BC- Artemis Mediterranean Grill
12393115,Rosen's Bagel - Republic Square,422 Guadalupe St Unit C,Austin,5,81.2,73,86,2025-11-24,86,Restaurant & Food Service,Rosen's Bagel - Republic Square
11175645,LW - Santa Catarina,1310 S FM 620 Rd,Lakeway,6,81.17,73,87,2026-04-17,84,Restaurant & Food Service,LW - Santa Catarina
2801266,Shoppers Food Mart,1901 E Martin Luther King Jr Blvd,Austin,3,81,79,83,2025-12-26,79,Convenience & Fuel,Shoppers Food Mart
2801484,Jester Market,6507 Jester Blvd,Austin,3,81,77,84,2026-02-04,84,Restaurant & Food Service,Jester Market
2803608,Pak-N-Save,753 Montopolis Dr,Austin,5,81,78,84,2026-01-27,82,Restaurant & Food Service,Pak-N-Save
10634138,"LW - League,The",1310 S FM 620 Rd,Lakeway,3,81,76,88,2025-05-29,88,Restaurant & Food Service,"LW - League,The"
10779388,Taco More Restaurant,2015 E Riverside Dr Unit A,Austin,4,81,74,89,2026-02-23,76,Restaurant & Food Service,Taco More Restaurant
11632199,Market Express,13600 N FM 973,Manor,7,81,77,86,2026-04-14,79,Restaurant & Food Service,Market Express
11688052,Cedar Corner Store,1401 Cedar Ave,Austin,3,81,70,95,2025-05-02,95,Convenience & Fuel,Cedar Corner Store
11753835,BC - Snack Max # 6,13006 W SH 71,Bee Cave,6,81,70,90,2025-11-19,84,Restaurant & Food Service,BC - Snack Max
11823575,Gabriela's Downtown,900 E 7th St,Austin,3,81,66,92,2025-06-06,85,Restaurant & Food Service,Gabriela's Downtown
11961644,Santo Patio Dry Creek,5496 E SH 71 EB,Austin,3,81,76,84,2025-11-13,83,Restaurant & Food Service,Santo Patio Dry Creek
11987780,Sunrise Market,6303 Cameron Rd,Austin,4,81,71,90,2025-06-10,76,Restaurant & Food Service,Sunrise Market
12117759,Comedor,501 Colorado St,Austin,4,81,77,86,2026-04-15,78,Restaurant & Food Service,Comedor
12185836,El Pollo Rico #13,110 E William Cannon Dr,Austin,3,81,73,88,2025-05-20,88,Restaurant & Food Service,El Pollo Rico
12395066,Mi Lindo Michoacan Restaurant,11800 n Lamar Blvd,Austin,6,81,75,85,2025-09-24,75,Restaurant & Food Service,Mi Lindo Michoacan Restaurant
10253011,Pad Thai,1201 Barbara Jordan Blvd Ste 1220,Austin,8,80.88,66,94,2026-02-25,80,Restaurant & Food Service,Pad Thai
2801839,Texas Chili Parlor,1409 Lavaca St,Austin,7,80.86,77,85,2026-02-25,77,Restaurant & Food Service,Texas Chili Parlor
2800409,Pearl Street Co-Op,2000 Pearl St,Austin,6,80.83,75,84,2026-04-27,75,Restaurant & Food Service,Pearl Street Co-Op
2803758,Tomgro Grocery,1313 Montopolis Dr,Austin,6,80.83,76,87,2026-01-08,81,Grocery,Tomgro Grocery
2803821,Shahi Food Market,12410 N Lamar Blvd,Austin,4,80.75,72,100,2026-04-10,75,Restaurant & Food Service,Shahi Food Market
10249266,Chuy Panaderia,8716 Research SB Blvd Unit 290,Austin,4,80.75,70,88,2026-05-22,80,Restaurant & Food Service,Chuy Panaderia
10535930,Mai Thai,207 San Jacinto Blvd Ste 201,Austin,4,80.75,74,89,2026-01-22,74,Restaurant & Food Service,Mai Thai
12397459,LW - Don Mario Mexican Restaurant,1113 N FM 620 Rd,Lakeway,4,80.75,76,87,2025-06-16,76,Restaurant & Food Service,LW - Don Mario Mexican Restaurant
12185712,Austin Manna Restaurant,6808 N Lamar Blvd Unit 120,Austin,3,80.67,79,83,2026-04-29,80,Restaurant & Food Service,Austin Manna Restaurant
12392316,PF - Piccadilly Market,428 Grand Avenue Pkwy Ste 100,Pflugerville,6,80.67,73,85,2026-02-24,73,Restaurant & Food Service,PF - Piccadilly Market
12397202,Los Mangos Ice Cream,6610 S Congress Ave,Austin,6,80.67,77,87,2026-04-06,81,Restaurant & Food Service,Los Mangos Ice Cream
12397248,Golden Hour,7731 Menchaca Rd Ste 100,Austin,3,80.67,73,91,2026-02-20,73,Restaurant & Food Service,Golden Hour
12398682,Carve American Grille,2613 Perseverance Dr,Austin,3,80.67,70,88,2026-02-17,70,Restaurant & Food Service,Carve American Grille
2801619,Asia Chinese Restaurant,1931 E Ben White Blvd,Austin,5,80.6,73,87,2026-03-03,79,Restaurant & Food Service,Asia Chinese Restaurant
12393418,Kabobzi Mediterranean Grill,2909 Guadalupe St,Austin,5,80.6,72,87,2026-03-04,85,Restaurant & Food Service,Kabobzi Mediterranean Grill
12394373,BC - Simply Pho House,12913 Galleria Cir Unit 100,Bee Cave,5,80.6,76,86,2026-04-09,76,Restaurant & Food Service,BC - Simply Pho House
12394030,Dollar Slice Club,2300 Guadalupe St Unit 100,Austin,7,80.57,74,87,2025-07-14,81,Restaurant & Food Service,Dollar Slice Club
2800673,Springhill Restaurant,2505 W Pecan St,Pflugerville,4,80.5,76,89,2025-07-09,76,Restaurant & Food Service,Springhill Restaurant
10522382,Don Juan Mexican Restaurant,2506 E Ben White Blvd,Austin,4,80.5,75,83,2025-07-22,81,Restaurant & Food Service,Don Juan Mexican Restaurant
12395225,Punch Bowl Social,522 Congress Ave Ste 110,Austin,6,80.5,75,85,2026-04-09,84,Restaurant & Food Service,Punch Bowl Social
11860342,BC - Bon Japanese Cuisine,3500 S FM 620 Rd Unit 100,Bee Cave,5,80.4,77,82,2026-05-20,81,Restaurant & Food Service,BC - Bon Japanese Cuisine
12396654,BC - Woody's Tavern and Grill,12801 Shops Pkwy Ste 100,Bee Cave,5,80.4,72,90,2025-11-24,81,Restaurant & Food Service,BC - Woody's Tavern and Grill
10292321,Del Valle Donuts,12800 Pearce Ln Ste E,Del Valle,3,80.33,74,88,2025-12-31,88,Restaurant & Food Service,Del Valle Donuts
12394321,Teal House Coffee and Bakery,2304 S Congress Ave,Austin,3,80.33,76,84,2026-02-06,76,Restaurant & Food Service,Teal House Coffee and Bakery
12397335,Doubletree Club Hotel,1617 N IH 35 Service Rd NB,Austin,3,80.33,74,91,2026-05-20,74,Restaurant & Food Service,Doubletree Club Hotel
10047654,Angie's Mexican Restaurant,1307 E 7th St,Austin,4,80.25,72,90,2026-04-20,77,Restaurant & Food Service,Angie's Mexican Restaurant
10359753,Gloria's Restaurant #11,3309 Esperanza Xing Ste 100,Austin,4,80.25,75,86,2026-04-07,75,Restaurant & Food Service,Gloria's Restaurant
11051473,MN - Carnicerias Lafogata,216 E Parsons St,Manor,8,80.25,76,85,2026-04-17,81,Restaurant & Food Service,MN - Carnicerias Lafogata
11108861,Crown Donuts,10700 Anderson Mill Rd Ste 102,Austin,4,80.25,76,85,2026-03-25,85,Restaurant & Food Service,Crown Donuts
11640394,Lazarus Brewing Operations,1902 E 6th St,Austin,4,80.25,72,90,2026-05-20,73,Restaurant & Food Service,Lazarus Brewing Operations
12185812,1618 Asian Fusion,1618 E Riverside Dr,Austin,4,80.25,74,88,2025-12-03,75,Restaurant & Food Service,1618 Asian Fusion
2802112,Subs-N-More / AM Petroleum,3926 Ed Bluestein Blvd,Austin,5,80.2,76,86,2025-05-20,81,Restaurant & Food Service,Subs-N-More
2803097,MN - Texas Traditional BBQ,910 Caldwell St,Manor,5,80.2,77,84,2025-12-08,81,Restaurant & Food Service,MN - Texas Traditional BBQ
12392397,PF- El Rincon,200 E Pecan St,Pflugerville,5,80.2,71,87,2026-04-01,80,Restaurant & Food Service,PF- El Rincon
12393831,BC - Urban Air,3944 S FM 620 Rd Ste 5,Bee Cave,5,80.2,71,96,2026-05-22,96,Restaurant & Food Service,BC - Urban Air
2800407,21st St. College House,707 W 21st St,Austin,6,80.17,74,87,2026-04-28,79,School & Childcare,21st St. College House
11248234,La Mexicana Supermercado-Kitchen/Deli,14236 FM 969 Rd,Austin,6,80.17,77,88,2026-04-20,79,Grocery,La Mexicana Supermercado-Kitchen
2800634,Austin Club,110 E 9th St,Austin,4,80,77,84,2025-11-03,77,Restaurant & Food Service,Austin Club
2800807,Palazio,501 E Ben White Blvd,Austin,4,80,74,84,2026-01-05,79,Restaurant & Food Service,Palazio
2801085,Polvo's Restaurant & Bar,2004 S 1st St,Austin,3,80,70,90,2025-11-05,70,Restaurant & Food Service,Polvo's Restaurant & Bar
2803157,Roppolo's Pizzeria II,414 E 6th St,Austin,3,80,71,86,2025-05-29,71,Restaurant & Food Service,Roppolo's Pizzeria II
2803475,Metro Mart #4,1600 Ohlen Rd,Austin,3,80,76,85,2026-03-05,85,Restaurant & Food Service,Metro Mart
10624987,Lone Star Kolaches,3601 W William Cannon Dr Unit 400,Austin,5,80,76,83,2026-04-07,83,Restaurant & Food Service,Lone Star Kolaches
10842202,La Catedral Del Marisco #2,1605 E Oltorf St,Austin,5,80,59,91,2025-07-08,88,Restaurant & Food Service,La Catedral Del Marisco
11390130,Crazy Fruits # 2,6100 E Riverside Dr Ste 104,Austin,5,80,74,88,2025-12-01,74,Restaurant & Food Service,Crazy Fruits
12096228,Sweet Chive,2515 E Cesar Chavez St,Austin,3,80,72,86,2025-05-07,72,Restaurant & Food Service,Sweet Chive
12152177,Saltsprings Xpress,8101 Salt Springs Dr Unit A,Austin,3,80,75,84,2026-04-27,75,Restaurant & Food Service,Saltsprings Xpress
12392394,PF - Taste of Ethiopia,1100 Grand Avenue Pkwy,Pflugerville,4,80,78,82,2026-03-04,79,Restaurant & Food Service,PF - Taste of Ethiopia
12395446,Hook & Reel Cajun and Bar,9070 Research SB Blvd Unit 305,Austin,5,80,78,82,2026-03-04,82,Restaurant & Food Service,Hook & Reel Cajun and Bar
12397360,Rose Gose,5201 Airport Blvd,Austin,6,80,70,88,2026-05-08,88,Restaurant & Food Service,Rose Gose
12397832,La Fruta Feliz #2,7210 Cameron Rd,Austin,8,80,73,91,2026-05-01,84,Restaurant & Food Service,La Fruta Feliz
12401313,Usta Kababgy,9310 N Lamar Blvd,Austin,3,80,75,86,2026-01-13,75,Restaurant & Food Service,Usta Kababgy
11765624,Airport Xpress,2777 E SH 71 WB Service Rd,Austin,7,79.86,71,90,2025-09-04,87,Restaurant & Food Service,Airport Xpress
12394324,Un Taco Mas,2901 Spirit of Texas Dr,Austin,6,79.83,74,85,2026-01-29,74,Restaurant & Food Service,Un Taco Mas
12395570,WL - Izumi Sushi,701 S Capital of Texas Hwy Ste E550,West Lake Hills,6,79.83,70,86,2026-04-01,81,Restaurant & Food Service,WL - Izumi Sushi
12186104,AA Foodmart #2,6649 Manor Rd,Austin,5,79.8,73,86,2026-01-13,75,Restaurant & Food Service,AA Foodmart
12397065,BC - Tadashi,12820 Hill Country Blvd Ste E-105,Bee Cave,5,79.8,74,85,2025-12-11,85,Restaurant & Food Service,BC - Tadashi
2802336,Santa Rita #1,1206 W 38th St Unit B,Austin,4,79.75,71,89,2026-03-03,71,Restaurant & Food Service,Santa Rita
11792053,Johnny Carino's,9500 S Interstate 35 Ste B,Austin,4,79.75,73,84,2025-08-28,79,Restaurant & Food Service,Johnny Carino's
12395224,Punch Bowl Social,11310 Domain Dr Ste 100,Austin,4,79.75,74,84,2025-12-30,83,Restaurant & Food Service,Punch Bowl Social
12394093,Pho Thaison,1908 Guadalupe St,Austin,7,79.71,74,84,2026-02-05,74,Restaurant & Food Service,Pho Thaison
12396088,Mi TrailitaY Mas,5706 Manor Rd Ste E,Austin,7,79.71,67,88,2026-03-20,86,Restaurant & Food Service,Mi TrailitaY Mas
2802282,Costa del Sol,7901 Cameron Rd,Austin,3,79.67,70,89,2026-01-15,89,Restaurant & Food Service,Costa del Sol
10961298,La Mancha Tex Mex Tavern,2203 Hancock Dr,Austin,3,79.67,71,85,2026-01-21,71,Restaurant & Food Service,La Mancha Tex Mex Tavern
11042912,Antojitos Hondurenos,7901 Cameron Rd Ste 5C,Austin,3,79.67,70,85,2026-03-10,84,Restaurant & Food Service,Antojitos Hondurenos
11080084,Southside Flying Pizza,1222 S Lamar Blvd,Austin,3,79.67,73,83,2026-02-18,83,Restaurant & Food Service,Southside Flying Pizza
12186538,Thai Taste,7010 W SH 71 Unit 180,Austin,3,79.67,71,88,2025-07-10,80,Restaurant & Food Service,Thai Taste
12393111,Rancho Grande Supermercado,4604 Teri Rd,Austin,3,79.67,74,87,2025-06-23,87,Grocery,Rancho Grande Supermercado
12394747,Vaquero Taquero,603 Sabine St,Austin,3,79.67,78,81,2025-04-04,78,Restaurant & Food Service,Vaquero Taquero
12086983,Jaipur Palace,9900 S Interstate 35,Austin,5,79.6,72,99,2025-07-07,77,Restaurant & Food Service,Jaipur Palace
2800411,24 Diner,600 N Lamar Blvd,Austin,8,79.5,70,84,2026-05-06,70,Restaurant & Food Service,24 Diner
2801069,Hoover's Cooking,2002 Manor Rd,Austin,4,79.5,76,85,2025-06-05,79,Restaurant & Food Service,Hoover's Cooking
10014353,Craigo's Pizza & Pastaria,11215 S IH 35 Service Rd NB,Austin,4,79.5,74,83,2026-03-17,74,Restaurant & Food Service,Craigo's Pizza & Pastaria
10134394,Hoboken Pie,718 Red River St,Austin,4,79.5,70,88,2025-07-31,77,Restaurant & Food Service,Hoboken Pie
10545223,Maki Toki,1910 W Braker Ln Bldg 3,Austin,4,79.5,73,85,2025-08-27,85,Restaurant & Food Service,Maki Toki
11008369,Sushi Japon Steak House,807 Camino La Costa,Austin,4,79.5,71,88,2026-05-12,80,Restaurant & Food Service,Sushi Japon Steak House
11283607,Casa Colombia,2409 E 7th St,Austin,4,79.5,76,84,2025-07-03,84,Restaurant & Food Service,Casa Colombia
11302586,Saffron,3616 Far West Blvd Ste 113,Austin,4,79.5,77,85,2025-07-01,77,Restaurant & Food Service,Saffron
11565796,Halal Bros,1910 W Braker Ln,Austin,4,79.5,74,86,2025-11-04,80,Restaurant & Food Service,Halal Bros
10304661,BBG's,214 E 6th St,Austin,5,79.4,75,84,2026-04-14,75,Restaurant & Food Service,BBG's
11761706,Basil Thai,2501 W Parmer Ln Ste 550,Austin,5,79.4,70,90,2026-05-06,70,Restaurant & Food Service,Basil Thai
12185717,Sushi Junai Omakase,315 Congress Ave Ste 100,Austin,5,79.4,73,83,2025-07-24,83,Restaurant & Food Service,Sushi Junai Omakase
2801887,Friends,208 E 6th St,Austin,3,79.33,74,82,2025-08-22,82,Restaurant & Food Service,Friends
2802115,Waterloo Ice House,6203 N Capital of Texas Hwy,Austin,3,79.33,71,87,2025-12-22,80,Restaurant & Food Service,Waterloo Ice House
10192952,Riata Stop,12221 Riata Trace Pkwy Ste 190,Austin,3,79.33,72,90,2026-05-06,76,Restaurant & Food Service,Riata Stop
12186421,Pho Ha Noi,11331 N Lamar Blvd Unit F,Austin,6,79.33,76,87,2026-04-13,76,Restaurant & Food Service,Pho Ha Noi
12395630,Ski Shores Cafe,2905 Pearce Rd,Austin,3,79.33,76,85,2025-08-11,76,Restaurant & Food Service,Ski Shores Cafe
12398445,Weirdo,4829 S US 183 NB Hwy,Austin,3,79.33,72,86,2026-04-09,72,Restaurant & Food Service,Weirdo
11508097,MN - Eintrage Gas Station,12305 Eintrage Dr,Manor,10,79.3,70,87,2026-04-20,87,Convenience & Fuel,MN - Eintrage Gas Station
2802652,Jo's Coffee Shop,242 W 2nd St,Austin,4,79.25,75,86,2025-11-20,86,Restaurant & Food Service,Jo's Coffee Shop
2802849,Taverna,258 W 2nd St,Austin,4,79.25,73,84,2026-02-04,76,Restaurant & Food Service,Taverna
2802907,Pho Thai Son,3601 W William Cannon Dr,Austin,4,79.25,76,82,2025-07-24,77,Restaurant & Food Service,Pho Thai Son
12104875,Southwest Farmers Market,9821 N Interstate 35,Austin,4,79.25,72,82,2026-02-04,82,Restaurant & Food Service,Southwest Farmers Market
12392976,BBQ Chicken,6929 Airport Blvd Ste 158,Austin,4,79.25,70,90,2026-03-02,90,Restaurant & Food Service,BBQ Chicken
12397838,Shan China Bistro,1700 N FM 620 Rd Unit 110,Austin,4,79.25,73,85,2025-11-04,83,Restaurant & Food Service,Shan China Bistro
10188186,MN - Manor Express Mart,12130 N FM 973 Rd,Manor,9,79.22,72,90,2026-04-17,90,Restaurant & Food Service,MN - Manor Express Mart
10131172,Perry's Steakhouse & Grill,114 W 7th St,Austin,5,79.2,75,84,2026-04-15,75,Restaurant & Food Service,Perry's Steakhouse & Grill
11315789,Tutty Frutty,500 W William Cannon Dr Ste 506A,Austin,5,79.2,71,89,2025-12-31,71,Restaurant & Food Service,Tutty Frutty
11480207,Parlor & Yard,601 W 6th St,Austin,5,79.2,67,84,2026-04-02,67,Restaurant & Food Service,Parlor & Yard
12397946,Luby's Restaurant Corporation,415 W Slaughter Ln,Austin,5,79.2,74,89,2026-03-16,81,Restaurant & Food Service,Luby's Restaurant Corporation
10805076,E-Z Stop Groceries & Gas / Conoco,5029 Manor Rd,Austin,6,79.17,70,87,2026-03-10,87,Convenience & Fuel,E-Z Stop Groceries & Gas
11439895,La Michoacana Meat Market,9811 N Interstate 35 Unit 200,Austin,7,79.14,71,85,2026-01-13,71,Restaurant & Food Service,La Michoacana Meat Market
2800142,Delaware Subs Shop,8105 Mesa Dr,Austin,3,79,71,86,2025-11-05,80,Restaurant & Food Service,Delaware Subs Shop
11040224,Halal Bros,2712 Guadalupe St,Austin,7,79,66,88,2026-01-12,78,Restaurant & Food Service,Halal Bros
11102855,Crazy Fruits,729 E Slaughter Ln Ste F,Austin,5,79,70,85,2026-02-10,79,Restaurant & Food Service,Crazy Fruits
11720066,DK Maria's Legendary Tex Mex,1807 W Slaughter Ln,Austin,4,79,72,85,2025-07-11,77,Restaurant & Food Service,DK Maria's Legendary Tex Mex
11861148,LW - Hops & Thyme,2125 Lohmans Crossing Rd Ste 400,Austin,5,79,70,87,2026-03-24,80,Restaurant & Food Service,LW - Hops & Thyme
11922611,El Tacorrido,5303 Burnet Rd,Austin,4,79,70,92,2025-08-07,72,Restaurant & Food Service,El Tacorrido
12106038,7-Eleven Convenience Store #36565B,6111 FM 2244 Rd,Austin,3,79,73,88,2026-02-17,76,Convenience & Fuel,7-Eleven Convenience Store #36565B
12392534,House of Three Gorges,8557 Research NB Blvd Unit 144,Austin,4,79,72,82,2025-12-16,81,Restaurant & Food Service,House of Three Gorges
12393513,Casa Moreno's,5001 E Ben White Blvd,Austin,3,79,73,88,2025-09-15,88,Restaurant & Food Service,Casa Moreno's
12397677,Industry,1211 E 5th St Ste 150,Austin,4,79,73,89,2026-02-05,78,Restaurant & Food Service,Industry
10368062,Barton Creek Market,2700 Barton Creek Blvd,Austin,6,78.83,74,82,2026-01-28,75,Restaurant & Food Service,Barton Creek Market
2800956,Casino El Camino,517 E 6th St,Austin,5,78.8,70,83,2026-03-23,83,Restaurant & Food Service,Casino El Camino
2802011,Halcyon Coffeehouse,218 W 4th St,Austin,5,78.8,70,83,2026-05-11,82,Restaurant & Food Service,Halcyon Coffeehouse
10426958,Shu Shu's Asian Cuisine,8303 Burnet Rd Ste 1,Austin,5,78.8,61,91,2026-04-24,90,Restaurant & Food Service,Shu Shu's Asian Cuisine
12398877,Cosmic Saltillo,1300 E 4th St,Austin,5,78.8,61,89,2026-01-07,80,Restaurant & Food Service,Cosmic Saltillo
11085152,Bombshells,15119 N IH 35 NB Service Rd Bldg C,Austin,4,78.75,70,87,2025-11-05,75,Restaurant & Food Service,Bombshells
11299017,Hay Elotes,1200 W Howard Ln,Austin,4,78.75,73,87,2026-01-09,73,Restaurant & Food Service,Hay Elotes
11800993,Sushi Junai,1612 Lavaca St,Austin,8,78.75,72,87,2026-05-12,87,Restaurant & Food Service,Sushi Junai
10231076,La Michoacana Meat Market,2237 E Riverside Dr Ste 106,Austin,3,78.67,75,84,2025-11-24,75,Restaurant & Food Service,La Michoacana Meat Market
11322029,LW - Lakeway Resort and Spa,101 Lakeway Dr,Lakeway,3,78.67,76,84,2025-06-09,84,Restaurant & Food Service,LW - Lakeway Resort and Spa
12399626,SV - Kpot Korean BBQ & Hot Pot,5200 Brodie Ln,Sunset Valley,3,78.67,71,83,2025-12-02,83,Restaurant & Food Service,SV - Kpot Korean BBQ & Hot Pot
12399678,Saigon on 7th,2601 E 7th St Ste 101,Austin,3,78.67,71,84,2025-07-31,71,Restaurant & Food Service,Saigon on 7th
11901972,"Tavern, The",922 W 12th St,Austin,8,78.62,71,87,2026-02-18,74,Restaurant & Food Service,"Tavern, The"
12186587,PF - Shogun Japanese Grill & Sushi Bar,18816 Limestone Commercial Dr Ste 100,Pflugerville,5,78.6,75,82,2026-03-20,77,Restaurant & Food Service,PF - Shogun Japanese Grill & Sushi Bar
11089315,Casa Chapala Mexican Grill,9041 Research NB Blvd Unit 100,Austin,4,78.5,75,84,2026-02-23,75,Restaurant & Food Service,Casa Chapala Mexican Grill
11197918,WL- Kerbey Lane Cafe -Westlake,701 S Capital of Texas Hwy Ste M,West Lake Hills,6,78.5,74,82,2025-11-24,74,Restaurant & Food Service,WL- Kerbey Lane Cafe -Westlake
11508340,"Little Darlin', The",6507 Circle S Rd,Austin,4,78.5,75,84,2025-07-15,75,Restaurant & Food Service,"Little Darlin', The"
11590806,Taste of Ethiopia Inc.,3801 S Congress Ave Ste 107,Austin,4,78.5,72,84,2025-12-26,72,Restaurant & Food Service,Taste of Ethiopia Inc.
11760178,Uncle Phan Restaurant LLC,10901 N Lamar Blvd Unit 311,Austin,4,78.5,72,84,2025-04-29,81,Restaurant & Food Service,Uncle Phan Restaurant LLC
12123841,Verdes Grill,16018 Hamilton Pool Rd,Austin,4,78.5,72,86,2026-02-04,79,Restaurant & Food Service,Verdes Grill
12394152,Asadas Grill & Cocktails,501 Canyon Ridge Dr,Austin,4,78.5,71,85,2026-03-02,85,Restaurant & Food Service,Asadas Grill & Cocktails
12399280,Cafe Java,11900 Metric Blvd Ste K,Austin,4,78.5,75,83,2026-04-13,83,Restaurant & Food Service,Cafe Java
2801169,Shakespeare's Pub,314 E 6th St,Austin,3,78.33,76,81,2025-09-19,76,Restaurant & Food Service,Shakespeare's Pub
2801526,Taqueria Arandinas,2100 E Riverside Dr,Austin,3,78.33,70,85,2025-06-04,70,Restaurant & Food Service,Taqueria Arandinas
10814832,El Secreto De La Abuela,817 Airport Blvd,Austin,6,78.33,63,92,2025-04-23,92,Restaurant & Food Service,El Secreto De La Abuela
11693814,Kinda Tropical,3501 E 7th St,Austin,3,78.33,70,86,2025-08-11,70,Restaurant & Food Service,Kinda Tropical
11795289,99 Ranch Market #107,6929 Airport Blvd,Austin,3,78.33,72,88,2026-02-10,88,Restaurant & Food Service,99 Ranch Market
12399770,Down South CaJJun Eats,15424 FM 1825,Pflugerville,3,78.33,71,83,2026-04-01,71,Restaurant & Food Service,Down South CaJJun Eats
12043989,Poco Loco Supermercado,1148 Airport Blvd,Austin,4,78.25,73,82,2025-07-02,79,Grocery,Poco Loco Supermercado
11663071,Super Mercado Mexicana (Market),701 Masterson Pass,Austin,5,78.2,75,85,2025-12-04,77,Restaurant & Food Service,Super Mercado Mexicana (Market)
12151234,Stassney Food Mart,5717 S Ih 35 Bldg D,Austin,5,78.2,72,83,2025-11-25,78,Convenience & Fuel,Stassney Food Mart
12186648,PF - Rowe Xpress,20205 FM 685,Pflugerville,5,78.2,71,89,2025-12-05,71,Restaurant & Food Service,PF - Rowe Xpress
2801965,Taqueria Arandinas,1011 Reinli St,Austin,6,78.17,71,84,2025-10-28,83,Restaurant & Food Service,Taqueria Arandinas
2800685,China Dynasty,2110 W Slaughter Ln Ste 101,Austin,3,78,76,82,2025-07-22,76,Restaurant & Food Service,China Dynasty
2800710,Jim's Coffee Shop #29,7101 W SH 71,Austin,3,78,77,79,2025-07-14,78,Restaurant & Food Service,Jim's Coffee Shop
10036105,Pho Thai Son,9500 S Interstate 35 Ste L,Austin,3,78,77,80,2025-07-22,77,Restaurant & Food Service,Pho Thai Son
11987074,Het Say,2121 E Oltorf St Ste 12B,Austin,3,78,74,83,2025-07-10,83,Restaurant & Food Service,Het Say
12392594,PF - Pita-Shack Baiti Food,616 FM 685 Ste A-108,Pflugerville,4,78,73,82,2026-03-10,79,Restaurant & Food Service,PF - Pita-Shack Baiti Food
12395656,Del Valle Market,3132 E SH 71 EB Service Rd,Austin,5,78,71,83,2026-04-14,80,Restaurant & Food Service,Del Valle Market
12396074,LW - Zest Indian Kitchen & Bar,2011 Main St Unit 400,Lakeway,5,78,71,84,2025-09-11,71,Restaurant & Food Service,LW - Zest Indian Kitchen & Bar
12397553,Revolucion Coffee + Juice,207 San Jacinto Blvd Ste 200,Austin,5,78,71,83,2025-07-15,78,Restaurant & Food Service,Revolucion Coffee + Juice
11832808,Native Grocery,705 Tillery St,Austin,4,77.75,73,85,2025-08-06,73,Grocery,Native Grocery
10239549,Balcones Club Restaurant,8600 Balcones Club Dr,Austin,3,77.67,74,80,2025-12-11,74,Restaurant & Food Service,Balcones Club Restaurant
11004160,Apple Mart,2101 Wickersham Ln Unit A,Austin,3,77.67,71,87,2025-08-12,87,Restaurant & Food Service,Apple Mart
11458502,Shanghai Chinese Restaurant,6718 Middle Fiskville Rd,Austin,3,77.67,73,82,2026-05-11,82,Restaurant & Food Service,Shanghai Chinese Restaurant
12392989,N'Star Donut,2406 W Parmer Ln Ste 98,Austin,3,77.67,75,80,2025-07-10,78,Restaurant & Food Service,N'Star Donut
12394186,Seven Spice,3901 Spicewood Springs Rd Bldg B,Austin,3,77.67,74,81,2026-01-12,78,Restaurant & Food Service,Seven Spice
12397850,Sharks Fish and Chicken,1075 Springdale Rd,Austin,3,77.67,73,86,2025-07-18,74,Restaurant & Food Service,Sharks Fish and Chicken
12400663,Weirdo,14125 The Lakes Blvd Ste 100,Pflugerville,3,77.67,71,82,2026-05-07,71,Restaurant & Food Service,Weirdo
12394289,Fourth & Co,208 W 4th St Ste D,Austin,5,77.6,73,86,2025-03-05,86,Restaurant & Food Service,Fourth & Co
11961643,LW - Belmont Village Lakeway,107 Bella Montagna Cir,Lakeway,4,77.5,74,80,2025-09-08,77,Restaurant & Food Service,LW - Belmont Village Lakeway
2801167,Casa Maria,4327 S 1st St,Austin,3,77.33,73,82,2025-07-31,77,Restaurant & Food Service,Casa Maria
10864575,Habesha Restaurant & Bar,1/2/6017 N IH 35 NB Service Rd,Austin,6,77.33,73,82,2026-04-17,75,Restaurant & Food Service,Habesha Restaurant & Bar
10926960,Rincon Catracho Restaurant,1729 E Riverside Dr Unit B,Austin,3,77.33,70,85,2025-11-20,70,Restaurant & Food Service,Rincon Catracho Restaurant
12079430,New Sitara Indian Cuisine,1779 Wells Branch Pkwy Ste 102,Austin,3,77.33,70,91,2026-04-14,70,Restaurant & Food Service,New Sitara Indian Cuisine
12186218,La Tapatia,13450 N US 183 Hwy SB Service Rd Unit 243,Austin,3,77.33,71,83,2026-01-23,78,Restaurant & Food Service,La Tapatia
10346733,Nanami Sushi Bar,9001 Brodie Ln Bldg B,Austin,4,77.25,70,83,2025-07-18,73,Restaurant & Food Service,Nanami Sushi Bar
11415852,San Juanita's Tacos,4619 S Congress Ave,Austin,4,77.25,70,80,2026-02-04,80,Restaurant & Food Service,San Juanita's Tacos
12186401,Bombay Express,13000 N IH 35 Service Rd SB,Austin,4,77.25,70,82,2026-01-30,70,Restaurant & Food Service,Bombay Express
12397278,Incredible Burger,11200 Lakeline Mall Dr Ste Vc6,Cedar Park,4,77.25,72,82,2026-04-21,82,Restaurant & Food Service,Incredible Burger
12400031,Dumpling World,4616 Triangle Ave Ste 203,Austin,5,77.2,60,86,2025-12-23,83,Restaurant & Food Service,Dumpling World
10116344,Pacific Star Oyster Bar,13507 N US 183 Hwy NB Service Rd,Austin,3,77,73,82,2026-04-01,76,Restaurant & Food Service,Pacific Star Oyster Bar
10298433,Don Dario's Mexican Restaurant & Cantina,8801 S Ih 35,Austin,4,77,73,81,2025-12-22,75,Restaurant & Food Service,Don Dario's Mexican Restaurant & Cantina
12392902,El Tacorrido,1701 E Riverside Dr,Austin,4,77,70,87,2025-11-19,70,Restaurant & Food Service,El Tacorrido
12393349,MN - Cafe 290,11011 E US 290 EB Hwy,Manor,6,77,71,82,2026-04-14,71,Restaurant & Food Service,MN - Cafe
12394343,Fat Dragon,8650 Spicewood Springs Rd Ste 109,Austin,4,77,75,79,2026-01-13,76,Restaurant & Food Service,Fat Dragon
12396408,Taqueria Siete Estrellas #2,9616 N Lamar Blvd Ste 147,Austin,3,77,71,81,2026-01-28,71,Restaurant & Food Service,Taqueria Siete Estrellas
12398090,Nasha Restaurant,8900 S Congress Ave Bldg 2 Unit 75,Austin,4,77,72,85,2026-01-08,74,Restaurant & Food Service,Nasha Restaurant
12044006,Poco Loco Supermercado,6305 Cameron Rd Ste 111,Austin,7,76.86,70,85,2026-02-06,78,Grocery,Poco Loco Supermercado
10723268,Hillside Farmacy,1209 E 11th St,Austin,4,76.75,70,86,2025-08-22,74,Restaurant & Food Service,Hillside Farmacy
12083373,Tsukimi,12400 N IH 35 Service Rd SB,Austin,4,76.75,71,81,2026-03-03,80,Restaurant & Food Service,Tsukimi
11074173,El Tacorrido,2316 S 1st St,Austin,3,76.67,73,80,2025-11-10,73,Restaurant & Food Service,El Tacorrido
11660209,La Casa Super Mercado,13015 Dessau Rd Bldg A,Austin,6,76.67,70,85,2025-12-09,77,Restaurant & Food Service,La Casa Super Mercado
11963565,Terry's Seafood,1805 Airport Blvd,Austin,3,76.67,72,81,2025-07-07,81,Restaurant & Food Service,Terry's Seafood
12023528,Wicked Wings,615 W Slaughter Ln Ste 108,Austin,3,76.67,70,85,2025-08-12,75,Restaurant & Food Service,Wicked Wings
12393912,Bamboo House Austin,7010 Easy Wind Dr Unit 100,Austin,3,76.67,73,82,2026-05-20,82,Restaurant & Food Service,Bamboo House Austin
12394883,Yoshiko Ramen & Sushi Bar,8900 S Congress Ave Bldg 2 Ste 200,Austin,3,76.67,72,81,2025-08-04,81,Restaurant & Food Service,Yoshiko Ramen & Sushi Bar
11258727,Poco Loco Supermercado - Grocery/Produce/Carniceria,611 W Ben White Blvd,Austin,5,76.6,74,80,2026-01-20,76,Grocery,Poco Loco Supermercado - Grocery
10969930,Elroy & Ross Market,7200 Elroy Rd,Del Valle,6,76.5,70,86,2026-05-20,79,Restaurant & Food Service,Elroy & Ross Market
11921170,Stop N Tote,2715 E 5th St,Austin,4,76.5,70,82,2026-05-20,82,Restaurant & Food Service,Stop N Tote
12393644,Trap House Caribean,310 Colorado St,Austin,4,76.5,70,81,2026-02-18,76,Restaurant & Food Service,Trap House Caribean
2801187,Perfect 10 Men's Club,16511 Bratton Ln,Austin,3,76.33,75,78,2026-01-13,76,Restaurant & Food Service,Perfect 10 Men's Club
2803909,Stop 71,8314 W SH 71,Austin,3,76.33,72,81,2025-06-23,81,Restaurant & Food Service,Stop
11363962,Saigon Cafe,5000 Hudson Bend Rd Apt B,Austin,3,76.33,74,79,2025-12-19,74,Restaurant & Food Service,Saigon Cafe
11566549,Fresa's Chicken,1703 S 1st St,Austin,3,76.33,75,79,2025-11-24,75,Restaurant & Food Service,Fresa's Chicken
12397899,La Mexicana Supermercado #5 (suite #100),2004 E William Cannon Dr Ste 100,Austin,3,76.33,72,80,2025-07-01,80,Grocery,La Mexicana Supermercado #5 (suite #100)
11140053,Lavallarta Restaurant,6628 S Congress Ave,Austin,4,76.25,72,82,2025-09-15,72,Restaurant & Food Service,Lavallarta Restaurant
12394816,"Pub, The",214 W 4th St Unit A,Austin,4,76.25,72,82,2025-12-04,73,Restaurant & Food Service,"Pub, The"
12395545,K BBQ,6929 Airport Blvd Ste 176,Austin,4,76.25,72,82,2026-05-22,75,Restaurant & Food Service,K BBQ
11111461,Numero 28 Pizzeria & Vineria,452 W 2nd St,Austin,5,76.2,74,80,2026-01-27,76,Restaurant & Food Service,Numero 28 Pizzeria & Vineria
11768063,Las Cazuelas #2,2700 W Pecan St,Pflugerville,5,76.2,71,82,2026-01-07,81,Restaurant & Food Service,Las Cazuelas
2801739,Las Cazuelas,1701 E Cesar Chavez St,Austin,4,76,70,86,2025-09-04,78,Restaurant & Food Service,Las Cazuelas
2803993,Han Yang Market,6808 N Lamar Blvd,Austin,3,76,70,82,2026-04-29,82,Restaurant & Food Service,Han Yang Market
10194799,Thai Cuisine,4101 W Parmer Ln,Austin,3,76,70,82,2026-03-19,76,Restaurant & Food Service,Thai Cuisine
12395539,Carmelas Lakeway,900 S FM 620 Rd,Lakeway,3,76,70,83,2025-05-27,75,Restaurant & Food Service,Carmelas Lakeway
12395568,Taqueria Chapala #3,6116 W US 290 WB Hwy,Austin,3,76,76,76,2025-11-26,76,Restaurant & Food Service,Taqueria Chapala
12397704,Mum Foods Smokehouse and Delicatessen,5811 Manor Rd,Austin,6,76,68,88,2026-05-07,70,Restaurant & Food Service,Mum Foods Smokehouse and Delicatessen
12399379,Machi Sushi,2200 S IH 35 Service Rd SB,Austin,4,76,70,82,2026-04-13,70,Restaurant & Food Service,Machi Sushi
10192867,La Fruta Feliz,3124 Manor Rd,Austin,7,75.86,64,86,2026-01-12,79,Restaurant & Food Service,La Fruta Feliz
11459172,Rusty Cannon Pub,730 W Stassney Ln Ste 120,Austin,4,75.75,74,79,2025-10-23,75,Restaurant & Food Service,Rusty Cannon Pub
10567002,Chuy's Bakery,801 E William Cannon Dr Ste 125,Austin,3,75.67,73,78,2025-07-07,78,Restaurant & Food Service,Chuy's Bakery
11465251,Pho Please,1920 E Riverside Dr Unit 140,Austin,3,75.67,71,83,2026-01-12,71,Restaurant & Food Service,Pho Please
12185905,La Playa,6400 S 1st St Ste C,Austin,3,75.67,70,81,2025-07-01,81,Restaurant & Food Service,La Playa
12124311,Hacienda Arandinas,9001 Brodie Ln,Austin,5,75.6,72,82,2026-03-25,72,Restaurant & Food Service,Hacienda Arandinas
12399509,China Kitchen,7112 Ed Bluestein Blvd,Austin,5,75.6,70,80,2026-04-21,75,Restaurant & Food Service,China Kitchen
11951793,Casa Arandinas,1700 Grand Avenue Pkwy,Pflugerville,4,75.5,70,81,2025-05-05,77,Restaurant & Food Service,Casa Arandinas
2803597,Step In Grocery,7309 Cameron Rd,Austin,7,75.43,66,86,2026-03-09,66,Grocery,Step In Grocery
12394241,MN - Taqueria Huentitan #2,12401 Tillgang Pass,Manor,8,75.38,70,87,2025-12-09,76,Restaurant & Food Service,MN - Taqueria Huentitan
10818868,Los Pepes Mexican Food,4700 Loyola Ln Ste 115,Austin,6,75.33,70,87,2026-03-11,78,Restaurant & Food Service,Los Pepes Mexican Food
12122077,Hunan Ranch,14900 Avery Ranch Blvd Unit 300,Austin,3,75.33,70,86,2026-01-22,70,Restaurant & Food Service,Hunan Ranch
12185622,Onion Creek Country Club,2510 Onion Creek Pkwy,Austin,3,75.33,72,79,2025-06-18,79,Restaurant & Food Service,Onion Creek Country Club
12185900,Joy East Chinese Buffet,2410 E Riverside Dr Unit 200,Austin,3,75.33,71,78,2025-08-25,78,Restaurant & Food Service,Joy East Chinese Buffet
12394158,PF - Fogonero,800 W Pecan St Ste A,Pflugerville,6,75.33,63,83,2025-11-19,83,Restaurant & Food Service,PF - Fogonero
12399216,Pearl Dive Oyster Bar,1611 W 5th St Ste 105,Austin,3,75.33,71,78,2025-02-18,77,Restaurant & Food Service,Pearl Dive Oyster Bar
12401905,Tian Tian Golden Palace Seafood and Dim Sum,10901 N Lamar Blvd Ste A1,Austin,3,75.33,68,81,2026-05-01,77,Restaurant & Food Service,Tian Tian Golden Palace Seafood and Dim Sum
11016302,Biryani Pot Indian Cuisine,12407 N Mopac NB Expy Unit 200,Austin,4,75.25,65,82,2025-11-25,72,Restaurant & Food Service,Biryani Pot Indian Cuisine
12392473,PF - T- Jin China Diner,18816 Limestone Commercial Dr Ste 300,Pflugerville,4,75.25,71,79,2025-06-18,72,Restaurant & Food Service,PF - T- Jin China Diner
12392456,SIP PHO,512 W 29th St,Austin,5,75.2,70,82,2025-11-10,73,Restaurant & Food Service,SIP PHO
10290366,Mi Pueblo Meat Market,6575 Decker Ln Unit 101,Austin,8,75,60,87,2026-02-18,76,Restaurant & Food Service,Mi Pueblo Meat Market
11055998,Poco Loco Supermercado - Deli & Bakery,611 W Ben White Blvd,Austin,5,75,70,86,2026-01-20,72,Grocery,Poco Loco Supermercado - Deli & Bakery
12397247,Taqueria Chapala # 4,717 E Ben White Blvd,Austin,3,75,73,79,2025-07-01,79,Restaurant & Food Service,Taqueria Chapala
11551657,LW - Sakura Sushi & Bar,1945 Medical Dr Bldg 500,Lakeway,5,74.8,70,78,2026-04-29,78,Restaurant & Food Service,LW - Sakura Sushi & Bar
10554382,Buffet King,5451 N Interstate 35,Austin,8,74.75,63,85,2026-01-07,75,Restaurant & Food Service,Buffet King
11436892,La Mexicana,5717 S Ih 35,Austin,4,74.75,71,78,2025-07-24,76,Restaurant & Food Service,La Mexicana
11442537,Sushi Junai 2,2500 W Parmer Ln Ste 100,Austin,4,74.75,72,81,2026-01-13,81,Restaurant & Food Service,Sushi Junai
11087574,RW - Chinatown,2712 Bee Caves Rd,Rollingwood,7,74.71,69,82,2026-01-28,82,Restaurant & Food Service,RW - Chinatown
10189519,Chen's Noodle House,8650 Spicewood Springs Rd Ste 127,Austin,3,74.67,69,79,2025-06-30,79,Restaurant & Food Service,Chen's Noodle House
11425295,Fujian Grand China Buffet,8709 N Interstate 35,Austin,6,74.67,72,78,2026-02-24,75,Restaurant & Food Service,Fujian Grand China Buffet
11565893,La Moreliana Meat Market #2,1909 E William Cannon Dr Ste 100,Austin,3,74.67,70,78,2025-06-03,76,Restaurant & Food Service,La Moreliana Meat Market
11809263,China's Family Restaurant,1914 Guadalupe St Bldg B,Austin,7,74.43,70,80,2025-12-08,72,Restaurant & Food Service,China's Family Restaurant
12395516,SV - Bluefin Sushi Bar & Ramen,5400 Brodie Ln Ste 1200,Sunset Valley,5,74.4,71,84,2025-05-21,84,Restaurant & Food Service,SV - Bluefin Sushi Bar & Ramen
11480984,BC - Cafe Blue,12800 Hill Country Blvd Ste 115,Bee Cave,6,74.33,61,81,2026-04-24,76,Restaurant & Food Service,BC - Cafe Blue
11674086,Moreliana Meat Market,5405 S Pleasant Valley Rd Ste 106,Austin,3,74.33,72,76,2025-11-07,75,Restaurant & Food Service,Moreliana Meat Market
12397132,Fresh Bowl,1021 E Parmer Ln,Austin,9,74.33,60,82,2026-04-29,76,Restaurant & Food Service,Fresh Bowl
12185739,TFS Food & Beverage,3615 S Congress Ave,Austin,4,74.25,71,77,2026-01-15,71,Restaurant & Food Service,TFS Food & Beverage
2802827,El Borrego de Oro,3900 S Congress Ave,Austin,5,74.2,66,79,2026-04-02,79,Restaurant & Food Service,El Borrego de Oro
10140128,Las Lomas Mexican Restaurant,730 W Stassney Ln Ste 130,Austin,4,74,68,84,2026-02-12,70,Restaurant & Food Service,Las Lomas Mexican Restaurant
11053973,Star Market,7930 Thaxton Rd,Austin,4,74,65,85,2025-12-29,85,Restaurant & Food Service,Star Market
11242428,La Catedral Del Marisco #3,4118 S Ih 35,Austin,4,74,61,80,2025-05-21,80,Restaurant & Food Service,La Catedral Del Marisco
11367975,H & C Food Service,1914 Guadalupe St Bldg A,Austin,7,74,70,79,2025-12-08,71,Restaurant & Food Service,H & C Food Service
12397252,K-Bop,2002 Guadalupe St Ste B,Austin,7,74,57,80,2025-12-12,78,Restaurant & Food Service,K-Bop
12399101,Sapori Italian Roots,800 Brazos St Ste 215,Austin,3,74,72,78,2026-02-03,72,Restaurant & Food Service,Sapori Italian Roots
12399838,MN - Neu Hub #5,13600 E US 290 WB Hwy,Manor,5,74,71,80,2025-12-08,75,Restaurant & Food Service,MN - Neu Hub
11838617,Polvos Mexican Rest,360 Nueces St Ste 10,Austin,6,73.83,66,87,2026-02-04,74,Restaurant & Food Service,Polvos Mexican Rest
12020096,888 Pan Asian Restaurant,2400 E Oltorf St Ste 1A,Austin,5,73.8,70,77,2026-03-04,71,Restaurant & Food Service,888 Pan Asian Restaurant
12397837,Tandoori Lounge,3601 W William Cannon Dr Unit 450,Austin,4,73.75,71,80,2025-08-21,72,Restaurant & Food Service,Tandoori Lounge
10740929,Odaku,2501 W Parmer Ln Ste 500,Austin,3,73.67,71,77,2026-01-16,77,Restaurant & Food Service,Odaku
12394774,Regios Tacos al Vapor y Mas,10001 W Parmer Ln,Austin,3,73.67,70,79,2026-05-18,79,Restaurant & Food Service,Regios Tacos al Vapor y Mas
12398879,Yamas,5308 Balcones Dr,Austin,3,73.67,70,76,2026-01-06,75,Restaurant & Food Service,Yamas
2800820,Tan My Restaurant,1601 Ohlen Rd,Austin,5,73.6,63,79,2026-03-03,76,Restaurant & Food Service,Tan My Restaurant
2802223,Wing's N More,1200 W Howard Ln,Austin,5,73.6,71,77,2026-03-26,77,Restaurant & Food Service,Wing's N More
2802982,Taqueria Morelos,3100 S US 183 SB Hwy,Austin,5,73.6,60,83,2025-02-26,83,Restaurant & Food Service,Taqueria Morelos
11935418,Kawa Asian Kitchen,5145 FM 620 N # 110,Austin,5,73.6,62,84,2026-03-05,76,Restaurant & Food Service,Kawa Asian Kitchen
12395563,Ichi Umi Sushi,9503 Research NB Blvd Unit 500,Austin,5,73.6,68,87,2026-04-10,70,Restaurant & Food Service,Ichi Umi Sushi
10988489,Hunan Lion Restaurant,4006 S Lamar SB Blvd Unit 1000,Austin,4,73.5,70,78,2025-12-17,74,Restaurant & Food Service,Hunan Lion Restaurant
11841772,Xian Noodles,3401 Esperanza Xing,Austin,3,73.33,68,77,2025-09-03,68,Restaurant & Food Service,Xian Noodles
12399110,SouthIndiaKitchen LLC,2121 W Parmer Ln Ste 114A,Austin,3,73.33,62,87,2026-03-12,71,Restaurant & Food Service,SouthIndiaKitchen LLC
2801611,Hai Ky,1931 E Oltorf St,Austin,5,73,57,81,2025-07-17,81,Restaurant & Food Service,Hai Ky
11813541,Pho with US,9900 S Interstate 35,Austin,3,73,70,78,2025-08-04,70,Restaurant & Food Service,Pho with US
12185607,969 Xpress Mart,8602 FM 969 Rd,Austin,6,73,71,77,2026-03-10,72,Restaurant & Food Service,969 Xpress Mart
12395665,Taquerias Arandinas,700 W William Cannon Dr,Austin,3,73,71,76,2025-12-29,71,Restaurant & Food Service,Taquerias Arandinas
2803494,Best Stop Food Market,1130 Airport Blvd,Austin,6,72.83,64,81,2025-10-08,81,Restaurant & Food Service,Best Stop Food Market
12395869,Amigos Supermercado,1200 W Howard Ln Ste K,Austin,5,72.8,66,87,2026-04-28,66,Grocery,Amigos Supermercado
10739509,INKA Chicken,1707 Wells Branch Pkwy,Austin,3,72.67,70,77,2026-01-12,70,Restaurant & Food Service,INKA Chicken
10048610,Sesame Hill,6156 W US 290 WB Hwy Bldg A,Austin,4,72.5,72,73,2026-05-06,73,Restaurant & Food Service,Sesame Hill
12394425,Hacienda Jalisco Restaurant,8766 Research Blvd,Austin,4,72.5,63,78,2025-10-30,73,Restaurant & Food Service,Hacienda Jalisco Restaurant
12395723,Ebisu Japanese Restaurant,13376 N US 183 Hwy SB Service Rd Unit 400,Austin,4,72.5,59,83,2025-07-23,71,Restaurant & Food Service,Ebisu Japanese Restaurant
12399511,PF - Indian Craving's INC,15803 Windermere Dr Ste 206,Pflugerville,4,72.5,62,86,2026-05-06,72,Restaurant & Food Service,PF - Indian Craving's INC
11534672,Musashino Sushi Dokoro,2905 San Gabriel St Ste 200,Austin,3,72.33,58,84,2026-02-10,75,Restaurant & Food Service,Musashino Sushi Dokoro
11971067,Zaika,9025 Research NB Blvd Unit 100,Austin,3,72.33,60,80,2025-06-04,77,Restaurant & Food Service,Zaika
12145809,Man Pasand Supermarket # 4,12625 N IH 35 Service Rd NB,Austin,6,72.33,66,78,2026-03-20,73,Restaurant & Food Service,Man Pasand Supermarket
12186097,Desi Brothers,2506 W Parmer Ln Ste 170,Austin,3,72.33,70,75,2026-04-16,75,Restaurant & Food Service,Desi Brothers
11687146,Whip In,1950 S IH 35 Service Rd SB,Austin,4,72.25,62,78,2025-06-25,73,Restaurant & Food Service,Whip In
12396044,Bombay to Kathmandu Kitchen LLC,6700 Middle Fiskville Rd Ste 406,Austin,4,72.25,61,80,2026-05-05,80,Restaurant & Food Service,Bombay to Kathmandu Kitchen LLC
12397703,Ho Ho Chinese Restaurant,13000 N IH 35 Service Rd SB,Austin,4,72.25,62,80,2026-02-05,74,Restaurant & Food Service,Ho Ho Chinese Restaurant
11596584,Wing Daddy's Sauce House,9811 S Ih 35,Austin,4,71.75,65,77,2025-05-06,77,Restaurant & Food Service,Wing Daddy's Sauce House
11819983,Pho Phi Vietnamese Noodles and Grill,1700 W Parmer Ln Ste 610,Austin,4,71.75,68,78,2026-04-17,71,Restaurant & Food Service,Pho Phi Vietnamese Noodles and Grill
10647346,LW - Lakeway Market,2114 Lakeway Blvd Ste 100,Lakeway,5,71.6,70,74,2026-03-02,74,Restaurant & Food Service,LW - Lakeway Market
11798933,Buffet Palace,4608 West Gate Blvd,Austin,10,71.5,57,82,2026-04-30,70,Restaurant & Food Service,Buffet Palace
11711242,Fruttilandia,5200 E William Cannon Dr,Austin,3,71.33,62,78,2025-03-13,74,Restaurant & Food Service,Fruttilandia
12392684,India Gate,12636 Research SB Blvd Unit 110,Austin,4,70.75,65,77,2026-02-12,70,Restaurant & Food Service,India Gate
12398119,Gang Nam Korean BBQ,701 E Stassney Ln Ste C,Austin,4,70.25,63,77,2025-10-01,77,Restaurant & Food Service,Gang Nam Korean BBQ
11394723,Biryani & Co.,11150 Research SB Blvd Unit 210A,Austin,3,70,67,73,2026-03-12,73,Restaurant & Food Service,Biryani & Co.
12399989,Hunan Bistro,10700 Anderson Mill Rd Ste 105,Austin,3,69.33,66,71,2025-12-03,71,Restaurant & Food Service,Hunan Bistro
12399866,Special Noodle,13729 N US 183 Hwy NB,Austin,3,67.67,59,74,2026-01-21,70,Restaurant & Food Service,Special Noodle
